Price,Close,High,Low,Open,Volume
Ticker,BND,BND,BND,BND,BND
Date,,,,,
2015-01-02,59.405372619628906,59.43412360871732,59.240055803293124,59.24724492148784,2218800
2015-01-05,59.577903747558594,59.599465629554665,59.44133784999248,59.47008885388499,5820100
2015-01-06,59.750362396240234,59.930051931818156,59.67848767874696,59.67848767874696,3887600
2015-01-07,59.78633117675781,59.858205928729916,59.69289454756328,59.75758017923055,2433400
2015-01-08,59.69291687011719,59.736040640688444,59.63541485355942,59.736040640688444,1873400
2015-01-09,59.79352951049805,59.86540427354515,59.6569636221235,59.664152743536086,1646100
2015-01-12,59.87257766723633,59.89413954211715,59.800697439378276,59.8366375533073,4397900
2015-01-13,59.930110931396484,59.99480207940974,59.822301490865804,59.87979803125056,2223400
2015-01-14,60.066650390625,60.17446526732634,60.05227763278795,60.1169632685933,2481200
2015-01-15,60.33260726928711,60.34698003051823,60.05229181388376,60.05229181388376,4214500
2015-01-16,60.152923583984375,60.26792213636673,60.07385968010528,60.239171127347575,3631300
2015-01-20,60.08818817138672,60.253504980522244,60.06662630143214,60.16006289913208,3029500
2015-01-21,59.97321319580078,60.23196670399242,59.966024075103135,60.224777583294774,2473900
2015-01-22,59.98760986328125,60.10979754538082,59.92292420229721,60.10979754538082,2157400
2015-01-23,60.18170166015625,60.21044719840965,60.09544859430586,60.117010489844276,6255000
2015-01-26,60.10980224609375,60.1960552845122,60.0738675928573,60.18168251995662,7810500
2015-01-27,60.14573669433594,60.29667538452094,60.10979656080379,60.27511349787944,1154100
2015-01-28,60.361351013183594,60.44040941598354,60.102597472605204,60.11697023210709,1394600
2015-01-29,60.296627044677734,60.354129018752026,60.203190449574564,60.33256714939668,1551300
2015-01-30,60.6273193359375,60.6273193359375,60.45481871483598,60.51950439136309,10474400
2015-02-02,60.55527877807617,60.62729870369359,60.432844355049745,60.461647929482226,6070500
2015-02-03,60.368045806884766,60.49048027702723,60.33203308283335,60.44726940398171,1237200
2015-02-04,60.38961410522461,60.39681774455887,60.180752522665806,60.245574287140464,2945700
2015-02-05,60.2599983215332,60.324820109942756,60.21678745910609,60.274405605521494,2128200
2015-02-06,59.87105941772461,60.079920991384995,59.856657634436516,60.05111193004219,2907700
2015-02-09,59.849483489990234,59.98632522511425,59.820674414449954,59.97191793995945,1384600
2015-02-10,59.74141311645508,59.80623486919194,59.705405915837574,59.77742581183843,1447900
2015-02-11,59.74141311645508,59.813438507221775,59.69820227780773,59.77742581183843,1904000
2015-02-12,59.770259857177734,59.849483441156536,59.748654424232484,59.770259857177734,4662900
2015-02-13,59.63337707519531,59.79902226167492,59.63337707519531,59.79902226167492,1883000
2015-02-17,59.395755767822266,59.63342653137426,59.374150333821106,59.6190192455271,5281500
2015-02-18,59.5614013671875,59.647828598361535,59.41015783371016,59.482177778970375,3813000
2015-02-19,59.51096725463867,59.640605311315454,59.489361827653845,59.590190816761584,1322700
2015-02-20,59.52532958984375,59.69097473483182,59.43890245239542,59.5973494570022,3145800
2015-02-23,59.647804260253906,59.69821875084238,59.597389769665426,59.63340247498606,3952700
2015-02-24,59.89268112182617,59.9358919742396,59.54697781821595,59.64780680369235,2542200
2015-02-25,59.95033264160156,59.964739931595126,59.83510179550893,59.88551632094405,4934600
2015-02-26,59.78468704223633,59.95033241313282,59.777483397267,59.87831244775299,2187500
2015-02-27,59.83506393432617,59.85666936087431,59.72703130681778,59.79905122690081,4094400
2015-03-02,59.64167785644531,59.89424283960797,59.62724242569103,59.86537748360313,2476100
2015-03-03,59.569496154785156,59.68495203247437,59.5550607291354,59.627221340878876,2648100
2015-03-04,59.569496154785156,59.648874479353516,59.54063080898741,59.60557370790601,1425400
2015-03-05,59.605587005615234,59.663317710090155,59.533426377773075,59.58393936781288,1340800
2015-03-06,59.25918197631836,59.39628544396319,59.194233592276035,59.39628544396319,1580000
2015-03-09,59.33136749267578,59.3890981904126,59.30250214380738,59.374662763227214,1982300
2015-03-10,59.562286376953125,59.56950409073956,59.48290804180984,59.497337963880206,3766100
2015-03-11,59.62724685668945,59.67054764666632,59.54065628774398,59.562303929980345,4829700
2015-03-12,59.6705436706543,59.81486494628298,59.64167831442781,59.80043502092162,8421500
2015-03-13,59.61280059814453,59.72825649360823,59.59115296183901,59.61280059814454,2114500
2015-03-16,59.72822570800781,59.80039179916665,59.656065122348764,59.76430875358723,1203700
2015-03-17,59.778770446777344,59.77877044677735,59.706609822757876,59.735475173466206,1471300
2015-03-18,60.14683532714844,60.14683532714843,59.728295731941095,59.84375720875949,5534300
2015-03-19,59.966373443603516,60.12513006936736,59.93029589579416,60.11070015134381,1208100
2015-03-20,60.12517547607422,60.132393193287314,60.00250181097718,60.00250181097718,1011200
2015-03-23,60.15404510498047,60.16126282270538,60.05301907885379,60.15404510498047,1572700
2015-03-24,60.25503921508789,60.29112227909437,60.13236560627001,60.19009630647934,2300500
2015-03-25,60.161190032958984,60.32715880128571,60.146754614974746,60.32715880128571,1559900
2015-03-26,59.966373443603516,60.08183480979575,59.9086427605074,60.0746170980335,2342500
2015-03-27,60.02413558959961,60.10351394408934,59.9880525173756,60.0241355895996,6542300
2015-03-30,60.09627151489258,60.12513685970059,60.04575853785394,60.11070694004737,1634800
2015-03-31,60.161190032958984,60.2117029849061,60.06737633255802,60.110677081011865,1996000
2015-04-01,60.40061569213867,60.42954731546877,60.28488919881829,60.2993577695548,3132700
2015-04-02,60.32105255126953,60.42954475462404,60.29935521422717,60.422310469562355,791200
2015-04-06,60.371665954589844,60.47292384679178,60.313802725291225,60.46568956359414,1768800
2015-04-07,60.40787887573242,60.42234745471215,60.27046048430132,60.32108947443826,977400
2015-04-08,60.364471435546875,60.42233470296201,60.27767653442416,60.407866127035774,3470700
2015-04-09,60.23426818847656,60.37892632422197,60.1764049341784,60.37892632422197,1025400
2015-04-10,60.20536422729492,60.30662220977562,60.17643258685098,60.28492485897921,4290100
2015-04-13,60.219791412353516,60.28488341999942,60.176391222447194,60.24872303291027,6046400
2015-04-14,60.328304290771484,60.45848835069108,60.32107000361675,60.41509366405121,1398100
2015-04-15,60.386192321777344,60.451289902532736,60.364494967574565,60.42959254832996,1022400
2015-04-16,60.371665954589844,60.43675794894483,60.306568442093585,60.400597569239146,1289900
2015-04-17,60.472938537597656,60.50910444423045,60.32105166239657,60.357212050886766,1693900
2015-04-20,60.40787887573242,60.458507865869365,60.33555253527194,60.429581744202025,2463600
2015-04-21,60.33552551269531,60.40785182076289,60.29213083148349,60.37892571205074,1788000
2015-04-22,60.11130142211914,60.32105154025094,60.11130142211915,60.313817255310504,1501300
2015-04-23,60.227020263671875,60.29935207423678,60.13299663533686,60.16916254061931,5518000
2015-04-24,60.32105255126953,60.37891579547763,60.270423592123116,60.30658398114616,1597900
2015-04-27,60.27766418457031,60.34999601309214,60.23426950197223,60.34999601309214,1591400
2015-04-28,60.089637756347656,60.24152471635022,60.075169178359396,60.22705613836197,1217700
2015-04-29,59.901588439941406,59.973914779756626,59.82926210012619,59.90882272936673,1905200
2015-04-30,59.9666633605957,59.96666336059571,59.720747276325,59.80754216221065,4229900
2015-05-01,59.784751892089844,59.87895617745041,59.72677747244721,59.82822994244935,7173200
2015-05-04,59.69779586791992,59.857222772533994,59.68330502602113,59.83548374531307,1190000
2015-05-05,59.6036376953125,59.726829297387674,59.52392418132274,59.726829297387674,4175700
2015-05-06,59.436973571777344,59.567413389133144,59.3862472832918,59.567413389133144,3938900
2015-05-07,59.56015396118164,59.60363204514552,59.480440454748376,59.49493130648659,3602900
2015-05-08,59.71952819824219,59.82098065700103,59.67604462395672,59.77025442762161,1735900
2015-05-11,59.40793991088867,59.65432294558295,59.36445632396042,59.603596701454954,929200
2015-05-12,59.335506439208984,59.44420718179856,59.24130207763105,59.31376739644095,2139600
2015-05-13,59.306488037109375,59.53838578142513,59.27750634781643,59.50215037668916,2372000
2015-05-14,59.422447204589844,59.46592527480864,59.34998191130936,59.38621179357586,1485300
2015-05-15,59.66160583496094,59.690593066858824,59.52391786563329,59.538414245956815,1402700
2015-05-18,59.44416427612305,59.61083936495739,59.43691609084883,59.61083936495739,3747700
2015-05-19,59.31373596191406,59.400697615648504,59.24851886817311,59.277506086084585,4856500
2015-05-20,59.31373596191406,59.393449428984006,59.2630097127556,59.33547499316104,4097400
2015-05-21,59.502132415771484,59.53836780956968,59.386183578613156,59.42241897241135,2314100
2015-05-22,59.4659309387207,59.487669975900666,59.35723575282089,59.4659309387207,816600
2015-05-26,59.61086654663086,59.647096432031354,59.44419138179511,59.46593041878499,1178300
2015-05-27,59.639854431152344,59.668836128293776,59.52390552759456,59.625358053833615,2564500
2015-05-28,59.647125244140625,59.697851531202645,59.603647149159066,59.66162162830156,1073300
2015-05-29,59.668853759765625,59.75581546313017,59.632623863259305,59.726828228675316,2494300
2015-06-01,59.469852447509766,59.68043011948459,59.44080667828076,59.68043011948459,1362800
2015-06-02,59.3028678894043,59.419051019667926,59.2520391548931,59.397268067722635,1510000
2015-06-03,59.04146194458008,59.20121098024503,58.97611308812621,59.19394814955573,1390000
2015-06-04,59.186702728271484,59.25931442997644,59.10682819442072,59.12134831879462,1111300
2015-06-05,58.95426559448242,59.07044305874031,58.88891126966003,59.012351556656085,4115300
2015-06-08,59.0269775390625,59.06328063464199,58.98341160839912,59.01245186889473,4954500
2015-06-09,58.8526496887207,58.96156440695463,58.82360391722017,58.96156440695463,2883300
2015-06-10,58.729209899902344,58.816347223491746,58.69290683667637,58.75825567443214,1222800
2015-06-11,59.00516128540039,59.01241857647003,58.772800553084295,58.81636645916955,1815900
2015-06-12,58.961585998535156,59.12133503033054,58.90349997417759,58.93980304691151,1785100
2015-06-15,58.968841552734375,59.12859056481793,58.95432143341578,59.09228195664774,2082900
2015-06-16,59.12131118774414,59.12131118774414,58.98335070312592,59.06321964689739,2250700
2015-06-17,59.14316177368164,59.15768744546373,58.88901791670103,59.09233300228552,865700
2015-06-18,59.09954833984375,59.13585695019713,58.96158226840027,59.08502821965208,1210300
2015-06-19,59.266563415527344,59.288346366957846,59.186688900337856,59.215734682217345,1176700
2015-06-22,58.98336410522461,59.17215334600153,58.9688384467553,59.12132462118997,1020000
2015-06-23,58.84541320800781,58.983379299428954,58.81636742350247,58.84541320800781,1096000
2015-06-24,58.95426559448242,58.98331134552453,58.87439116409425,58.92521984344031,6836900
2015-06-25,58.87443923950195,58.961571023867386,58.84539346474178,58.932530789022294,2894500
2015-06-26,58.765525817871094,58.8018344255316,58.70743426158055,58.772788647386335,963000
2015-06-29,59.06325149536133,59.106822944448396,58.8744621956806,58.95433672243677,2168400
2015-06-30,59.00516128540039,59.164910327602115,58.99063562342741,59.00516128540039,1547800
2015-07-01,58.86180114746094,58.95638547794401,58.81087026934707,58.83997442127634,5399300
2015-07-02,59.00733184814453,59.06554016728537,58.978227688574115,58.978227688574115,1060100
2015-07-06,59.2110710144043,59.254730040788175,59.09465989650267,59.254730040788175,2210700
2015-07-07,59.26931381225586,59.494864300689734,59.26931381225586,59.43666148342184,4183200
2015-07-08,59.436649322509766,59.48758024660827,59.34205935557369,59.40026771198752,1967800
2015-07-09,59.240135192871094,59.35655178324052,59.21103104527873,59.341996933920065,1670900
2015-07-10,58.963687896728516,59.051000389525605,58.89820213936777,58.9491330390698,2038300
2015-07-13,58.825443267822266,58.94185992243818,58.81816583914586,58.83272069649866,2846500
2015-07-14,58.9345703125,58.98550120060459,58.9054661548616,58.9345703125,1567700
2015-07-15,59.101951599121094,59.12377834205801,58.920054673241935,58.94188141617885,2631000
2015-07-16,59.101951599121094,59.13832765366474,58.970985590445956,58.985534902052684,1063100
2015-07-17,59.10920715332031,59.16741548577727,59.08010298709184,59.11648458264046,807900
2015-07-20,59.02913284301758,59.094618561261576,58.99275682270284,59.072791838863054,1026900
2015-07-21,59.138301849365234,59.17468343908785,59.00733589783554,59.021890754145076,1422900
2015-07-22,59.16010284423828,59.24741529095516,59.15283097029848,59.16738026922689,1624100
2015-07-23,59.298343658447266,59.32744780612325,59.14555104643476,59.18920449242445,1178400
2015-07-24,59.33476638793945,59.378419864209064,59.29838479034649,59.36386500475091,804300
2015-07-27,59.45119094848633,59.45846837986062,59.37843328790449,59.436641636791435,2022800
2015-07-28,59.34931564331055,59.407523978986305,59.342038213587976,59.378419811148426,1434700
2015-07-29,59.298343658447266,59.35655195379924,59.25469021245757,59.3492745291181,1020500
2015-07-30,59.32023620605469,59.35661781878262,59.254755964410094,59.28386014438149,788000
2015-07-31,59.52393341064453,59.53848826967677,59.458453198156235,59.50210667314843,1589100
2015-08-03,59.661685943603516,59.67626535716649,59.5231564833317,59.566900286559196,2085800
2015-08-04,59.45759582519531,59.62528426784148,59.44301083559078,59.610704840780656,1007300
2015-08-05,59.362762451171875,59.39921933338862,59.28256176032644,59.38463435548623,2097000
2015-08-06,59.399269104003906,59.45759793940869,59.36281219123993,59.37739718136308,1173000
2015-08-07,59.523197174072266,59.57423350023955,59.45758142437535,59.49403276447063,1773800
2015-08-10,59.399269104003906,59.50134178469033,59.36281219123993,59.47946986204951,1173300
2015-08-11,59.62526321411133,59.705463940986185,59.57422689360384,59.59609880774394,1424200
2015-08-12,59.60342025756836,59.807565638779835,59.5888408285723,59.727364872940406,1029700
2015-08-13,59.47944259643555,59.603387142946126,59.457570683820904,59.545058334279496,845500
2015-08-14,59.45759582519531,59.54508351264768,59.42843140852996,59.45759582519532,2279800
2015-08-17,59.566932678222656,59.62526148927008,59.53777383524053,59.59609708374637,821900
2015-08-18,59.45759582519531,59.53779658038912,59.43571834078852,59.49404717411923,1083900
2015-08-19,59.66902160644531,59.69089908846702,59.36280360865854,59.39926051615163,1356600
2015-08-20,59.72004699707031,59.76379082393801,59.669005115669236,59.69088259164465,1536900
2015-08-21,59.81480026245117,59.851251580946105,59.69085576699808,59.76376396652701,3459200
2015-08-24,59.800254821777344,60.099185868784105,59.73463906758137,60.00440570298678,4751800
2015-08-25,59.60342025756836,59.727364872940406,59.49405507119237,59.727364872940406,5325500
2015-08-26,59.34821319580078,59.59610232072309,59.311756295057116,59.450285842832564,2742500
2015-08-27,59.42842102050781,59.50862176168261,59.31176337423801,59.3263483612931,2671000
2015-08-28,59.45759582519531,59.59611985117613,59.42843140852996,59.55966850225221,2723900
2015-08-31,59.37736129760742,59.566921554299434,59.37006880695295,59.55234213553103,3103700
2015-09-01,59.52202606201172,59.573167876142456,59.42704442574058,59.463576681850974,2577700
2015-09-02,59.478240966796875,59.54399239328501,59.41979153833345,59.46362582265887,1934700
2015-09-03,59.52202606201172,59.59508500019282,59.47088424788099,59.55855274408243,2503000
2015-09-04,59.668128967285156,59.69004608583638,59.529318691781306,59.62429473018271,1213800
2015-09-08,59.52202606201172,59.55855274408243,59.478191813911,59.55855274408243,1194600
2015-09-09,59.50745391845703,59.595128052034426,59.32480365403691,59.339418796655,4265400
2015-09-10,59.38323211669922,59.49282335147905,59.383232116699226,59.49282335147905,1889000
2015-09-11,59.50745391845703,59.56590334084196,59.48553677857361,59.536678629649494,1411500
2015-09-14,59.52202606201172,59.5877774341628,59.500108937961365,59.58047544217248,905900
2015-09-15,59.27363586425781,59.47090118497085,59.22249403556207,59.46359361685967,1697300
2015-09-16,59.237098693847656,59.28093294667875,59.178649307379345,59.229791127029046,1579000
2015-09-17,59.57321548461914,59.57321548461915,59.193299784000864,59.20791492774072,1833200
2015-09-18,59.74121856689453,59.74852613484379,59.60971021401354,59.63893491176944,1639800
2015-09-21,59.52202606201172,59.668143938373916,59.478191813911,59.63161725630321,933800
2015-09-22,59.631614685058594,59.748507866300116,59.60238999623835,59.61699955362875,1444000
2015-09-23,59.631614685058594,59.69005848865963,59.58047287313303,59.66083937387884,709000
2015-09-24,59.6535530090332,59.8069784993373,59.63893787240914,59.79236336271323,1454400
2015-09-25,59.5439338684082,59.638909915777454,59.5439338684082,59.61699279515677,1134000
2015-09-28,59.69737243652344,59.74120668742033,59.573171676288894,59.638923052634226,1305000
2015-09-29,59.74121856689453,59.82158509221298,59.690076739331985,59.704691875230516,1256600
2015-09-30,59.85811996459961,59.865427532867095,59.72661160599173,59.7558363050203,4432000
2015-10-01,59.89031219482422,60.00012320182435,59.88299555685208,59.94887880992027,2023700
2015-10-02,60.11722946166992,60.2782792031027,60.029379578437876,60.153829390770284,1770400
2015-10-05,59.88300704956055,60.04405689415353,59.88300704956055,60.04405689415353,4199900
2015-10-06,59.96355438232422,60.022115442598455,59.88302664107158,59.95623215533142,1925300
2015-10-07,59.96355438232422,60.007476573835575,59.88302664107158,59.93427105957574,1871000
2015-10-08,59.86836624145508,60.0074605911576,59.83908292650605,59.97085505116602,1118100
2015-10-09,59.86103820800781,59.912282607890965,59.7951549446812,59.7951549446812,1197400
2015-10-12,59.96355438232422,60.007476573835575,59.88302664107158,59.91230437859734,864100
2015-10-13,60.000160217285156,60.029443542898726,59.92695469586286,59.98552134709001,971700
2015-10-14,60.219722747802734,60.219722747802734,60.05866740898838,60.08795070561078,786300
2015-10-15,60.10264587402344,60.190495846201,60.073362549964244,60.13925142540317,2264300
2015-10-16,60.08061599731445,60.13918257838612,60.058654925716716,60.073293778376346,1241200
2015-10-19,60.08061599731445,60.11722150678839,60.01473278252126,60.08793821625255,840100
2015-10-20,59.98550796508789,60.01479128416873,59.95622464600706,59.98550796508789,1348200
2015-10-21,60.095272064208984,60.16116088309255,60.051349908432066,60.09527206420899,943500
2015-10-22,60.19776153564453,60.241683687870044,60.095267205088795,60.095267205088795,1101300
2015-10-23,60.04405212402344,60.087979882896185,60.029413261212824,60.087979882896185,1367100
2015-10-26,60.109947204589844,60.17583047190198,60.109947204589844,60.13190829369389,1512200
2015-10-27,60.12456512451172,60.234376117000295,60.12456512451172,60.21973725777073,929400
2015-10-28,59.95620346069336,60.161181036609094,59.94888123720493,60.161181036609094,2617300
2015-10-29,59.7439079284668,59.88300225858152,59.71462461764157,59.88300225858152,943200
2015-10-30,59.8757209777832,59.8757209777832,59.72930432353688,59.74394878157365,1474100
2015-11-02,59.757591247558594,59.81627915294716,59.72091550428077,59.74292206960481,2939200
2015-11-03,59.65487289428711,59.74290472681517,59.61085977641562,59.71356078263915,3997100
2015-11-04,59.69151306152344,59.74286352922485,59.5888121261206,59.70618222510332,3594400
2015-11-05,59.58152770996094,59.69156612336116,59.500833246586524,59.67689134995516,1715400
2015-11-06,59.346778869628906,59.43480511871227,59.295428358734966,59.4054667668751,1198700
2015-11-09,59.295406341552734,59.368763387479056,59.23671846609814,59.25138763656986,2358300
2015-11-10,59.36140823364258,59.44944002047161,59.30272037575656,59.36874561507388,1421000
2015-11-11,59.368751525878906,59.39809545774342,59.324738426473495,59.368751525878906,1303500
2015-11-12,59.37610626220703,59.46413248674575,59.37610626220703,59.449463314917416,1263900
2015-11-13,59.48611068725586,59.50812282968224,59.42742843113062,59.42742843113062,1583300
2015-11-16,59.48611068725586,59.56680508580748,59.45677235758409,59.50812282968224,949100
2015-11-17,59.55216979980469,59.59618291613281,59.390780910888395,59.4421314121995,1155900
2015-11-18,59.52281951904297,59.5595008432674,59.47146902319934,59.51548213484123,944100
2015-11-19,59.60352325439453,59.64020458434207,59.58885408048662,59.625529813648996,1085500
2015-11-20,59.588871002197266,59.65489069870854,59.56685883990676,59.65489069870854,1273800
2015-11-23,59.61087417602539,59.647549917516,59.53017970924505,59.57419283774835,1647300
2015-11-24,59.632877349853516,59.676890475854464,59.60353340025752,59.63287734985352,1361900
2015-11-25,59.640193939208984,59.68420704986203,59.618181787098294,59.662200494535504,904600
2015-11-27,59.66956329345703,59.7062446359215,59.647556726693175,59.69157545700796,516000
2015-11-30,59.640193939208984,59.69887622115166,59.61084999984556,59.662200494535504,6285200
2015-12-01,59.86587142944336,59.87321830865878,59.645341670276224,59.66739352453199,1780200
2015-12-02,59.79238510131836,59.84384692917746,59.74828137264748,59.83649443829654,1413700
2015-12-03,59.329288482666016,59.652730832751374,59.3072366148526,59.652730832751374,2510600
2015-12-04,59.56448745727539,59.57183994557627,59.38806699619147,59.446875685987884,3815200
2015-12-07,59.667396545410156,59.75560957520406,59.57183663602886,59.58653600350867,1543300
2015-12-08,59.68205642700195,59.74085946079617,59.62324778490695,59.72616010442282,1687300
2015-12-09,59.66005325317383,59.733561311602934,59.52038401634478,59.62329641980659,2076900
2015-12-10,59.652671813964844,59.70412799072284,59.63796684443248,59.70412799072284,2004100
2015-12-11,59.81437301635742,59.85112421140975,59.74085940965121,59.81437301635742,1994400
2015-12-14,59.535072326660156,59.73355021668934,59.527725447995614,59.689440903180454,2974600
2015-12-15,59.46893310546875,59.51303682278897,59.4101244101712,59.454228127491426,1806300
2015-12-16,59.40276336669922,59.54243259584091,59.31455594476136,59.44687268597321,2332700
2015-12-17,59.52774429321289,59.55714303378673,59.461583106156496,59.48363496573993,2290500
2015-12-18,59.66005325317383,59.66740013320298,59.55713524140665,59.608591443137556,3211500
2015-12-21,59.59385681152344,59.71147412205704,59.571804967873895,59.68206979442364,3158300
2015-12-22,59.51302719116211,59.57183587694202,59.49832782386961,59.56448338914329,2348600
2015-12-23,59.5203971862793,59.520397186279304,59.409818159339956,59.43193846415418,2538600
2015-12-24,59.56463623046875,59.586750912506965,59.49091312463026,59.52777467754951,1361700
2015-12-28,59.56463623046875,59.62360684114288,59.49828656007078,59.49828656007078,1580600
2015-12-29,59.38031768798828,59.513011355279694,59.350829581447826,59.513011355279694,2586600
2015-12-30,59.41719055175781,59.45405210151848,59.32135839637606,59.36558775666259,2367200
2015-12-31,59.535133361816406,59.57198928132044,59.44666903129926,59.513018685257606,2419700
2016-01-04,59.50566101074219,59.66046941193422,59.490914139609565,59.557263811139535,2750500
2016-01-05,59.57935333251953,59.638329543576866,59.490889015933526,59.535123986367054,1513600
2016-01-06,59.844764709472656,59.844764709472656,59.69732974685658,59.73418567536895,2391100
2016-01-07,59.85211944580078,59.85948725463141,59.68993766302219,59.800516662578644,2792900
2016-01-08,59.92585372924805,59.94796841051209,59.78578658219828,59.815274698644714,1405100
2016-01-11,59.675209045410156,59.83002306670007,59.675209045410156,59.79316151414852,2146900
2016-01-12,59.830047607421875,59.95536793864706,59.71209509030247,59.77107134886217,1645300
2016-01-13,59.977447509765625,60.04379154358338,59.830012573982415,59.859495061713226,2887800
2016-01-14,59.903709411621094,60.05851772816368,59.87422130976341,59.96267999105611,4545800
2016-01-15,60.00693130493164,60.095390010325005,59.97744319503989,60.08064876752007,1773900
2016-01-19,59.933204650878906,60.0069221021619,59.881601872552714,60.0069221021619,3856700
2016-01-20,59.999576568603516,60.1617584114067,59.933232518884196,60.10278217324488,7796900
2016-01-21,59.962711334228516,60.12489316707984,59.95534352312312,60.10277848519708,3062600
2016-01-22,59.940582275390625,59.95532914263091,59.859491378414894,59.94795570901076,3004100
2016-01-25,59.940582275390625,60.0290466059865,59.93321446605242,60.00693192940801,2164700
2016-01-26,60.02907943725586,60.05856756358221,59.94798849592964,60.01433818623519,2659100
2016-01-27,60.02907943725586,60.08068225225572,59.89638568092978,59.970103184603154,1734400
2016-01-28,60.07329177856445,60.10277989652834,59.984833048956204,60.0143211669201,1487600
2016-01-29,60.25022506713867,60.30182787142795,60.19124882672696,60.2723397512221,3634300
2016-02-01,60.12754821777344,60.30484866296549,60.08322451554531,60.22358478469423,2255300
2016-02-02,60.33442687988281,60.37136707258138,60.26794129656387,60.33442687988281,2554600
2016-02-03,60.37876892089844,60.52651845016327,60.25317562111175,60.32705602202743,3238200
2016-02-04,60.423065185546875,60.47477806091045,60.34919045449613,60.386125001881155,1179000
2016-02-05,60.3640251159668,60.43051638756896,60.28276113750109,60.35663594439178,2360200
2016-02-08,60.622581481933594,60.68168357389202,60.467442717756995,60.51915563914919,2519500
2016-02-09,60.61513137817383,60.74071895844691,60.55602935112314,60.733329795995694,2354500
2016-02-10,60.740753173828125,60.74814234044167,60.51912326568324,60.652100083313634,2553900
2016-02-11,60.77768325805664,61.00670231594783,60.74074870027452,60.947600259957696,1887700
2016-02-12,60.57823181152344,60.725981341916274,60.49696787892239,60.69643594486435,1474600
2016-02-16,60.48963928222656,60.52657951995617,60.43054279266372,60.497028457030275,1488800
2016-02-17,60.47480392456055,60.48957662257635,60.32705439927008,60.43786372509638,2158200
2016-02-18,60.6816520690918,60.689041235821705,60.474800490916536,60.474800490916536,1819100
2016-02-19,60.600372314453125,60.68902538320659,60.578210456335086,60.622534172571164,1862600
2016-02-22,60.61513137817383,60.64467675541965,60.55602935112314,60.61513137817383,1596900
2016-02-23,60.65208053588867,60.74812276206347,60.50433106893173,60.533882089579286,2243700
2016-02-24,60.6964111328125,60.94019719467518,60.659470947173396,60.755507539041666,2434300
2016-02-25,60.78506088256836,60.86632478505424,60.748126331799185,60.75550986018429,2407600
2016-02-26,60.72597122192383,60.733360388097054,60.60038357839079,60.6668748013851,1628400
2016-02-29,60.762916564941406,60.81462945997089,60.674263472198206,60.674263472198206,1827800
2016-03-01,60.559349060058594,60.82583730446296,60.50013384277848,60.82583730446296,2546300
2016-03-02,60.52233123779297,60.55934003712741,60.44090397260083,60.514927218881404,2137300
2016-03-03,60.551963806152344,60.655597518360295,60.5075453240534,60.53715576291478,2750500
2016-03-04,60.52233123779297,60.60375850298511,60.44090397260083,60.588950465161986,1147700
2016-03-07,60.50752258300781,60.537133010740455,60.455705746378584,60.48531617411123,1303200
2016-03-08,60.70737838745117,60.796204003766206,60.699974370221454,60.75179119560869,1713100
2016-03-09,60.6037712097168,60.70000088529676,60.581559148324935,60.61857360303185,2010000
2016-03-10,60.574134826660156,60.71477726954956,60.52231800083555,60.67036446101716,1785600
2016-03-11,60.49275207519531,60.62599624641174,60.49275207519531,60.62599624641174,1422300
2016-03-14,60.6259651184082,60.6777819557421,60.55194187187574,60.57414828107431,1534200
2016-03-15,60.56674575805664,60.70739388327034,60.5445393483096,60.6851874735233,1870200
2016-03-16,60.803627014160156,60.80362701416016,60.485321945178406,60.522336395278764,1402900
2016-03-17,60.93684768676758,60.95165007254627,60.8332140434868,60.85542044595983,1571000
2016-03-18,60.98870849609375,61.04052535510669,60.936891637080805,60.98870849609375,1219400
2016-03-21,60.877647399902344,60.922065867453455,60.85544098993273,60.922065867453455,1613600
2016-03-22,60.86284637451172,61.010892876038284,60.84063996404393,60.9886864655705,2150200
2016-03-23,60.99607849121094,61.00348250911501,60.87023842489621,60.899843201290686,1234500
2016-03-24,60.92205810546875,61.08490697370153,60.8554332364366,61.08490697370153,1752300
2016-03-28,60.95166015625,61.02568904022057,60.90724734395639,60.914651361875634,2369600
2016-03-29,61.203392028808594,61.247804874549175,61.0109269512408,61.03313337411109,1841800
2016-03-30,61.181156158447266,61.247775394993205,61.09972888203837,61.16634811858431,1624300
2016-03-31,61.29956817626953,61.38099542071433,61.210742562409926,61.232948965874826,3037600
2016-04-01,61.36857223510742,61.413078029366915,61.220210155184674,61.30922740313832,3027400
2016-04-04,61.36857223510742,61.46500334248121,61.346313678543005,61.3982389916573,1452400
2016-04-05,61.47983932495117,61.56143705750638,61.47983932495117,61.539184159434036,2149200
2016-04-06,61.45018005371094,61.50952490088941,61.420513289557825,61.49469151881285,1833100
2016-04-07,61.65046691894531,61.68013934225581,61.56886916970047,61.62821401632146,1533400
2016-04-08,61.59856414794922,61.62081705872121,61.546638803001876,61.61339753531783,1402100
2016-04-11,61.59107971191406,61.62075211481681,61.51690153437327,61.56140730901131,1214400
2016-04-12,61.49464416503906,61.553988966519235,61.43529936355888,61.50947753569322,2388000
2016-04-13,61.531776428222656,61.568868371739065,61.420511916545415,61.47243724180679,1749400
2016-04-14,61.47983932495117,61.5540231977722,61.45758642687883,61.531764640264946,1617200
2016-04-15,61.62078094482422,61.672706259339854,61.53918321352324,61.56143611125354,1181000
2016-04-18,61.59856414794922,61.59856414794922,61.539219279598505,61.58372510114247,1395400
2016-04-19,61.635616302490234,61.63561630249023,61.52435181026627,61.59853002489391,1163600
2016-04-20,61.465023040771484,61.68014388102533,61.465023040771484,61.650471455531374,2388600
2016-04-21,61.390830993652344,61.46500921097871,61.33148615601717,61.420503412469934,1683900
2016-04-22,61.36857223510742,61.479836720756154,61.353733197397816,61.43533092649666,5115300
2016-04-25,61.29438781738281,61.39823844268286,61.28697395802897,61.36115216760977,2483300
2016-04-26,61.205387115478516,61.32407114002968,61.1534617935932,61.32407114002968,1689600
2016-04-27,61.390830993652344,61.42791727259792,61.23505503943643,61.279560837945205,1456400
2016-04-28,61.50209045410156,61.54659624487075,61.3759812811985,61.40565369485603,1625800
2016-04-29,61.5466194152832,61.554038936349365,61.43534923703621,61.47244118293066,2856900
2016-05-02,61.438106536865234,61.52729444476571,61.4158038892449,61.52729444476571,2443700
2016-05-03,61.609039306640625,61.66106746421854,61.57187390666616,61.65363325009487,1765500
2016-05-04,61.631343841552734,61.69824043558731,61.56445291816274,61.64621227162468,2868300
2016-05-05,61.74283218383789,61.7651291575065,61.59418191228424,61.66107283329007,1270700
2016-05-06,61.71308517456055,61.76511332333076,61.66849123865548,61.74281635537823,1520600
2016-05-09,61.7576904296875,61.79485583018217,61.71309648560906,61.77255885814295,1373200
2016-05-10,61.7576904296875,61.80972425863762,61.71309648560906,61.7576904296875,1889300
2016-05-11,61.77254104614258,61.884031544834556,61.74280986844856,61.79483801175251,2381000
2016-05-12,61.779945373535156,61.8245392831837,61.735345793247035,61.765076956559255,1653300
2016-05-13,61.846885681152344,61.86918265380181,61.7576921199104,61.80972595028462,1397400
2016-05-16,61.71308517456055,61.80227871701359,61.70565096169539,61.80227871701359,3132000
2016-05-17,61.66851043701172,61.78742952666088,61.64621346211779,61.78742952666088,1735900
2016-05-18,61.378658294677734,61.63136498615401,61.33405865980517,61.63136498615401,1685900
2016-05-19,61.44554138183594,61.46040981510723,61.38607899004239,61.415810185939165,1464000
2016-05-20,61.44554138183594,61.51986653625497,61.40838163994932,61.43811283584609,2044000
2016-05-23,61.46037673950195,61.519833428652404,61.415777134335684,61.49010791939855,1310700
2016-05-24,61.43067169189453,61.46783142959078,61.36377509100903,61.46040288443862,2656800
2016-05-25,61.40835952758789,61.46781622732605,61.38605688571186,61.44551925609377,1474800
2016-05-26,61.5124397277832,61.557033687565095,61.44554311746442,61.482708531046626,1571700
2016-05-27,61.4901123046875,61.54956899807823,61.43064994065363,61.54214045555635,2045600
2016-05-31,61.542144775390625,61.60903568664165,61.39348885487133,61.43808846634889,1361400
2016-06-01,61.56376266479492,61.653132984032545,61.51907182293303,61.623340983538974,1625600
2016-06-02,61.6828727722168,61.73500730838978,61.61584508952508,61.63073823604382,1503200
2016-06-03,62.07020950317383,62.09255776518193,61.94359776300995,61.98083918411371,1964500
2016-06-06,61.97338104248047,62.0031730387225,61.913797049996404,61.988279881722626,1603100
2016-06-07,61.980812072753906,62.04039604755975,61.965913237932156,62.025497212738,1283100
2016-06-08,62.0552978515625,62.06274727001193,62.0031632868992,62.04040469690501,1374500
2016-06-09,62.11488723754883,62.16702180674689,62.0925446624985,62.16702180674689,1611200
2016-06-10,62.17447280883789,62.24894995498251,62.13723139464458,62.18191654588294,1575300
2016-06-13,62.189361572265625,62.248945557869256,62.174468416985526,62.23404672034754,1681500
2016-06-14,62.181949615478516,62.27877507097803,62.16705645122592,62.27877507097803,1524200
2016-06-15,62.323402404785156,62.37553695465169,62.21913330505208,62.23402645548262,1345100
2016-06-16,62.390464782714844,62.494739622645334,62.33088646563833,62.42770620285023,1111400
2016-06-17,62.30105209350586,62.36807978547087,62.25636128329013,62.34573722148253,1860800
2016-06-20,62.15956497192383,62.21169953490216,62.14467181774767,62.17446380834118,2347500
2016-06-21,62.07765197753906,62.18937054610631,62.062758820109906,62.17447738867715,1785100
2016-06-22,62.0999755859375,62.12976757393809,62.05529044505696,62.0999755859375,1337700
2016-06-23,61.988285064697266,62.09255421914141,61.98083564445333,62.018071381187525,1152800
2016-06-24,62.338340759277344,62.502193944028704,62.31599817631014,62.44260993462023,2030400
2016-06-27,62.65113067626953,62.6883664066241,62.569204114351,62.68092266989825,2465500
2016-06-28,62.72562026977539,62.74796284887131,62.65114311204133,62.74796284887131,2971800
2016-06-29,62.703277587890625,62.80754674499596,62.658586747529135,62.8000973245619,2425700
2016-06-30,62.785186767578125,62.86711332292155,62.7032602122347,62.718153366732906,3362300
2016-07-01,62.959800720214844,63.04188696273446,62.862786600882465,63.01203690242579,2531600
2016-07-05,63.17623519897461,63.21354351961561,63.04937096750146,63.131457243558536,3193800
2016-07-06,63.28814697265625,63.28814697265625,63.15382453312054,63.23591078468778,1936800
2016-07-07,63.183692932128906,63.25831526612189,63.11653453953096,63.183692932128906,2032500
2016-07-08,63.34782409667969,63.370210212920426,63.191115589679036,63.28066574795744,1748000
2016-07-11,63.16130447387695,63.31054913636351,63.13891834383586,63.28816300632242,2617100
2016-07-12,62.90757369995117,63.079204455076464,62.85533751013247,63.079204455076464,1775400
2016-07-13,63.019493103027344,63.079193221707875,63.00457092001555,63.06427103869608,1352500
2016-07-14,62.92251205444336,62.97474825768488,62.86281190979042,62.9075898649397,1621500
2016-07-15,62.72103500366211,62.8777436229329,62.683720987651185,62.8777436229329,2233900
2016-07-18,62.743385314941406,62.84039373053917,62.683685200735276,62.83292979293434,2155800
2016-07-19,62.84038543701172,62.85531331025123,62.76576315076066,62.8105353838482,1559600
2016-07-20,62.773250579833984,62.80310064416869,62.721014390577665,62.80310064416869,1688100
2016-07-21,62.84788513183594,62.8553490727024,62.64639858167238,62.72102660369961,2076000
2016-07-22,62.8553352355957,62.89264354507745,62.75085716642134,62.788171169220576,1612000
2016-07-25,62.81802749633789,62.89264981605941,62.78817742978567,62.85534150285768,1204600
2016-07-26,62.81058883666992,62.8852111864258,62.76581656548046,62.8852111864258,2385100
2016-07-27,62.997108459472656,62.997108459472656,62.83293597590881,62.847863852587416,1575400
2016-07-28,62.959800720214844,63.019495147515315,62.88517272278475,62.95233678180846,1418900
2016-07-29,63.16130447387695,63.16130447387695,63.01205981139039,63.04936813035256,2757900
2016-08-01,62.963165283203125,63.135137015013434,62.955686763270684,62.993073658493586,3705700
2016-08-02,62.9033317565918,62.9930568585339,62.843520726401515,62.94071864184379,4575700
2016-08-03,62.9033317565918,62.94071864184379,62.7911825097114,62.9033317565918,3472400
2016-08-04,63.01548767089844,63.09025573810722,62.98557930312735,63.0080091528462,1202000
2016-08-05,62.80611801147461,62.99304098174685,62.791166683804825,62.99304098174685,2018700
2016-08-08,62.81363296508789,62.85849267855627,62.71642931332019,62.77624606757114,1843100
2016-08-09,62.99309158325195,62.99309158325195,62.84355536868826,62.85102818630779,2262700
2016-08-10,63.075260162353516,63.09768999633898,62.993013634784255,63.03787330275517,1672200
2016-08-11,62.91082000732422,63.09774305362705,62.865960301631915,63.09774305362705,1760100
2016-08-12,63.05287170410156,63.15754813434569,63.037914668673764,63.112688436937525,1606000
2016-08-15,62.948184967041016,63.04538286365655,62.94070645055161,62.97061481207255,1942500
2016-08-16,62.918277740478516,62.9780944645994,62.88836937841807,62.97061594797509,2163100
2016-08-17,63.01548767089844,63.06034737033613,62.91828975397081,62.948198121741896,2024600
2016-08-18,63.082763671875,63.112672030518176,62.98556008017567,63.045376797462005,1750900
2016-08-19,62.95564270019531,63.00050808394907,62.86592334155842,62.97059972959167,1995100
2016-08-22,63.045440673828125,63.067870539426956,62.978151077031626,63.02301080822929,1388100
2016-08-23,63.075260162353516,63.1425496643099,63.04535181556162,63.13507685593733,1668300
2016-08-24,63.06781005859375,63.142578107036016,63.04538021450471,63.12762677912214,2083300
2016-08-25,63.00056838989258,63.090287834411484,62.993089868035746,63.04542811215203,1737800
2016-08-26,62.84349822998047,63.17247874379237,62.84349822998046,63.090232189230456,2874500
2016-08-29,63.06035232543945,63.06035232543945,62.94072454939297,62.978111438154045,1446800
2016-08-30,63.008018493652344,63.075313757223135,62.97811582588612,63.075313757223135,4750700
2016-08-31,62.963165283203125,63.06784174450008,62.963165283203125,63.03046055371648,1911900
2016-09-01,63.050048828125,63.07252297756832,62.855263340109055,62.855263340109055,3108600
2016-09-02,62.960174560546875,63.02759703891047,62.88525879046281,63.02759703891047,1797500
2016-09-06,63.147430419921875,63.192378712904585,62.945151670092514,63.00508653787185,4316100
2016-09-07,63.154911041259766,63.229826753107396,63.13992446946878,63.229826753107396,1849500
2016-09-08,62.91522979736328,63.087535506723995,62.8328207309013,63.05756805385535,3475600
2016-09-09,62.63800811767578,62.7878396016616,62.60804067773767,62.71292385966869,2888900
2016-09-12,62.66051483154297,62.690482287054294,62.56312488791195,62.59309234342327,3191000
2016-09-13,62.48069381713867,62.75788268054241,62.39828477242251,62.75788268054241,2669800
2016-09-14,62.56312561035156,62.630548099249815,62.480716535670744,62.495697405745545,2124500
2016-09-15,62.615516662597656,62.63799080741424,62.480666077995025,62.5331076544681,1817200
2016-09-16,62.667945861816406,62.69791328755417,62.593030155323014,62.667945861816406,1307800
2016-09-19,62.62300491333008,62.682939777293484,62.60053076826961,62.66046563223301,1558100
2016-09-20,62.63800811767578,62.75038458851751,62.63800811767578,62.6754688465246,1260900
2016-09-21,62.81780242919922,62.817802429199226,62.57806864300153,62.593055219722565,1979800
2016-09-22,62.94514846801758,63.00508333274798,62.8627451736424,62.88521931899048,1473900
2016-09-23,62.93019104003906,62.9901259270846,62.915210176130394,62.95266519375478,1441500
2016-09-26,63.03508377075195,63.05755792786767,62.967661299404824,62.990135456520534,1709200
2016-09-27,63.11001205444336,63.13248621601808,63.027602984864444,63.12499863929812,2458100
2016-09-28,63.11001205444336,63.15496609330022,63.06506373129392,63.11001205444336,2284600
2016-09-29,63.11751937866211,63.162467711804105,63.01263612419165,63.03511029076265,2886200
2016-09-30,63.03508377075195,63.13996698109613,62.94518142658283,63.11749282398042,1663600
2016-10-03,62.9682731628418,63.05834785329413,62.93074061015412,63.0133076447362,1509200
2016-10-04,62.75810241699219,62.9382460649333,62.750594761384505,62.93073840932562,1815500
2016-10-05,62.65304183959961,62.803160648546054,62.630524590924196,62.79565871676457,2666100
2016-10-06,62.63050079345703,62.72056975393555,62.58546058655447,62.64551037798235,1148500
2016-10-07,62.68299865722656,62.698008231150844,62.532874284687445,62.69050058085907,1783300
2016-10-10,62.615474700927734,62.622982355229354,62.53290768359688,62.58544981038358,1425500
2016-10-11,62.51791000366211,62.62299427724118,62.510402347931205,62.585461725250056,1476700
2016-10-12,62.55546951293945,62.57048483224647,62.4729081634165,62.525450327658234,1286400
2016-10-13,62.63050079345703,62.705560169410234,62.62299313786272,62.690544858221614,1625500
2016-10-14,62.50288391113281,62.64550071210318,62.49538198335932,62.55542603885941,1379900
2016-10-17,62.63800048828125,62.65301579893433,62.51039898104563,62.547931531015216,1008900
2016-10-18,62.720584869384766,62.728092526788394,62.57797373870387,62.585475669442815,1167300
2016-10-19,62.765621185302734,62.765621185302734,62.675546482052724,62.68305413898964,1546400
2016-10-20,62.728065490722656,62.81063250658181,62.69804060071367,62.77309996240503,1283200
2016-10-21,62.78065872192383,62.788166382203094,62.698091638852574,62.75063380747366,1018800
2016-10-24,62.690528869628906,62.788111187477654,62.637986747195676,62.788111187477654,1453900
2016-10-25,62.690528869628906,62.7505786457417,62.645494400875236,62.66050970823436,1462100
2016-10-26,62.577964782714844,62.6380088533565,62.55544181372738,62.59297436870929,1144500
2016-10-27,62.40532684326172,62.45036133064839,62.31525214182417,62.427844086955055,1848200
2016-10-28,62.37527847290039,62.43532825126389,62.352761237679594,62.36777081893944,1574400
2016-10-31,62.442832946777344,62.487867415085276,62.40530040541288,62.45784252732606,1664700
2016-11-01,62.42253875732422,62.475184042422605,62.294686741786116,62.3398096324688,1623500
2016-11-02,62.48271560668945,62.572961401299146,62.42254791834528,62.46767081565012,3138400
2016-11-03,62.44510269165039,62.52030942508776,62.4300636401253,62.467664137891006,2335700
2016-11-04,62.55788040161133,62.60300326866021,62.48267371056228,62.48267371056228,1047000
2016-11-07,62.47517776489258,62.542867832020825,62.467655371232745,62.542867832020825,1290000
2016-11-08,62.36237716674805,62.52031303746374,62.34733811435402,62.51279638021987,2509100
2016-11-09,61.745643615722656,62.129205256797114,61.68547595871028,62.046476162880985,3448800
2016-11-10,61.48242950439453,61.74565588374371,61.47490711129748,61.66292677339044,2836000
2016-11-11,61.36959457397461,61.542575125808135,61.34703314067082,61.45984604509245,1580900
2016-11-14,61.1364860534668,61.29442191217647,61.07631837265192,61.24929902051824,2079400
2016-11-15,61.2192268371582,61.31699503366951,61.19666538703306,61.241788287283356,2098100
2016-11-16,61.347049713134766,61.35457210556904,61.23423677823754,61.27184300250469,1629100
2016-11-17,61.098907470703125,61.2794105948401,61.08386841264594,61.249326740817274,1762200
2016-11-18,60.94852066040039,61.181663458909476,60.91843679318777,61.129018125765135,1561600
2016-11-21,60.94091033935547,61.03116181078706,60.91834890597324,60.99355559654823,2074000
2016-11-22,60.993595123291016,61.08384665320988,60.9710336752879,61.061285205206765,1866900
2016-11-23,60.835636138916016,60.9183652421043,60.69273937197185,60.835636138916016,1642900
2016-11-25,60.858219146728516,60.91086443669654,60.78301240933223,60.85070248952327,942700
2016-11-28,61.001121520996094,61.023682970479506,60.918392380952376,60.92591477674911,1352600
2016-11-29,61.04624938964844,61.09889468869778,60.91839734022965,60.925919736638775,1583600
2016-11-30,60.835636138916016,60.94844907398224,60.76795182061882,60.865719970793954,2372200
2016-12-01,60.60958480834961,60.677403292163184,60.489010949199184,60.64726557665362,2998200
2016-12-02,60.82813262939453,60.94116920735278,60.7452395221771,60.752776827182096,1951400
2016-12-05,60.90351104736328,60.971335319035596,60.692512423105086,60.737724771365755,2479500
2016-12-06,60.895931243896484,60.948680863150194,60.8657877829976,60.92607470479536,2337800
2016-12-07,61.03908920288086,61.08430150326306,60.963733452485435,60.98633960267654,4273100
2016-12-08,60.91855239868164,60.96377047580003,60.87334007084198,60.95623317140051,2323000
2016-12-09,60.7376823425293,60.926074661054066,60.68493272331346,60.888399646915495,2697000
2016-12-12,60.66986083984375,60.73014200931265,60.60957392109783,60.66232353768125,3464800
2016-12-13,60.7376823425293,60.813038120083746,60.64725770917488,60.775363105945175,4372500
2016-12-14,60.42875289916992,60.87335623909198,60.421215592768455,60.858287375569304,2971300
2016-12-15,60.33829116821289,60.48147116916127,60.33075386572159,60.436253103490735,2651200
2016-12-16,60.391056060791016,60.48901802084473,60.30816296025375,60.3985933651886,3080100
2016-12-19,60.54927062988281,60.586951381229426,60.46637757634064,60.5417333297584,2936800
2016-12-20,60.55683517456055,60.564372478075995,60.43626131542552,60.458873225971864,5853400
2016-12-21,60.64728546142578,60.662354324121274,60.57946120609623,60.61714198675486,2752300
2016-12-22,60.605690002441406,60.651017768356446,60.56791302154019,60.56791302154019,2851500
2016-12-23,60.63593292236328,60.71148114822619,60.63593292236328,60.71148114822619,2096800
2016-12-27,60.59058380126953,60.59058380126953,60.53014869448975,60.537699480363045,2178300
2016-12-28,60.74171829223633,60.794602641276875,60.57550869126268,60.62083648645122,4097100
2016-12-29,60.90788650512695,60.93055038732068,60.80211787891768,60.84744564330513,3115800
2016-12-30,61.036354064941406,61.06657451320705,60.907921482783294,60.91547227187885,2338200
2017-01-03,61.04387283325195,61.074087498854276,60.81722249353154,60.8549994714708,3312600
2017-01-04,61.08919143676758,61.10429876730376,61.00608670892681,61.07407834227469,3095000
2017-01-05,61.398963928222656,61.40652047832708,61.11943497790675,61.17987585082436,3890400
2017-01-06,61.157188415527344,61.29317745806586,61.157188415527344,61.270513578302314,2287900
2017-01-09,61.30832290649414,61.33098679821751,61.26298935908716,61.323430246322964,1785900
2017-01-10,61.293212890625,61.33098988804063,61.240328552619445,61.30076944290023,2250700
2017-01-11,61.323402404785156,61.51983231713996,61.240297663556504,61.30073852335146,2327600
2017-01-12,61.338531494140625,61.51229180640757,61.308311056363955,61.47452058215608,2981200
2017-01-13,61.240318298339844,61.308315729510156,61.12699885298862,61.28565184043991,2425000
2017-01-17,61.42921829223633,61.49721575281358,61.353670041343214,61.451882191108055,2188600
2017-01-18,61.11189270019531,61.35365048436826,61.10433614832609,61.35365048436826,1981700
2017-01-19,61.00611114501953,61.07410280560158,60.92300638389102,61.028775031880215,2121300
2017-01-20,61.05145263671875,61.081673080643064,60.90791273302868,60.94568396496383,1836300
2017-01-23,61.21764373779297,61.33852547704157,61.058990777998105,61.058990777998105,1490200
2017-01-24,61.127010345458984,61.232779023645385,61.05901290150449,61.17233813212154,2136000
2017-01-25,60.94567108154297,61.03633239415083,60.907899857592355,60.99855540624112,1897400
2017-01-26,60.96833801269531,60.99100766494844,60.832348918973494,60.90790289856513,2381600
2017-01-27,61.036354064941406,61.074125302302605,60.998577063619074,60.998577063619074,1768700
2017-01-30,61.021217346191406,61.111878655906224,61.006110009885056,61.02877389632403,2699500
2017-01-31,61.1496467590332,61.210081859437736,61.043878128377685,61.043878128377685,2857600
2017-02-01,61.0421257019043,61.13297554676304,60.943709368599684,60.98913140305637,2313400
2017-02-02,61.080013275146484,61.20871295755419,61.07244100678473,61.163290899280504,1745400
2017-02-03,61.095149993896484,61.27684977281496,61.027016908763215,61.21628317984214,2398900
2017-02-06,61.2844123840332,61.32984021386014,61.170857249335505,61.29198465166234,3238100
2017-02-07,61.38283920288086,61.435833528418726,61.24656725493374,61.29198931226668,5239300
2017-02-08,61.549381256103516,61.58723103711937,61.38282604698201,61.38282604698201,2172700
2017-02-09,61.38283920288086,61.48882785395659,61.344983637804546,61.42826126021381,3410400
2017-02-10,61.36766052246094,61.39037153849135,61.27681645833926,61.28438294638602,2011900
2017-02-13,61.29952621459961,61.329809493999505,61.23138739196361,61.307098478435826,1863000
2017-02-14,61.17081832885742,61.29951791692712,61.06482975327717,61.27680690443767,2178300
2017-02-15,61.072425842285156,61.110281398745826,61.0194315288084,61.02700379528992,1503700
2017-02-16,61.18600845336914,61.276858355553266,61.117875358692814,61.12544185191306,3290700
2017-02-17,61.329833984375,61.360117275867694,61.291978426022325,61.32226171751501,1520000
2017-02-21,61.32225036621094,61.3828169379849,61.24654503946658,61.27682832535356,1811300
2017-02-22,61.36009979248047,61.450943865126995,61.23139439632185,61.450943865126995,1965800
2017-02-23,61.47367858886719,61.473678588867195,61.420684267405754,61.4509675619477,1590500
2017-02-24,61.70081329345703,61.715952055915146,61.56454132753782,61.594824628403096,1703800
2017-02-27,61.572086334228516,61.67807495235346,61.54180304677189,61.67050268650269,2005600
2017-02-28,61.526668548583984,61.63266295994055,61.519102057445785,61.57209637515035,1975700
2017-03-01,61.27484130859375,61.29759657559852,61.221743756516254,61.27484130859376,2954300
2017-03-02,61.16105270385742,61.22932428483469,61.09278691007868,61.22173726757088,2077300
2017-03-03,61.20656967163086,61.20656967163086,61.085200542912276,61.16864037210666,2242600
2017-03-06,61.16864013671875,61.229324700844515,61.11554258990835,61.229324700844515,1880900
2017-03-07,61.05482482910156,61.16101986498209,61.05482482910156,61.13826461260704,1644800
2017-03-08,60.9107551574707,60.948678679448676,60.84248355839027,60.865238829017066,2172700
2017-03-09,60.72111892700195,60.81972702674022,60.698357869647026,60.80455877570354,2761300
2017-03-10,60.84246063232422,60.85763466515772,60.75902081333359,60.78936309180272,3430900
2017-03-13,60.72111892700195,60.842482296895206,60.70594488876534,60.77421648643024,2164600
2017-03-14,60.71352005004883,60.789372864817445,60.69834601477582,60.705933032412325,3620700
2017-03-15,61.09281921386719,61.100406235142756,60.78181500078625,60.80457606461296,2281200
2017-03-16,61.001766204833984,61.08520604153925,60.99418497400558,61.04728252579992,2617800
2017-03-17,61.12312316894531,61.145878431295955,61.03968334886098,61.03968334886098,1293000
2017-03-20,61.244529724121094,61.252116745992275,61.11557928832118,61.13074754486151,1510900
2017-03-21,61.38859939575195,61.38859939575195,61.18379628569511,61.21413277169127,2079000
2017-03-22,61.472068786621094,61.52516634346543,61.40379719227858,61.44172649882439,1339600
2017-03-23,61.44169235229492,61.51754513603131,61.35825255402597,61.49478987963004,1790300
2017-03-24,61.42655944824219,61.49482525671834,61.38863014095559,61.39621715985287,3736700
2017-03-27,61.555519104003906,61.60861666988199,61.510002770965094,61.59344262980217,1870300
2017-03-28,61.44169235229492,61.61615896336541,61.411350081361086,61.61615896336541,1990800
2017-03-29,61.563072204589844,61.563072204589844,61.4644583600063,61.47963239172567,1356800
2017-03-30,61.4644775390625,61.52516211048078,61.41896700409843,61.51757509225368,1403500
2017-03-31,61.5024299621582,61.51759821711499,61.44933238900731,61.44933238900731,2399400
2017-04-03,61.72587966918945,61.72587966918945,61.50543519434401,61.55104359608525,2142600
2017-04-04,61.6574592590332,61.71067098754129,61.634655061050225,61.71067098754129,1983200
2017-04-05,61.71070098876953,61.756309406908436,61.58907080753744,61.62708168908403,2050500
2017-04-06,61.73346710205078,61.74867376514387,61.6194403274233,61.710662907053816,1855300
2017-04-07,61.5966682434082,61.847526118434935,61.58146737203342,61.801917704664874,1608200
2017-04-10,61.6574592590332,61.71827432008343,61.62705172850809,61.66506259157534,1481700
2017-04-11,61.85513687133789,61.885544417379506,61.74871336001545,61.75631089679106,1340500
2017-04-12,61.999534606933594,61.999534606933594,61.82469855377211,61.847502752041564,1801600
2017-04-13,62.090755462646484,62.12876632512788,61.969125342420696,62.03754373495854,1393500
2017-04-17,62.05276107788086,62.12878282303074,61.98434846681983,62.09837528489977,1494600
2017-04-18,62.27321243286133,62.311223306079164,62.121180539279926,62.121180539279926,1782800
2017-04-19,62.15922927856445,62.20484351839803,62.121224178293716,62.20484351839803,1437000
2017-04-20,62.07556915283203,62.136378427560054,62.0147540784593,62.136378427560054,1425700
2017-04-21,62.090755462646484,62.17437472039088,62.07555459743993,62.12876632512788,1241700
2017-04-24,62.00712585449219,62.02232671716136,61.900702416880804,61.938713273017314,2665700
2017-04-25,61.817081451416016,61.92350488606338,61.779070596338144,61.88549983062773,1670900
2017-04-26,61.87792205810547,61.89312292662994,61.77149857950032,61.794302782109334,1876200
2017-04-27,61.923545837402344,61.976757589916076,61.85513321259015,61.89313829315935,1543100
2017-04-28,61.991966247558594,62.02236799312936,61.84753185768942,61.87793940290642,2100000
2017-05-01,61.87619400024414,62.01330754626013,61.80763432142625,61.95998012294633,1478100
2017-05-02,61.982826232910156,61.99043945350233,61.853325931799155,61.883796249024165,1664300
2017-05-03,61.91423797607422,62.04373240576973,61.86853542715018,62.00564888553839,2948400
2017-05-04,61.84571075439453,61.85332397474582,61.76953205793292,61.807621406163726,1216100
2017-05-05,61.8837776184082,61.8837776184082,61.77713444603584,61.85330731035652,1658900
2017-05-08,61.77712631225586,61.86091819546141,61.746656008216,61.84568594924961,1832300
2017-05-09,61.746639251708984,61.77710954747996,61.70093671385986,61.73902603647725,2532200
2017-05-10,61.73904037475586,61.85329674591358,61.70857007190846,61.80759419745049,1845500
2017-05-11,61.78474044799805,61.784740447998054,61.6476269964858,61.700948571428576,1421500
2017-05-12,61.96758270263672,61.990433985635185,61.891409822102396,61.92188013663978,1510300
2017-05-15,61.95235061645508,61.99805318257395,61.92949933339565,61.92949933339565,1823500
2017-05-16,62.01329803466797,62.08947092374462,61.975208684320194,61.975208684320194,1760600
2017-05-17,62.34843826293945,62.36367632243581,62.180854478180834,62.180854478180834,1987100
2017-05-18,62.2951545715332,62.378946514882415,62.26468424562254,62.3637142577373,1881800
2017-05-19,62.33320999145508,62.333209991455085,62.234180033262035,62.317971930986644,1394700
2017-05-22,62.2798957824707,62.310366095400674,62.26465772019674,62.310366095400674,1570700
2017-05-23,62.15037155151367,62.34080657523315,62.14275833492821,62.34080657523315,1679500
2017-05-24,62.2798957824707,62.28750900198973,62.14278228009479,62.18086581254379,1568700
2017-05-25,62.2798957824707,62.30274706426369,62.22657418774773,62.28750900198973,1108400
2017-05-26,62.31035232543945,62.31796554327604,62.25703074250002,62.287495237079696,952700
2017-05-30,62.401771545410156,62.401771545410156,62.32559866850011,62.36368801276412,1283300
2017-05-31,62.432228088378906,62.47031742424189,62.386525534636675,62.40175778201185,2290100
2017-06-01,62.44902801513672,62.45666306836136,62.35743067179791,62.37269495440796,1710900
2017-06-02,62.6551513671875,62.67805070948461,62.571183229537525,62.58644751645531,1795200
2017-06-05,62.55587387084961,62.60167835054669,62.54060959350873,62.57877902261676,1916200
2017-06-06,62.67036056518555,62.70852998468937,62.63219696951748,62.67799561385346,3262500
2017-06-07,62.58644104003906,62.67040916900005,62.57117675470082,62.65514488366181,1743500
2017-06-08,62.54063034057617,62.571164729224556,62.44902717463103,62.571164729224556,1827800
2017-06-09,62.487186431884766,62.52535586743396,62.41848261266386,62.441387768296295,1404500
2017-06-12,62.47194290161133,62.555911036466235,62.418509163416445,62.4337792736668,2053900
2017-06-13,62.487186431884766,62.510085763679,62.433752716418816,62.44901699633557,1515100
2017-06-14,62.71619415283203,62.84596092125925,62.65512538280566,62.754357766219684,2472800
2017-06-15,62.64751052856445,62.69330920893081,62.61697613370678,62.69330920893081,2063400
2017-06-16,62.71619415283203,62.72382338120649,62.647490330592746,62.65512538280566,1376200
2017-06-19,62.6246337890625,62.70096689183448,62.60173444061515,62.6704324859572,1776500
2017-06-20,62.71619415283203,62.754357766219684,62.65512538280566,62.678024715605936,1864100
2017-06-21,62.74672317504883,62.769628331855856,62.670390123874206,62.70855956138077,1249600
2017-06-22,62.76963424682617,62.80016281110201,62.71620052358487,62.77726347597561,1195100
2017-06-23,62.784889221191406,62.80778855292302,62.73909055772818,62.769624941316394,1356000
2017-06-26,62.85361862182617,62.891788076342735,62.83071927865267,62.8612536774977,4665500
2017-06-27,62.63984680175781,62.73908499558107,62.62458252323605,62.73908499558107,2374200
2017-06-28,62.63984680175781,62.67038118263899,62.55587871029398,62.655116904117236,1604300
2017-06-29,62.51011657714844,62.57118537459486,62.43378349226095,62.47194712278416,1548100
2017-06-30,62.46431350708008,62.51774724513531,62.41087976902484,62.4948479036603,1978100
2017-07-03,62.4712028503418,62.60150947729111,62.41754683641755,62.59384850963544,1092500
2017-07-05,62.50951385498047,62.53250844774462,62.43285741501289,62.46351882138686,1917100
2017-07-06,62.36388397216797,62.4175399801984,62.31789477901796,62.40221219850382,1827500
2017-07-07,62.34857940673828,62.386907650941176,62.32558479944414,62.36391304364703,2441500
2017-07-10,62.37920379638672,62.432859797572455,62.363876016647446,62.40220423809391,2228800
2017-07-11,62.44051742553711,62.47117882857042,62.37153365476065,62.409856022503796,1931500
2017-07-12,62.58616256713867,62.63981856466526,62.555501161685605,62.62448493790617,1378800
2017-07-13,62.563194274902344,62.58618887664216,62.4712100198755,62.578522060039695,1321400
2017-07-14,62.58616256713867,62.7394637463389,62.57082894037958,62.68580774881231,1201700
2017-07-17,62.67050552368164,62.69350012513109,62.59385490282765,62.63984410572654,1432500
2017-07-18,62.816123962402344,62.831457591511295,62.75480699016461,62.77780158576201,1607300
2017-07-19,62.823760986328125,62.85442238194056,62.800766401634604,62.831427797247045,1589100
2017-07-20,62.86213302612305,62.923450012040526,62.83147160913065,62.86979399432065,1646800
2017-07-21,62.931087493896484,62.97708252197883,62.900426091196444,62.900426091196444,1942000
2017-07-24,62.90044403076172,62.93110544220656,62.854454837627586,62.92343862732878,1417400
2017-07-25,62.66276931762695,62.78541485363595,62.65510250961113,62.77774804562013,1385000
2017-07-26,62.816123962402344,62.8544521871087,62.647494978666046,62.67048957426345,1583000
2017-07-27,62.739479064941406,62.77780729313233,62.693489869565546,62.739479064941406,1224000
2017-07-28,62.85443878173828,62.85443878173828,62.73179316728819,62.73179316728819,1867100
2017-07-31,62.846797943115234,62.85446475920322,62.78548095861293,62.823803342918474,2561600
2017-08-01,63.102378845214844,63.11007190609441,62.925338611370215,62.93303754481534,1783600
2017-08-02,63.063846588134766,63.140818251841964,63.063846588134766,63.094636428129945,1336600
2017-08-03,63.194725036621094,63.24091275192155,63.117753341205585,63.14854319388458,1904800
2017-08-04,63.09462356567383,63.1254133993922,63.002254064518716,63.1254133993922,1046700
2017-08-07,63.11774444580078,63.125443376026475,63.04847169145885,63.086954597461116,1257900
2017-08-08,63.03306198120117,63.11003365129862,62.99457320987145,63.11003365129862,1929000
2017-08-09,63.07926559448242,63.19472607578627,63.07926559448242,63.187027144348946,1808600
2017-08-10,63.1716194152832,63.179318344802404,63.071556821783894,63.102346667298114,1376700
2017-08-11,63.225521087646484,63.233220019711986,63.079270741224526,63.09466860535553,1153400
2017-08-14,63.1793098449707,63.22549167074769,63.14082107511537,63.18700290089235,2082000
2017-08-15,63.071556091308594,63.11003899333376,63.025368387290904,63.040766246150966,1419600
2017-08-16,63.1639289855957,63.21780975435558,63.03307652897364,63.05616744807596,1594800
2017-08-17,63.279396057128906,63.279396057128906,63.12545266533991,63.1562425182105,1723600
2017-08-18,63.24856948852539,63.34863792040618,63.19468874542056,63.317848085409054,1663100
2017-08-21,63.279396057128906,63.317884841358136,63.248606204258316,63.287094988487546,1258400
2017-08-22,63.20237731933594,63.27165003231171,63.194678393707655,63.26395697924302,1157400
2017-08-23,63.38713455200195,63.38713455200196,63.27167411387117,63.29477089954679,1237800
2017-08-24,63.29475021362305,63.36402293032478,63.27935236153827,63.29475021362304,1540200
2017-08-25,63.37178039550781,63.38717238925089,63.2794108153533,63.3025017422506,1453100
2017-08-28,63.40256881713867,63.417960810532556,63.33329016545319,63.3717789577857,1408700
2017-08-29,63.471805572509766,63.56417509814388,63.41792481736367,63.517987399045886,2054300
2017-08-30,63.46413040161133,63.47182933310339,63.4179485577871,63.45643734268334,1150700
2017-08-31,63.517982482910156,63.548772322405135,63.4641017319343,63.487198515976594,1696700
2017-09-01,63.413082122802734,63.505646824283254,63.36680271454774,63.49021643155124,1471200
2017-09-05,63.67536544799805,63.70621447302324,63.54423060926544,63.59822523051804,2008400
2017-09-06,63.567359924316406,63.72934374658613,63.55964472754999,63.6984888444913,1586500
2017-09-07,63.76789474487305,63.79874964057334,63.644481047041495,63.65990555240683,1899100
2017-09-08,63.69849395751953,63.76791307907699,63.67535425033372,63.76791307907699,2702200
2017-09-11,63.505699157714844,63.61368845594809,63.48255943451849,63.57511832730391,1423100
2017-09-12,63.413082122802734,63.49793162791725,63.36680271454774,63.45165221966225,1604300
2017-09-13,63.3359375,63.41307179618743,63.32822230489039,63.397647290937776,1594000
2017-09-14,63.37451934814453,63.389943856255826,63.31280954575804,63.31280954575804,1325200
2017-09-15,63.382205963134766,63.44391574342356,63.33592657040246,63.40534565950093,1536200
2017-09-18,63.3359375,63.35907720035927,63.28194290417184,63.34365269510962,1756300
2017-09-19,63.289642333984375,63.359061417770064,63.289642333984375,63.335921723174835,1220000
2017-09-20,63.23571014404297,63.35912393197491,63.16628510678994,63.351408731174814,1672500
2017-09-21,63.22026824951172,63.32054230178829,63.204843735689494,63.25883836152654,1168200
2017-09-22,63.281959533691406,63.343669340845565,63.25881982725138,63.33595414370851,1394100
2017-09-25,63.42080307006836,63.428518267133974,63.28967414480829,63.30509865396845,2626100
2017-09-26,63.38992691040039,63.3899269104004,63.320501930032115,63.3822117159219,1446500
2017-09-27,63.19709777832031,63.23566787156311,63.14310317876239,63.18938258267776,1511900
2017-09-28,63.21254348754883,63.21254348754883,63.0968449389525,63.13540916016063,1198400
2017-09-29,63.22026824951172,63.22798344890925,63.11999419723515,63.21255305011418,3001200
2017-10-02,63.195560455322266,63.22647875533973,63.141454904557385,63.18782940605221,3642600
2017-10-03,63.2264404296875,63.24189662179585,63.15687282255196,63.164603867135725,2752100
2017-10-04,63.2264404296875,63.28827109518009,63.18006005924408,63.280545947655504,2616700
2017-10-05,63.18008041381836,63.24191699629188,63.133705925493764,63.24191699629188,2859800
2017-10-06,63.110511779785156,63.16461730926741,63.010025869989214,63.06413139947148,1860000
2017-10-09,63.17232131958008,63.18004646544253,63.110484770333045,63.1182158132534,987800
2017-10-10,63.20327377319336,63.2960286558781,63.16463032820429,63.18781757461006,4719400
2017-10-11,63.23418045043945,63.24964254324381,63.195537012549714,63.210993208293495,1249500
2017-10-12,63.2883415222168,63.296072575403656,63.20331762835863,63.272885312908834,1723400
2017-10-13,63.41967010498047,63.42739525187653,63.32691526869944,63.38875182622013,1772800
2017-10-16,63.357810974121094,63.39645438600949,63.31143652103238,63.38099820066545,1471500
2017-10-17,63.365577697753906,63.381033891801636,63.29601008188931,63.30374112744313,1381100
2017-10-18,63.26509094238281,63.27282198783224,63.218716463805954,63.24190370309439,1522900
2017-10-19,63.29599380493164,63.38874863654532,63.265075527727085,63.31145589206312,1515800
2017-10-20,63.14143371582031,63.18780820175298,63.10278437950258,63.18007715507728,1935600
2017-10-23,63.195560455322266,63.24193495681708,63.17237320457485,63.17237320457485,2649700
2017-10-24,63.08734893798828,63.133723439177444,63.06415579033098,63.095074090144664,2287200
2017-10-25,63.0332145690918,63.04093971771628,62.96364695205131,63.002296283413806,1576700
2017-10-26,62.95592498779297,63.07186710154514,62.94046879125442,63.06413605474543,1915600
2017-10-27,63.09503936767578,63.09503936767578,62.97910317850488,63.01001556424414,1734400
2017-10-30,63.241886138916016,63.25734232846238,63.15686235376554,63.18778062991646,1542600
2017-10-31,63.20327377319336,63.26511036164985,63.20327377319336,63.25737931382738,1977100
2017-11-01,63.244319915771484,63.29854016085092,63.1436209537929,63.197841198872325,1596000
2017-11-02,63.30625915527344,63.36047937599188,63.27527532778278,63.30625915527344,2373200
2017-11-03,63.36049270629883,63.36049270629883,63.24430480615449,63.33725039862029,1370500
2017-11-06,63.40695571899414,63.430192113525266,63.36048292993187,63.40695571899413,1336700
2017-11-07,63.43018341064453,63.43018341064453,63.360474236615524,63.368215760689615,2450800
2017-11-08,63.383724212646484,63.43794444058768,63.36048781632336,63.40696060896962,2312700
2017-11-09,63.32172775268555,63.35271157021313,63.25976011763036,63.32172775268554,2115800
2017-11-10,63.06613540649414,63.166834322329855,63.06613540649414,63.151339453942455,1724400
2017-11-13,63.07391357421875,63.166865101152524,63.06616613625002,63.15911766318379,1698500
2017-11-14,63.15134048461914,63.15134048461914,63.08163130442051,63.104867697820055,1659300
2017-11-15,63.29851150512695,63.3062589393634,63.16683467091138,63.23654385035698,2859400
2017-11-16,63.21329879760742,63.275266443888434,63.18231497446691,63.22878775439767,1637000
2017-11-17,63.27528762817383,63.31401298789453,63.24430379466007,63.27528762817382,2257700
2017-11-20,63.23652267456055,63.28299544529544,63.205538857551005,63.24427010620264,1528300
2017-11-21,63.2907600402832,63.35272769110683,63.21330343153389,63.30625490776933,1925700
2017-11-22,63.42251968383789,63.43026712769765,63.2985901299227,63.30633757378245,1631900
2017-11-24,63.40695571899414,63.42244467882784,63.36822445506814,63.39146084959927,837000
2017-11-27,63.383724212646484,63.430197005292754,63.35274038102843,63.41470804426454,1516900
2017-11-28,63.383724212646484,63.476669797939024,63.383724212646484,63.43794444058768,1846700
2017-11-29,63.22880935668945,63.275288062059786,63.2055729587853,63.244304228333576,1837400
2017-11-30,63.135860443115234,63.26753729735182,63.097129175604834,63.25204833608469,3044100
2017-12-01,63.30507278442383,63.499117275226276,63.14207612276193,63.258504001596975,2384800
2017-12-04,63.31285858154297,63.3206220220118,63.22747850169587,63.26628978227001,1834000
2017-12-05,63.39043426513672,63.398197700589684,63.26624890672012,63.32833862504533,1763900
2017-12-06,63.46031188964844,63.530165063844166,63.444785014204115,63.452548451926276,1509300
2017-12-07,63.37494659423828,63.491374500104484,63.31285092154041,63.37494659423828,1641000
2017-12-08,63.351661682128906,63.39823047538889,63.3128504065661,63.3438982426625,1368300
2017-12-11,63.30507278442383,63.41373722553177,63.289551830737516,63.382695318159136,1780800
2017-12-12,63.29729080200195,63.29729080200195,63.227431732996564,63.28952736727566,2962800
2017-12-13,63.475826263427734,63.53015847831497,63.30506618184861,63.35164088158574,2095400
2017-12-14,63.499122619628906,63.50688605800943,63.35165282100943,63.39045816937523,1998800
2017-12-15,63.50687026977539,63.51463370622587,63.39044241008594,63.460301494606384,2781800
2017-12-18,63.40599060058594,63.48360722588526,63.374942766112426,63.48360722588526,1946900
2017-12-19,63.211936950683594,63.31283795682896,63.14984129070119,63.31283795682896,3307700
2017-12-20,63.08771896362305,63.157578032015934,63.064434581413934,63.08771896362305,2325500
2017-12-21,63.126522064208984,63.16532738895841,63.07994738403896,63.11099519689738,3103400
2017-12-22,63.15757751464844,63.180861896666805,63.11876626344081,63.13428721086455,2566700
2017-12-26,63.22065353393555,63.2517820923808,63.16618004094772,63.212875847198326,1696400
2017-12-27,63.4151611328125,63.43850605210037,63.22061222253143,63.29065291755663,1708000
2017-12-28,63.37626647949219,63.39961140304061,63.32957069523268,63.39182778280358,2235000
2017-12-29,63.47740173339844,63.47740173339844,63.39179976011992,63.42292829014484,2531500
2018-01-02,63.29844284057617,63.422957017073564,63.20506314536585,63.384044852627454,3104500
2018-01-03,63.35291290283203,63.36847420401798,63.259527284230835,63.36847420401798,2216700
2018-01-04,63.32179641723633,63.32179641723632,63.22841078085823,63.29066787177696,2152400
2018-01-05,63.236175537109375,63.313993908961784,63.189479764268974,63.30621029062819,4257400
2018-01-08,63.24396896362305,63.29066474808892,63.19727911631985,63.29066474808892,2587300
2018-01-09,63.05720901489258,63.21285174778123,63.0416477101853,63.181723201203496,2725200
2018-01-10,63.06498336791992,63.07276698771128,62.89377935548381,62.94046919990736,3411400
2018-01-11,63.06498336791992,63.127240451926205,63.002726283913645,63.041638445708145,3381600
2018-01-12,63.05720901489258,63.127249728983266,62.98717423796507,63.03386408925007,2829100
2018-01-16,63.10390853881836,63.181732885773286,63.05721868037668,63.15060433442413,4300500
2018-01-17,63.03385543823242,63.127241065149,63.018294135660845,63.06498398053795,3674600
2018-01-18,62.90934371948242,62.95603950334081,62.87822111312697,62.893782416304695,2528400
2018-01-19,62.777034759521484,62.87820398268343,62.761473460583254,62.85485312853461,2148300
2018-01-22,62.7303466796875,62.84707720505184,62.7303466796875,62.823732287411204,5473200
2018-01-23,62.89380645751953,62.92493501293651,62.81598803755953,62.862677902102554,2442900
2018-01-24,62.82374572753906,62.83930703024153,62.74592140253948,62.81596210760662,1709700
2018-01-25,62.994972229003906,63.00275585244829,62.76930058360268,62.82377407338316,2537700
2018-01-26,62.8781852722168,62.93265870803259,62.815928220667544,62.92487509229913,1590200
2018-01-29,62.792633056640625,62.82376160707613,62.67590247679847,62.76928812810498,2219700
2018-01-30,62.675899505615234,62.73815660353491,62.63698733512452,62.6992444330442,2735100
2018-01-31,62.69147872924805,62.80820933691909,62.590315369087996,62.80820933691909,3082600
2018-02-01,62.517520904541016,62.7124981938637,62.50191938926379,62.68130111354392,2814300
2018-02-02,62.33035659790039,62.47854128507078,62.29136469880677,62.4239478661506,3137600
2018-02-05,62.60331344604492,62.72810178328741,62.23676109342481,62.29135450340954,4349200
2018-02-06,62.40055847167969,62.58773507874601,62.40055847167969,62.57213950742259,3891500
2018-02-07,62.26015090942383,62.47852452653048,62.23675458619595,62.47852452653048,3797200
2018-02-08,62.2133674621582,62.299157968374274,62.09638581753286,62.158774044587624,4639800
2018-02-09,62.057411193847656,62.252388608174215,62.04181561880646,62.08860829416852,3725500
2018-02-12,62.07301330566406,62.190000956627415,62.041822152297,62.14320827633772,5336200
2018-02-13,62.127593994140625,62.143189566128605,62.02620195038815,62.09639689992734,2669400
2018-02-14,61.92481994628906,62.0340068081274,61.88582208838778,62.002809711853914,3509700
2018-02-15,61.9871711730957,62.080756446810824,61.963768904433344,61.97937041687492,1981200
2018-02-16,62.11977005004883,62.17436345698857,62.072971451075404,62.143166374417994,1957800
2018-02-20,62.057411193847656,62.07300676888885,61.9560250804837,62.07300676888885,2294300
2018-02-21,61.82340621948242,62.07297695192875,61.792215084382796,62.04958062548623,2330100
2018-02-22,61.901405334472656,61.971594317685536,61.87020824741051,61.89360457514813,2156000
2018-02-23,62.06517028808594,62.096367367462165,61.987180564762596,61.9949753719308,1660600
2018-02-26,62.09640884399414,62.21339053199838,62.08860808138104,62.15879709418358,2715300
2018-02-27,61.96380615234375,62.12759238026814,61.87801563304512,62.104190097538115,3007200
2018-02-28,62.04178237915039,62.04957718737558,61.97158745347662,61.979388211937106,1947700
2018-03-01,62.14729309082031,62.2019999788253,61.998806373437425,62.06914124547086,2877400
2018-03-02,62.03003692626953,62.09255479336234,61.959696127214315,62.03784793303077,4448000
2018-03-05,61.99098587036133,62.13166156902174,61.94409595834228,62.10039964014128,2229100
2018-03-06,62.01441955566406,62.10820532526048,62.006602584213816,62.03786450741262,1905000
2018-03-07,61.998802185058594,62.131660909437656,61.975357229297956,62.08477099791639,2167700
2018-03-08,62.06916046142578,62.123867366367435,62.0222705322202,62.0222705322202,1479700
2018-03-09,61.99098587036133,62.02224779924178,61.920651002332754,61.95972394148088,2290800
2018-03-12,62.05353927612305,62.06135625271618,61.97538739801001,61.998832365183304,2253900
2018-03-13,62.06916046142578,62.1160563532368,62.030087507956274,62.084794412897935,2471700
2018-03-14,62.20203399658203,62.24892989952155,62.053547197992984,62.053547197992984,1733800
2018-03-15,62.20981979370117,62.23326475211655,62.131667944781974,62.16292987687043,1590100
2018-03-16,62.155113220214844,62.178558178749796,62.10822330314493,62.13948523539284,1492000
2018-03-19,62.10822296142578,62.178557836643655,62.069144055679935,62.092589014085895,1328100
2018-03-20,62.03003692626953,62.05348187175441,61.99095804206101,62.014402987545886,2234600
2018-03-21,62.03003692626953,62.06910984787746,61.850282406551166,61.967513096576134,1760300
2018-03-22,62.13166809082031,62.2488988457766,62.076961200187895,62.162930022982245,2871700
2018-03-23,62.14729309082031,62.17074401076839,62.076958218786885,62.131665106791864,2114500
2018-03-26,62.10822296142578,62.1863748103136,62.092589014085895,62.13166791983174,2303700
2018-03-27,62.31924057006836,62.350502505665986,62.139491893637725,62.139491893637725,1693500
2018-03-28,62.31142044067383,62.42083421795373,62.28015850965048,62.38957228693038,3251800
2018-03-29,62.46772384643555,62.483351830573646,62.33486511214892,62.33486511214892,2157300
2018-04-02,62.459903717041016,62.50691126440229,62.35804606100895,62.38938641843713,2336700
2018-04-03,62.38938522338867,62.43639874741139,62.326710487294804,62.42856216381396,2580800
2018-04-04,62.38938522338867,62.44422935344696,62.350214260525235,62.44422935344696,2226300
2018-04-05,62.303157806396484,62.33449814162923,62.25615029232624,62.33449814162923,1978300
2018-04-06,62.459903717041016,62.47557090697411,62.36588264475649,62.42856335961284,2155900
2018-04-09,62.52256774902344,62.522567749023445,62.35802942203873,62.412879516073886,2052000
2018-04-10,62.41289520263672,62.491243106212224,62.38938545175837,62.444229582017414,1854600
2018-04-11,62.459903717041016,62.522584431897364,62.420726775865305,62.48340749072165,1645200
2018-04-12,62.34237289428711,62.44422456299264,62.32670570585603,62.412890186130475,1397700
2018-04-13,62.38938522338867,62.397221806986096,62.30320073650252,62.31887390369737,1461800
2018-04-16,62.397220611572266,62.39722061157227,62.28753235355711,62.28753235355711,1939600
2018-04-17,62.42072677612305,62.428563359870616,62.35804606126644,62.39722300244232,1588500
2018-04-18,62.21701431274414,62.373710099388795,62.19350456494245,62.373710099388795,1721200
2018-04-19,62.068180084228516,62.130860821169385,62.0211725203049,62.130860821169385,1602300
2018-04-20,61.911460876464844,62.05248950624295,61.911460876464844,62.05248950624295,1576600
2018-04-23,61.880096435546875,61.91143080244338,61.840919510587,61.88792703849125,2263300
2018-04-24,61.77040481567383,61.848758668859254,61.754737631572596,61.83308550719827,2664000
2018-04-25,61.684234619140625,61.73907873719851,61.652894269170325,61.70773838722821,2201300
2018-04-26,61.809627532958984,61.84096790193923,61.77045057734264,61.778287163978746,3297100
2018-04-27,61.90361404418945,61.927117813398176,61.84876992351549,61.84876992351549,1407300
2018-04-30,61.93495559692383,61.9741265538445,61.90361524485072,61.9192824321068,1602900
2018-05-01,61.83918380737305,61.9334171013829,61.823481253898585,61.92556282911849,1410700
2018-05-02,61.84700012207031,61.92552482335811,61.82344331078904,61.894113744632854,1434000
2018-05-03,61.901973724365234,61.99620097818557,61.89411945619646,61.95694161944417,1477700
2018-05-04,61.941287994384766,61.99625593819308,61.86276321623811,61.97269910385474,1342100
2018-05-07,61.909812927246094,61.956932538301096,61.886256117243775,61.94907827128353,1634400
2018-05-08,61.862728118896484,61.90199348122119,61.79990593559822,61.84702556859849,1380900
2018-05-09,61.79205322265625,61.83916686122318,61.76064213326074,61.784198952544195,2260900
2018-05-10,61.91766357421875,61.94122038284381,61.86269569041027,61.909809307660396,1695500
2018-05-11,61.98047637939453,61.98833064476865,61.90195169880066,61.98047637939453,1457800
2018-05-14,61.901973724365234,61.9490873512754,61.89411945619646,61.917676269651544,1519500
2018-05-15,61.611392974853516,61.729182970591374,61.54072257203963,61.729182970591374,1602600
2018-05-16,61.56427764892578,61.66635911381427,61.556423385150396,61.63494804976061,2201300
2018-05-17,61.509376525878906,61.58004700339535,61.48581970004009,61.56434444985427,2036000
2018-05-18,61.674278259277344,61.67427825927735,61.58004496798241,61.58004496798241,1539700
2018-05-21,61.674278259277344,61.68998081229941,61.6036017930426,61.62716460915697,1254900
2018-05-22,61.68992233276367,61.72133340008557,61.64280872730507,61.70563086194887,2225800
2018-05-23,61.87843322753906,61.88628150672611,61.76849740839237,61.77634568757941,1177200
2018-05-24,62.00406265258789,62.05117628512566,61.94909475094316,61.94909475094316,1209400
2018-05-25,62.13752746582031,62.15323599700469,62.0747113142306,62.08255958877352,1039500
2018-05-29,62.569454193115234,62.647978916031114,62.239646762237136,62.255349310399374,2414400
2018-05-30,62.380958557128906,62.46733750104524,62.28672534802501,62.34169322224004,3549700
2018-05-31,62.357425689697266,62.45165294392312,62.28674925797661,62.36527396684858,4272100
2018-06-01,62.396060943603516,62.42761865859418,62.285611950645524,62.348727380626855,3442400
2018-06-04,62.261985778808594,62.37243484380569,62.254100859182095,62.37243484380569,2272100
2018-06-05,62.31718444824219,62.36452404146722,62.26195993866308,62.32507538361638,2760500
2018-06-06,62.143592834472656,62.20670825185172,62.08048343611108,62.20670825185172,2624600
2018-06-07,62.301414489746094,62.41186351935194,62.119959073096105,62.12785000921672,3290700
2018-06-08,62.22249984741211,62.285609255644104,62.206717981090286,62.25405756103732,1977000
2018-06-11,62.16730880737305,62.19097560057314,62.11996920195118,62.15152693255853,1725200
2018-06-12,62.15937423706055,62.183041013647696,62.09625882014984,62.09625882014984,1850400
2018-06-13,62.11997985839844,62.214653066461324,61.99375493333728,62.15942853318031,1542800
2018-06-14,62.2540397644043,62.261924676292715,62.18303342429162,62.23036697168894,3920100
2018-06-15,62.261985778808594,62.403992579379526,62.261985778808594,62.364549924179194,1827800
2018-06-18,62.261985778808594,62.29354351438242,62.21465218495916,62.29354351438242,3510300
2018-06-19,62.36454772949219,62.403990383304475,62.33298999502891,62.35665679112077,2767100
2018-06-20,62.22249984741211,62.36450654921636,62.2146089142512,62.36450654921636,2102200
2018-06-21,62.2540397644043,62.32504008550027,62.23036697168894,62.269815607197835,2695400
2018-06-22,62.29352569580078,62.30930756858473,62.238301179098784,62.261967969253796,1509900
2018-06-25,62.285648345947266,62.37243060812631,62.27776342685623,62.32509701749127,4554800
2018-06-26,62.388206481933594,62.38820648193359,62.317200083790404,62.32509102114445,1670800
2018-06-27,62.53804016113281,62.55382202120012,62.46703984787809,62.46703984787809,1762700
2018-06-28,62.49073028564453,62.53806384574066,62.46706350559647,62.5143970656926,1266500
2018-06-29,62.474998474121094,62.561780741478024,62.46710753553703,62.514441128996246,1419000
2018-07-02,62.436241149902344,62.52322221264525,62.40461112410396,62.49159218684687,1800600
2018-07-03,62.56273651123047,62.57063948994673,62.43621645807219,62.43621645807219,1121900
2018-07-05,62.64973068237305,62.65763366274721,62.546931609414486,62.57065261615586,1991900
2018-07-06,62.72088623046875,62.73669822214279,62.66553521039653,62.72088623046875,1331800
2018-07-09,62.665557861328125,62.68136985871753,62.62601881863826,62.641836848838565,1556600
2018-07-10,62.625972747802734,62.66551176140571,62.59434877628813,62.61806977132732,1661500
2018-07-11,62.65762710571289,62.66553611806883,62.59437310529181,62.649724126165765,3750100
2018-07-12,62.705081939697266,62.7208939333132,62.6260038731892,62.633912886401895,1807800
2018-07-13,62.76040267944336,62.76830565603275,62.720863665270194,62.72877267466614,4071900
2018-07-16,62.6734733581543,62.72091538803989,62.586492281489676,62.68137634126087,1688000
2018-07-17,62.64973068237305,62.70508170903941,62.64182166918944,62.64973068237305,2432200
2018-07-18,62.61811828613281,62.68928132638557,62.61020927072323,62.6576512975584,2182900
2018-07-19,62.73670959472656,62.76043663575183,62.56275352354337,62.61019553997426,1990100
2018-07-20,62.594364166259766,62.69715718097198,62.562734154161866,62.69715718097198,1607800
2018-07-23,62.39665985107422,62.57061580911823,62.365029849755516,62.55480382486183,1427200
2018-07-24,62.49162292480469,62.507440961889635,62.388829815006694,62.436271860634456,1811100
2018-07-25,62.49162292480469,62.56279202605987,62.436271860634456,62.507440961889635,2075200
2018-07-26,62.49162292480469,62.49162292480469,62.49162292480469,62.49162292480469,0
2018-07-27,62.47575378417969,62.539007776230775,62.46784477287029,62.50738379660924,1376600
2018-07-30,62.40462875366211,62.467888823130096,62.40462875366211,62.42044678743524,2115400
2018-07-31,62.45204544067383,62.53111747136982,62.404597396008846,62.48366942670483,3328200
2018-08-01,62.41800308227539,62.44178040162291,62.338743335406654,62.41800308227539,3168600
2018-08-02,62.449649810791016,62.465499326495774,62.39416743513625,62.4575775922061,2817700
2018-08-03,62.58441162109375,62.60818892572159,62.50515192329182,62.53685701183806,2711600
2018-08-06,62.63993453979492,62.71127254695861,62.62408500883145,62.67163964885309,2083800
2018-08-07,62.5289421081543,62.60028008385995,62.51309258418002,62.59235229830853,1886900
2018-08-08,62.51304626464844,62.54475133623343,62.48926292561662,62.52889577687889,2101300
2018-08-09,62.63199234008789,62.63199234008788,62.55273260924452,62.568588183691105,2603800
2018-08-10,62.75875473022461,62.81423709523764,62.63193444040953,62.63193444040953,2414900
2018-08-13,62.766761779785156,62.78261131246667,62.6954237648886,62.75090619997175,3315700
2018-08-14,62.7270622253418,62.81424968027689,62.719134443858934,62.7825446014709,2692700
2018-08-15,62.79838943481445,62.853871801463946,62.77460609442945,62.782533874557785,3051300
2018-08-16,62.83008575439453,62.853869093754966,62.76668165747255,62.83008575439453,2226900
2018-08-17,62.90145492553711,62.94108779703526,62.85390031744106,62.877677621489084,1018100
2018-08-20,62.98069381713867,63.02824840952612,62.95691652094495,62.95691652094495,2473200
2018-08-21,62.949012756347656,62.95694054047859,62.901458145817024,62.93316323521327,1883300
2018-08-22,62.988609313964844,63.028236117517814,62.941054730851675,63.028236117517814,2025500
2018-08-23,62.988609313964844,63.02031438508162,62.96483202240826,63.02031438508162,1447500
2018-08-24,63.020328521728516,63.0282502559417,62.893508208813216,62.92521328704204,1845300
2018-08-27,62.94107437133789,62.98070118725624,62.93314658930387,62.964851670314076,2340800
2018-08-28,62.84599304199219,62.89354766560653,62.822215730185015,62.88561987929443,2375800
2018-08-29,62.80634307861328,62.86182547345239,62.76671625208677,62.86182547345239,1560100
2018-08-30,62.8538932800293,62.90144788280091,62.822188195806056,62.86974279857767,1157400
2018-08-31,62.8697509765625,62.95693845773597,62.861823192693834,62.949010673867306,2888300
2018-09-04,62.772823333740234,62.820490920681536,62.741042921948114,62.764876715418765,2400700
2018-09-05,62.78873825073242,62.81257205473352,62.733124020897705,62.79668487256493,2558000
2018-09-06,62.88404846191406,62.90788225414067,62.80460046732758,62.83637481596742,2133300
2018-09-07,62.6854248046875,62.74103900647957,62.65364439487869,62.74103900647957,2481100
2018-09-10,62.725162506103516,62.74105574599498,62.66954828947339,62.693388149310586,1464300
2018-09-11,62.59007263183594,62.66952061172036,62.56623884401984,62.62185303608817,1496800
2018-09-12,62.63774871826172,62.701309535402395,62.629808162238994,62.67747574434793,1088400
2018-09-13,62.67748260498047,62.748990047464176,62.66159542970288,62.72515019230706,1723800
2018-09-14,62.574188232421875,62.613909193377516,62.55035444354998,62.574188232421875,3196000
2018-09-17,62.5662841796875,62.60601122916218,62.510669947320984,62.52655713021282,2375200
2018-09-18,62.423248291015625,62.52653008888732,62.399414496237085,62.52653008888732,2504000
2018-09-19,62.327884674072266,62.415279264547436,62.28021710162833,62.391445478325466,1968700
2018-09-20,62.40735626220703,62.439130611778246,62.31201502901251,62.31996164715212,2297700
2018-09-21,62.447078704833984,62.44707870483398,62.37557732436954,62.37557732436954,1750600
2018-09-24,62.36763000488281,62.43119082779914,62.343796211662614,62.359683386644846,2915800
2018-09-25,62.3199348449707,62.33582201292365,62.27226121812981,62.319934844970696,1698200
2018-09-26,62.4788703918457,62.518597429157765,62.359695341404375,62.36764196116576,1831100
2018-09-27,62.526485443115234,62.526485443115234,62.46293072291713,62.49471111376106,1374700
2018-09-28,62.526485443115234,62.59799283788654,62.49471111376106,62.57415906012602,2577700
2018-10-01,62.40947341918945,62.49707173394299,62.40150827904228,62.44928696868175,2853300
2018-10-02,62.520973205566406,62.55282769671192,62.47318843103665,62.47318843103665,2597600
2018-10-03,62.20237350463867,62.43331378275113,62.13069945078866,62.43331378275113,2300300
2018-10-04,62.043155670166016,62.122788844406145,62.011301185345616,62.090934359585745,3221400
2018-10-05,61.931644439697266,62.01924272930128,61.844052225713284,61.979429191239475,2299100
2018-10-08,61.90775680541992,61.955541558277154,61.891832604880975,61.947576420197585,1885400
2018-10-09,62.02721405029297,62.02721405029297,61.90776127295994,61.90776127295994,4273200
2018-10-10,61.97946548461914,62.003354836569144,61.87593685867102,61.93168070509555,2813100
2018-10-11,62.15462875366211,62.21833163274253,62.0351759825033,62.04314112074597,3245600
2018-10-12,62.138694763183594,62.226293051756336,62.12277056327035,62.13072962541699,2365700
2018-10-15,62.122798919677734,62.20243210683302,62.11483377827538,62.20243210683302,2077800
2018-10-16,62.170570373535156,62.194459719336194,62.09093719565769,62.114826541458726,2367000
2018-10-17,62.05908203125,62.1944590397246,62.04315782609732,62.15464548903193,1877300
2018-10-18,62.019264221191406,62.11482768177195,61.963520388091624,62.019264221191406,1681500
2018-10-19,61.98740005493164,62.04314995494815,61.94758650928995,62.02721967619453,1716700
2018-10-22,61.96351623535156,62.05907968952753,61.95555717088653,62.019260064715446,1520000
2018-10-23,62.05113983154297,62.18651689006729,62.03521562050302,62.13077303799114,1934300
2018-10-24,62.218318939208984,62.234249212444304,62.15461607312497,62.170540270741206,1615500
2018-10-25,62.14666748046875,62.2103764391317,62.11481300113727,62.162591682324134,1981000
2018-10-26,62.25810623168945,62.353669594642064,62.24218204233865,62.289960686006985,2224400
2018-10-29,62.20237350463867,62.26608242459045,62.154594852483335,62.23422796461456,1900700
2018-10-30,62.11479187011719,62.19442500354489,62.10682673408883,62.13071606655527,2546300
2018-10-31,61.98740005493164,62.1068528430991,61.98740005493164,62.035184815571334,6206300
2018-11-01,62.10237503051758,62.12632406536044,61.98262376550092,61.99060880738266,3784100
2018-11-02,61.870845794677734,62.038495097547816,61.8389117240166,62.022531107617844,2024600
2018-11-05,61.91874313354492,61.95866224410634,61.89479410352851,61.92672817381743,1858900
2018-11-06,61.91075134277344,61.94267931563884,61.88679622692459,61.92671532920614,2024700
2018-11-07,61.96665573120117,62.08640089760595,61.95068564847924,62.03051778968307,2673700
2018-11-08,61.862850189208984,61.9905864500384,61.86285018920899,61.96663742383292,2233100
2018-11-09,62.014530181884766,62.046464244365815,61.92671303276178,61.92671303276178,1697200
2018-11-12,62.11034393310547,62.118322882111535,62.06243978506522,62.094373853491796,1067200
2018-11-13,62.078399658203125,62.08637860589735,61.99856754566249,62.038480556532924,2735900
2018-11-14,62.12630081176758,62.19016894131123,61.99857064348035,62.03848365634508,2905100
2018-11-15,62.13429260253906,62.18219065950165,62.03050535805248,62.16622667078103,2557800
2018-11-16,62.27002716064453,62.28599115432231,62.150275890252,62.22212908880857,1811300
2018-11-19,62.27002716064453,62.29397619656252,62.22212908880857,62.22212908880857,2495900
2018-11-20,62.23008728027344,62.293955415283385,62.20613825234486,62.254042399002614,1891300
2018-11-21,62.29397964477539,62.29397964477538,62.21414749036222,62.26204556484953,3871300
2018-11-23,62.28593063354492,62.36576879676611,62.26996665537871,62.34181369332173,644500
2018-11-26,62.23806381225586,62.269997875395624,62.206129749116094,62.22209982608586,1520500
2018-11-27,62.27800750732422,62.30994158307468,62.230103348297455,62.230103348297455,2563100
2018-11-28,62.3099250793457,62.34983809536059,62.214122877469,62.27799101205347,2217500
2018-11-29,62.35782241821289,62.40572047320048,62.301939323793874,62.365807457644316,2395900
2018-11-30,62.38175964355469,62.381759643554695,62.30991257466622,62.34982558267115,2181200
2018-12-03,62.47944641113281,62.47944641113281,62.383408173607904,62.415420919449545,2187500
2018-12-04,62.6314811706543,62.72751326517964,62.54344768013635,62.54344768013635,3204700
2018-12-06,62.74351119995117,62.871556004481924,62.71149847236762,62.73550649160442,4447800
2018-12-07,62.87154006958008,62.895548082732006,62.7274858848666,62.7434952975025,3806000
2018-12-10,62.93560028076172,62.98361633359468,62.84756678003108,62.88758422792875,2712100
2018-12-11,62.94359588623047,63.00762135128285,62.88757513076074,62.95160059581312,4157200
2018-12-12,62.879547119140625,62.94357256046632,62.87154241252438,62.91956454641972,2662400
2018-12-13,62.927581787109375,62.9675992262421,62.89556905696399,62.89556905696399,2587600
2018-12-14,62.98362350463867,63.02364095709256,62.951616869642756,62.97562489879269,3490600
2018-12-17,63.1036376953125,63.111642402897544,62.99960091991845,63.007605627503494,2924300
2018-12-18,63.19969940185547,63.22370742774731,63.09565648191729,63.09565648191729,3210700
2018-12-19,63.311737060546875,63.43178328848084,63.22370356711562,63.287729036121036,3117500
2018-12-20,63.22366714477539,63.39172932474257,63.199659134180266,63.375726019612905,3451000
2018-12-21,63.22366714477539,63.271683165965655,63.17565112358513,63.24767515537052,4516100
2018-12-24,63.238121032714844,63.38253718507089,63.165916017108856,63.31835086821396,6031000
2018-12-26,63.10175323486328,63.30233095899117,63.10175323486328,63.27826261147924,5912400
2018-12-27,63.238121032714844,63.37451236517775,63.2300962128217,63.334400508000236,2751800
2018-12-28,63.39057159423828,63.398590294200346,63.238130598928905,63.2702237622122,3495100
2018-12-31,63.55105972290039,63.583152900542494,63.32641360055341,63.34245712880059,5651100
2019-01-02,63.67942810058594,63.68744680359004,63.58314857421069,63.60721692551767,4142500
2019-01-03,63.92811584472656,63.984277348023234,63.67940149029054,63.69544501074183,4908400
2019-01-04,63.73556900024414,63.76766216531606,63.655333026991656,63.75963734376174,4583600
2019-01-07,63.63932418823242,63.79176527511757,63.61525583159765,63.75967209255497,4121700
2019-01-08,63.55909729003906,63.63932718965508,63.54304763742647,63.58316564780897,1745400
2019-01-09,63.64731979370117,63.67138813928618,63.56708993470253,63.575108635800284,1989600
2019-01-10,63.5189208984375,63.66333703347084,63.49485256278918,63.599150724313056,2579900
2019-01-11,63.64731979370117,63.70348130711481,63.623251448116164,63.655338494798926,3097100
2019-01-14,63.59116744995117,63.67942214391951,63.58314262655039,63.66337249711795,2395700
2019-01-15,63.599143981933594,63.703448253543144,63.5590321338199,63.67135510236657,1742900
2019-01-16,63.623252868652344,63.63929639235193,63.53499818543959,63.56709135398477,1697700
2019-01-17,63.55105972290039,63.63128960643178,63.52699136995575,63.62327090288206,2394700
2019-01-18,63.50288009643555,63.61520308169174,63.49485527716193,63.551016769790024,3722400
2019-01-22,63.6152458190918,63.70350052696121,63.60722099442702,63.62327064375658,3917700
2019-01-23,63.67942810058594,63.7275648031999,63.58314857421069,63.58314857421069,2536100
2019-01-24,63.8158073425293,63.85591921334675,63.775689350565685,63.799757697285386,2700300
2019-01-25,63.743614196777344,63.79175702496929,63.71152713951324,63.751639021667316,2073100
2019-01-28,63.76766586303711,63.80777773084398,63.74359139697814,63.751616218997796,2938200
2019-01-29,63.89601135253906,63.89601135253906,63.815781522219545,63.815781522219545,1772300
2019-01-30,63.96017837524414,63.98424670496676,63.79169394604394,63.847855422444006,2961400
2019-01-31,64.25708770751953,64.25708770751953,64.13674594946367,64.16883912532771,3698100
2019-02-01,64.0784912109375,64.25543794887173,64.02219053398693,64.17500928698713,3335000
2019-02-04,64.02222442626953,64.03026913761079,63.96592371951432,64.03026913761079,4078600
2019-02-05,64.15898895263672,64.18312309986948,64.09464963564321,64.10268821506729,2400300
2019-02-06,64.1347885131836,64.19108918717168,64.09457725251396,64.17500591016648,2724700
2019-02-07,64.18305969238281,64.21522625094161,64.14284228971316,64.17501498458606,2474700
2019-02-08,64.27959442138672,64.32785654895724,64.21524900883688,64.23938314078028,1538700
2019-02-11,64.25545501708984,64.279583008433,64.19110961596463,64.22328231652725,2600900
2019-02-12,64.2474136352539,64.25545834489,64.19111294043233,64.22328564266117,1541200
2019-02-13,64.15089416503906,64.1911054358874,64.11067675787594,64.1830668635066,1631600
2019-02-14,64.26350402832031,64.3358880071954,64.22328661584598,64.31176001423704,1895800
2019-02-15,64.28763580322266,64.28763580322266,64.2393798144671,64.25546309861363,1917900
2019-02-19,64.34392547607422,64.36805346631736,64.28762478673525,64.34392547607422,3792100
2019-02-20,64.31983947753906,64.3520121976391,64.27962204333429,64.3278841916438,1768400
2019-02-21,64.19110870361328,64.2071981218235,64.15893600350795,64.2071981218235,3411400
2019-02-22,64.33587646484375,64.4082665670471,64.2393645103253,64.27957577926982,1936600
2019-02-25,64.31177520751953,64.33590320617799,64.27156392186112,64.31177520751953,2244600
2019-02-26,64.40022277832031,64.44044018415362,64.36000537248701,64.39217806989073,1405200
2019-02-27,64.27153015136719,64.35999738785877,64.2232680430918,64.35999738785877,1323000
2019-02-28,64.19915771484375,64.27154782901053,64.13481231032117,64.27154782901053,4028500
2019-03-01,64.0008544921875,64.15402641181328,64.0008544921875,64.12984266671336,3035000
2019-03-04,64.11372375488281,64.15403410187776,64.0653562588852,64.11372375488281,2531300
2019-03-05,64.1620864868164,64.17821308461515,64.06535150200381,64.07341480090318,1924500
2019-03-06,64.2426986694336,64.29912945326812,64.19432503293673,64.21851492643223,1629000
2019-03-07,64.42811584472656,64.4603628877513,64.3233175677671,64.3636217586771,2322200
2019-03-08,64.50873565673828,64.53292555385758,64.39587407216187,64.46036816348985,4388500
2019-03-11,64.47648620605469,64.51679039491532,64.46842290808486,64.51679039491532,1891100
2019-03-12,64.62964630126953,64.64577289579609,64.50872144429529,64.53291133608512,1958500
2019-03-13,64.59739685058594,64.62158674147248,64.57321311019288,64.60546014754813,1318600
2019-03-14,64.54097747802734,64.60547156413473,64.50067328708116,64.60547156413473,4058400
2019-03-15,64.661865234375,64.70217555267666,64.6054344790473,64.64574479734897,1639300
2019-03-18,64.62158203125,64.65382291576174,64.56514510712185,64.62963917713142,5344200
2019-03-19,64.5893325805664,64.63770005601809,64.54095895462191,64.55708554676768,2702400
2019-03-20,64.87150573730469,64.88762618375344,64.62965598711097,64.64578258405436,2528700
2019-03-21,64.8875961303711,64.92790645356477,64.8795389861258,64.90372271984528,1980500
2019-03-22,65.2423095703125,65.28261989491328,65.09720101243846,65.15363177658436,2734000
2019-03-25,65.32292175292969,65.44384657195253,65.20199693390684,65.25842769605192,2034000
2019-03-26,65.33908081054688,65.39551160073343,65.25846012414193,65.28265002036032,3527200
2019-03-27,65.45997619628906,65.54865399931633,65.42773531381792,65.44385575505349,2121900
2019-03-28,65.49225616455078,65.51643991381219,65.40357831692845,65.46807241528937,1818300
2019-03-29,65.44388580322266,65.46000625185984,65.35520795947949,65.36327125904582,1937000
2019-04-01,65.18529510498047,65.34692242334603,65.15296840816997,65.34692242334603,4106700
2019-04-02,65.2175521850586,65.2822055157775,65.18523168538012,65.2175521850586,6305600
2019-04-03,65.12869262695312,65.16101931079183,65.08828889641812,65.12061558025682,2177300
2019-04-04,65.19336700439453,65.2014502193803,65.1206365665821,65.15296326083867,1586000
2019-04-05,65.24185943603516,65.2499364852487,65.13679613939499,65.14487935429494,2131700
2019-04-08,65.1771469116211,65.24987728267165,65.14482024703835,65.24987728267165,3794200
2019-04-09,65.27415466308594,65.31456455623587,65.23375093562005,65.28223787485273,1919100
2019-04-10,65.3630599975586,65.37922642319502,65.2984127920674,65.30648983920076,3414300
2019-04-11,65.24993896484375,65.31459235512747,65.22569548490901,65.30650913992035,2641800
2019-04-12,65.12869262695312,65.20951241939213,65.12061558025682,65.19334599463053,1821800
2019-04-15,65.14488220214844,65.16104246696838,65.11255550682185,65.12063872207517,1671300
2019-04-16,65.03172302246094,65.09637639439477,65.01555659663502,65.08020996856887,2002000
2019-04-17,65.03172302246094,65.11253665453577,65.02363980954799,65.03172302246094,1797500
2019-04-18,65.12056732177734,65.16905422876127,65.08015745550412,65.13672756887867,1604600
2019-04-22,65.05591583251953,65.12056915410389,65.02358917172735,65.12056915410389,1840100
2019-04-23,65.1690902709961,65.17717348185721,65.11252012633501,65.136763593235,2643500
2019-04-24,65.33881378173828,65.34689699421715,65.26608336648223,65.29841005071312,1370500
2019-04-25,65.3226547241211,65.36305845588953,65.27416161404042,65.33881498369153,1238100
2019-04-26,65.46809387207031,65.5004205431437,65.44385041018579,65.46809387207031,1622500
2019-04-29,65.33074188232422,65.39539526198175,65.29842135818109,65.37923499991018,1737800
2019-04-30,65.4277114868164,65.4277114868164,65.29841091386828,65.29841091386828,2376200
2019-05-01,65.43174743652344,65.63427235343558,65.38314343424692,65.43985016375952,2035300
2019-05-02,65.28594207763672,65.39936173951855,65.23733806580964,65.38315628186207,2061100
2019-05-03,65.40747833251953,65.44798580850346,65.35887430579729,65.3912790504698,1877500
2019-05-06,65.48848724365234,65.54520018238009,65.47228796156806,65.50469270630973,2261500
2019-05-07,65.58567810058594,65.6180828337773,65.54517681952491,65.57757537214538,3223200
2019-05-08,65.53707122802734,65.66668397455962,65.53707122802734,65.63427924278389,4750500
2019-05-09,65.60189819335938,65.67480422387723,65.50468397209664,65.65860494395291,1926100
2019-05-10,65.59374237060547,65.67475106580203,65.5775369232258,65.60994163741788,4679900
2019-05-13,65.73145294189453,65.78005691932859,65.6990482300829,65.71525367627211,3427000
2019-05-14,65.77200317382812,65.78009972162425,65.73149571256417,65.74770116929808,4478100
2019-05-15,65.86920166015625,65.90970911555847,65.7962956571162,65.8935036611696,1940900
2019-05-16,65.77200317382812,65.81250445452125,65.75579771709421,65.81250445452125,1862700
2019-05-17,65.78821563720703,65.86922439540228,65.74771434839545,65.8611278459832,1615200
2019-05-20,65.70719909667969,65.8206125808348,65.70719909667969,65.7882078452803,2188000
2019-05-21,65.6748046875,65.71531215845516,65.65860540746132,65.70720942814967,1747000
2019-05-22,65.79627990722656,65.8367811723639,65.71527119638343,65.71527119638343,4000500
2019-05-23,66.03120422363281,66.08791093475281,65.86918063431283,65.86918063431283,5334000
2019-05-24,66.03120422363281,66.04740349228082,65.99069678116082,66.03120422363281,1770100
2019-05-28,66.16893005371094,66.17703277959424,66.08792133658466,66.13652533074664,1910600
2019-05-29,66.15276336669922,66.31478088075508,66.15276336669922,66.22566939385275,3142700
2019-05-30,66.33098602294922,66.355294214721,66.16086576398199,66.21757251697106,2253600
2019-05-31,66.62259674072266,66.62259674072266,66.42007181832697,66.46057927503416,5898700
2019-06-03,66.81178283691406,66.84426378636886,66.61690333529297,66.69810261137613,3787000
2019-06-04,66.69812774658203,66.75496788077122,66.60880665069759,66.71437132498465,2906700
2019-06-05,66.69812774658203,66.8118080149604,66.64128761239284,66.73060870827727,7341700
2019-06-06,66.68190002441406,66.79558030926287,66.64129726763483,66.72249658608241,2995300
2019-06-07,66.86051177978516,66.94983285619149,66.8117934454212,66.87675535464557,2490100
2019-06-10,66.72248840332031,66.79557211753787,66.69812923028451,66.79557211753787,2417400
2019-06-11,66.67376708984375,66.7306072227676,66.64940791789208,66.68188887886426,3362100
2019-06-12,66.78744506835938,66.78744506835938,66.69000218878004,66.70624576626476,1904400
2019-06-13,66.901123046875,66.93360400562615,66.81992374755184,66.82804553601699,1946300
2019-06-14,66.90925598144531,66.92549336597108,66.82805666859554,66.83617226330318,2260700
2019-06-17,66.90925598144531,66.9336151557892,66.82805666859554,66.82805666859554,2792600
2019-06-18,67.06351470947266,67.16907936327323,67.01479637393935,67.12036102773992,3342000
2019-06-19,67.2908935546875,67.2908935546875,66.94984655901085,66.97421192628839,2496900
2019-06-20,67.39646911621094,67.50202762073113,67.38023172901994,67.41270650340194,2171600
2019-06-21,67.20968627929688,67.29089177785796,67.16096793624801,67.27464820010185,2398100
2019-06-24,67.33152770996094,67.37213048298747,67.27468754479183,67.2990467305624,2803800
2019-06-25,67.35582733154297,67.4370328057843,67.30710900308448,67.38830828221792,2699800
2019-06-26,67.20155334472656,67.3477145312672,67.19343155794427,67.3395927444849,2195800
2019-06-27,67.39646911621094,67.42082829455317,67.25842964219726,67.30714799888173,2021400
2019-06-28,67.45328521728516,67.4695225986876,67.35584234354262,67.36396413179848,2554600
2019-07-01,67.4483871459961,67.5134949015673,67.35071619822506,67.48094412858644,2354400
2019-07-02,67.57865142822266,67.60306762814052,67.44028882227913,67.48912122211486,3127100
2019-07-03,67.70072174072266,67.73327873569207,67.61933235810507,67.64374855192916,1720800
2019-07-05,67.38328552246094,67.43211790048565,67.24492297831716,67.41584251101429,2356800
2019-07-08,67.37516021728516,67.48910659862099,67.35888482407091,67.45654960258045,1761500
2019-07-09,67.28562927246094,67.38330025948207,67.2774946807515,67.38330025948207,1839400
2019-07-10,67.34259796142578,67.39957114764378,67.29376557598508,67.36701415414613,2097200
2019-07-11,67.12284088134766,67.3670089994799,67.09028389034113,67.31817661777568,3024100
2019-07-12,67.17982482910156,67.20424102386649,67.09843544334777,67.12285163811269,2265000
2019-07-15,67.27745819091797,67.27745819091797,67.1716464599654,67.1716464599654,2245900
2019-07-16,67.18795013427734,67.2123663234109,67.114695357266,67.16352773553312,2294100
2019-07-17,67.39140319824219,67.39953778538136,67.26117528871339,67.28559146934792,2062300
2019-07-18,67.51348876953125,67.53791116146293,67.33443469596149,67.36698546598586,3323200
2019-07-19,67.44024658203125,67.48907895128151,67.39954880124968,67.43210578395303,2167300
2019-07-22,67.51348876953125,67.57860272879785,67.48907258720851,67.5704619314873,1725500
2019-07-23,67.45657348632812,67.51354669716804,67.40774107978369,67.48099589921459,1799600
2019-07-24,67.52166748046875,67.57864067441542,67.49725128443625,67.51352667858711,2535800
2019-07-25,67.4483871459961,67.5134949015673,67.33444081173462,67.49721951507686,2199000
2019-07-26,67.4483871459961,67.48907871702691,67.41583016340574,67.48907871702691,2413500
2019-07-29,67.48910522460938,67.52980302123449,67.45654822923167,67.52166221998708,1771900
2019-07-30,67.4728012084961,67.51349277824714,67.42396263134181,67.50535819006251,1968800
2019-07-31,67.5542221069336,67.67630929242279,67.37516172949775,67.48910811339107,2628700
2019-08-01,68.03800201416016,68.070634895712,67.66273321244256,67.68720631758501,3278400
2019-08-02,68.10324096679688,68.13586761141872,68.01350213387857,68.07060809809174,5392400
2019-08-05,68.39690399169922,68.44585639223723,68.28269209724624,68.33164449778425,4284300
2019-08-06,68.5682373046875,68.58455062434592,68.38875966803347,68.4213925314326,4939700
2019-08-07,68.5682373046875,68.93534612578361,68.5519177609468,68.89455349051414,5516400
2019-08-08,68.6253433227539,68.66612973397862,68.35612686752518,68.44586568593475,3244200
2019-08-09,68.50299835205078,68.72326248598146,68.48667880193163,68.65800295775905,2832800
2019-08-12,68.8048095703125,68.8619217450878,68.67428435047674,68.71507698272144,3008000
2019-08-13,68.69879913330078,68.86196353722178,68.63353337173238,68.83748420856944,3299800
2019-08-14,68.94352722167969,69.00063319427028,68.89457479939902,68.95984054638377,3395400
2019-08-15,69.27799224853516,69.35957130723042,69.01693552626037,69.07404148975537,4358100
2019-08-16,69.2046127319336,69.22908584119752,69.00881540964855,69.15566028931893,3913600
2019-08-19,68.98432159423828,69.0495873487433,68.93537539040197,68.96800826765448,3640100
2019-08-20,69.1637954711914,69.1637954711914,69.08221639462704,69.13116259574875,2568100
2019-08-21,69.13115692138672,69.25352863823113,69.05773762573051,69.0985240486226,2532300
2019-08-22,69.00062561035156,69.15562396229906,68.9679927404459,69.05773157666559,3232600
2019-08-23,69.25355529785156,69.32698084585749,68.95170577664753,68.97618510870716,3100100
2019-08-26,69.21273040771484,69.33510211468727,69.1637842145593,69.28615592153173,2358800
2019-08-27,69.44929504394531,69.45745481526625,69.29429673333875,69.3187698232197,2450800
2019-08-28,69.47377014160156,69.58798203683575,69.4574505999501,69.57982226601003,3352400
2019-08-29,69.43297576904297,69.44113553966392,69.3024443354332,69.44113553966392,2812400
2019-08-30,69.42483520507812,69.48194116706067,69.3432561485435,69.3677292430956,2861800
2019-09-03,69.48865509033203,69.64400294830425,69.36601237287333,69.48048348360446,3345800
2019-09-04,69.61941528320312,69.62759312070717,69.45588972243375,69.47224539744185,2864100
2019-09-05,69.25971984863281,69.4150676942777,69.15343282879893,69.37418471241308,3162800
2019-09-06,69.34146881103516,69.37417394387678,69.26788694054119,69.30059207338282,2764600
2019-09-09,69.02259826660156,69.1288915027268,69.00624881989474,69.06348124016758,2618400
2019-09-10,68.67101287841797,68.98988005058486,68.64648559407664,68.9735306069789,2425900
2019-09-11,68.630126953125,68.71188663592748,68.60559967207065,68.61377127384613,2030200
2019-09-12,68.49932861328125,68.82637368807497,68.45845187759826,68.80184639909199,3025200
2019-09-13,68.10686492919922,68.4093764123632,68.09868708866746,68.36849968543369,3111300
2019-09-16,68.2867202758789,68.35213051149155,68.19678899924078,68.29489811479634,2971000
2019-09-17,68.44207763671875,68.4993100414506,68.27855826258896,68.33579066732081,2974900
2019-09-18,68.49114990234375,68.71190797612273,68.45027316717919,68.58926529489729,2557800
2019-09-19,68.58924102783203,68.68735638567208,68.56471374783794,68.67100070710023,2631100
2019-09-20,68.83452606201172,68.8426976634053,68.63829534702005,68.67100046618533,2436700
2019-09-23,68.88357543945312,69.05527262375566,68.87539760081114,68.92445839479986,2365800
2019-09-24,69.12067413330078,69.13702357065807,68.94079913305866,68.96532640802579,3043500
2019-09-25,68.79367065429688,69.04712763200347,68.74461607483525,69.0389560273373,3009500
2019-09-26,68.90808868408203,68.98167674114698,68.87538357403783,68.93261595714971,2909900
2019-09-27,68.98168182373047,69.0143869361844,68.89991592366445,68.89991592366445,2778400
2019-09-30,69.03076934814453,69.06347447622106,68.86724994562721,68.89177723221827,5258400
2019-10-01,69.09796905517578,69.25364622054963,68.84395828295415,68.868544810337,5383100
2019-10-02,69.25365447998047,69.31920605813569,69.17171813295772,69.23726971111294,3741400
2019-10-03,69.48306274414062,69.5895793360126,69.32737935873187,69.33557486621143,3149600
2019-10-04,69.59776306152344,69.6305388345526,69.49943574243595,69.53221151546511,3309600
2019-10-07,69.4175033569336,69.54860020511641,69.40930785037845,69.48305490669493,4701400
2019-10-08,69.45028686523438,69.58138372801507,69.40112007176863,69.57319447188792,3876100
2019-10-09,69.36833190917969,69.46665296701669,69.31096962365626,69.46665296701669,3187900
2019-10-10,69.15532684326172,69.31100401252297,69.11435554794235,69.29461924520041,3683300
2019-10-11,68.90129089355469,68.96684244158148,68.79477431651593,68.95045768024464,3411200
2019-10-14,69.01599884033203,69.03238359920273,68.96683206104242,69.02418809409801,1600400
2019-10-15,68.8357162475586,69.01597980210391,68.8029404875197,68.97500853922105,2408500
2019-10-16,68.90950775146484,68.95047904451144,68.84395618312693,68.86854270975988,2549900
2019-10-17,68.90950775146484,68.99963959509407,68.84395618312693,68.89312298505118,2420600
2019-10-18,68.94229888916016,69.02423524215905,68.93410337845737,68.94229888916016,2467600
2019-10-21,68.77838897705078,68.90129031439334,68.77838897705078,68.86852079199508,2328000
2019-10-22,68.90129089355469,68.94226217390636,68.8029698228542,68.91768190623124,4545600
2019-10-23,68.9340591430664,69.03238645437366,68.92586988896173,69.00780618938161,4250400
2019-10-24,68.94229888916016,69.04881552292441,68.92591411909758,68.97507468062831,2353700
2019-10-25,68.82754516601562,68.9832285186054,68.78657388859538,68.9832285186054,2157500
2019-10-28,68.68009185791016,68.70467213618784,68.63093130135478,68.69647662631448,2861600
2019-10-29,68.69644165039062,68.7701886990187,68.68005689032839,68.7701886990187,2729800
2019-10-30,68.91771697998047,68.92591249048962,68.73745325683645,68.7784245580393,2831800
2019-10-31,69.24542999267578,69.25361924727198,69.07336187606472,69.10613139712831,3058400
2019-11-01,69.18387603759766,69.27420563511247,69.06891223440742,69.18387603759766,2771900
2019-11-04,68.98677062988281,69.02782553581565,68.94570945889491,69.01961831366212,2444500
2019-11-05,68.74864959716797,68.81434498381532,68.66653349638723,68.80613149422017,2890600
2019-11-06,68.89645385742188,68.92930154729986,68.75685587423263,68.7732765866435,3147000
2019-11-07,68.5433578491211,68.66653513576144,68.37091215384743,68.66653513576144,3767100
2019-11-08,68.47765350341797,68.64188568741736,68.46944001470114,68.52692190560654,2130600
2019-11-11,68.51869201660156,68.59259459543813,68.46941736565635,68.5679604024926,1926100
2019-11-12,68.55976104736328,68.60903570846449,68.46943147790907,68.54334033703317,3072600
2019-11-13,68.68293762207031,68.74041950523937,68.64187644906868,68.69936459729311,2690800
2019-11-14,68.87999725341797,68.94569260491717,68.87179003327073,68.92105841436835,2299700
2019-11-15,68.85540771484375,68.91288961841855,68.81435279232325,68.83077350831992,2342200
2019-11-18,68.95394897460938,69.01143087665747,68.93752199399138,68.97036969016993,3553000
2019-11-19,69.02784729003906,69.06069498417038,68.95394467703642,68.9621581668335,3712600
2019-11-20,69.2166748046875,69.22488828912572,69.1017110827644,69.15097945928774,4924100
2019-11-21,69.10173797607422,69.1345856615579,69.03604260510686,69.12637217392313,2779600
2019-11-22,69.14280700683594,69.18386818834131,69.08532511176243,69.1756546990289,3119700
2019-11-25,69.20848083496094,69.23311503016872,69.16742593129956,69.19206012650734,3444700
2019-11-26,69.32345581054688,69.33988278671421,69.26597392407268,69.30703509943528,3207400
2019-11-27,69.2166748046875,69.26594318121083,69.20024783581107,69.23309550851096,2293000
2019-11-29,69.2166748046875,69.23309550851096,69.13455875546428,69.2166748046875,2535100
2019-12-02,69.03562927246094,69.03562927246094,68.92865058300218,68.98625545862775,3745800
2019-12-03,69.40596771240234,69.48003473538816,69.23315303005222,69.26607100932786,3393600
2019-12-04,69.26608276367188,69.3566056524258,69.17555987491795,69.34014979922674,3876800
2019-12-05,69.1920166015625,69.23315937057805,69.10972478506825,69.15909861927217,2850000
2019-12-06,69.10148620605469,69.20846492801846,69.01919439850853,69.05211237721949,4121700
2019-12-09,69.1179428100586,69.20023461850234,69.109718024138,69.19200983258173,2795100
2019-12-10,69.06852722167969,69.16728109918284,69.04384032191858,69.15905003977623,2700500
2019-12-11,69.29898071289062,69.33189868823517,69.15908402652265,69.1837709384156,2581800
2019-12-12,68.96981048583984,69.25784121405317,68.88751868283408,69.24961015021397,4645900
2019-12-13,69.28252410888672,69.31544208387228,69.01095552410213,69.15085220894446,3877700
2019-12-16,69.0932846069336,69.18380751737706,69.07682874979167,69.16735166023513,2876500
2019-12-17,69.10148620605469,69.20846492801846,69.07679929163709,69.19200907789421,3282700
2019-12-18,69.01094818115234,69.11792687962628,68.96157436315838,69.11792687962628,3786100
2019-12-19,69.06031799316406,69.11792287030255,68.98625727046915,69.02740002359053,3240600
2019-12-20,69.0768051147461,69.09326096625755,68.97805117028835,69.01920021676149,3646300
2019-12-23,69.0331039428711,69.11558580655843,68.9753704137796,69.10733636169316,4192500
2019-12-24,69.09906005859375,69.11555894191133,68.95885101279575,68.97534360363305,1682800
2019-12-26,69.16504669189453,69.16504669189453,69.04957967244074,69.13205521598194,2036400
2019-12-27,69.26399993896484,69.2722430860618,69.22275903356525,69.24750105981353,1940300
2019-12-30,69.23925018310547,69.23925018310547,69.0578065635579,69.08254858929264,2562000
2019-12-31,69.16504669189453,69.21453075952313,69.09081429797102,69.15679724979623,5931300
2020-01-02,69.25579833984375,69.37126540375041,69.22280685122999,69.26404778511795,5511000
2020-01-03,69.50321197509766,69.51971086253857,69.3630028942592,69.42898585905913,5368300
2020-01-06,69.42070770263672,69.53617469703802,69.37122364574452,69.52793154920883,3710400
2020-01-07,69.36302185058594,69.4454974328848,69.33827980514464,69.4454974328848,3029900
2020-01-08,69.25579833984375,69.4454915337691,69.19806480789042,69.38775800181577,3674400
2020-01-09,69.3382339477539,69.36297597683186,69.16503345172873,69.20627436184496,5886600
2020-01-10,69.45372009277344,69.47846212867253,69.36299509948935,69.41248546376868,4525700
2020-01-13,69.41249084472656,69.42898343911077,69.36300047661067,69.42898343911077,3735700
2020-01-14,69.51142883300781,69.51967827286107,69.428953311912,69.44544589913959,3492300
2020-01-15,69.61868286132812,69.61868286132812,69.53620101198807,69.6104334178978,2594300
2020-01-16,69.57740020751953,69.63513369194284,69.53615930758379,69.58564964600225,4784100
2020-01-17,69.56917572021484,69.57742516165625,69.48670018324115,69.50319277364383,3090600
2020-01-21,69.74240112304688,69.76714316372012,69.62693407158348,69.68466759731517,2910600
2020-01-22,69.80014038085938,69.80014038085938,69.74240685038652,69.76714889309162,4192100
2020-01-23,69.92383575439453,69.96507667476106,69.87435168393948,69.92383575439453,3104800
2020-01-24,70.03109741210938,70.10532355783693,69.94037237234166,69.96511442091752,4548400
2020-01-27,70.2619857788086,70.27022892796985,70.1877533889953,70.24548689552552,3208600
2020-01-28,70.13825988769531,70.2207354155736,70.08877582946423,70.21248597504194,3993400
2020-01-29,70.33623504638672,70.37747597569978,70.220767995289,70.24551003588388,4177500
2020-01-30,70.35274505615234,70.47645527868235,70.29501152147722,70.40222914516434,4795700
2020-01-31,70.5341796875,70.58367006259218,70.41871263308911,70.43521152228068,6264000
2020-02-03,70.47054290771484,70.50360514280034,70.33002683210736,70.43748067262935,6030800
2020-02-04,70.25559997558594,70.28866219111472,70.18947554452838,70.28039506073932,4180900
2020-02-05,70.1399154663086,70.2060399257355,70.11512037051739,70.1647105620998,3537200
2020-02-06,70.20603942871094,70.22256739046288,70.13164783588846,70.18124433309526,3435700
2020-02-07,70.42092895507812,70.44573035473003,70.34654367404738,70.39613386140121,4169700
2020-02-10,70.52836608886719,70.57795626449283,70.47876960726805,70.5448940454179,2785500
2020-02-11,70.41266632080078,70.52011382596825,70.40439918779565,70.49531873292767,3799400
2020-02-12,70.32999420166016,70.36305642140603,70.29693828788791,70.33826133309003,4127500
2020-02-13,70.3961410522461,70.44573755064111,70.33828372576494,70.37134595603641,2852500
2020-02-14,70.47054290771484,70.53666107190928,70.46227577244933,70.52013310735481,3069000
2020-02-18,70.57795715332031,70.64408159230291,70.52009984570394,70.61101937281161,3645200
2020-02-19,70.5696792602539,70.6110086048088,70.52008909156613,70.55315130601552,3109600
2020-02-20,70.7432861328125,70.7432861328125,70.62757147801547,70.65237288059403,8404000
2020-02-21,70.91686248779297,71.02431000546814,70.85900516197164,70.88380025789856,6561500
2020-02-24,71.14000701904297,71.2391936841344,71.13173988712518,71.22265942029883,6314500
2020-02-25,71.19784545898438,71.2887649680591,71.1399881628434,71.1565161163241,7928900
2020-02-26,71.15652465820312,71.3218357427164,71.08213939965196,71.14826383345728,8015900
2020-02-27,71.23919677734375,71.39623445475627,71.18133946335509,71.29705409133243,9514600
2020-02-28,71.71031951904297,71.80123905248436,71.41276582886641,71.51194618827591,16377200
2020-03-02,71.66312408447266,71.97783964501666,71.63827944939277,71.90329942120246,10154400
2020-03-03,72.09376525878906,72.48300829677943,71.67138762522346,71.69623225333213,9323900
2020-03-04,72.07722473144531,72.38365666860156,72.05238009410903,72.26771081531544,7445600
2020-03-05,72.35052490234375,72.46647075005787,72.28426832691432,72.36708588691371,5385000
2020-03-06,72.84744262695312,73.09590164614718,72.5989899263344,73.05448970342306,10176200
2020-03-09,72.6900405883789,73.97373420867811,72.6486349894292,73.92404496250987,12445600
2020-03-10,71.71282196044922,72.62383414653364,71.71282196044922,72.41678707125541,14177600
2020-03-11,70.3545913696289,72.25114327587751,70.28834110980642,71.87017742795412,10511600
2020-03-12,66.52837371826172,70.30491068847758,63.34812707078321,69.13716836471909,16986900
2020-03-13,69.3359146118164,69.94048843758843,67.4973358632206,67.65469363748353,14137500
2020-03-16,70.0647201538086,70.10613209105962,65.849245266923,67.34826388050773,8411000
2020-03-17,68.6153564453125,70.16406987166843,68.56566720035681,69.19509168360459,13629700
2020-03-18,66.95901489257812,68.46631716802875,66.51179250510492,67.44764921759635,10076800
2020-03-19,66.91761779785156,67.56360366696526,65.90722705136078,66.03973389494995,11007200
2020-03-20,68.0522232055664,68.36693876697109,66.82650820205997,66.83478553472621,8864500
2020-03-23,69.55953979492188,69.55953979492188,67.24889347217434,67.25717712511937,10973300
2020-03-24,69.63404846191406,69.7665552560762,68.52427325776287,68.69819197929797,9371200
2020-03-25,70.56990051269531,70.93430526388654,69.68373958294922,69.68373958294922,9655500
2020-03-26,70.89291381835938,70.96745404744578,70.42913041453279,70.43741406633683,10803800
2020-03-27,71.27388763427734,71.34014421897275,70.5699287979717,70.70244196736253,4975200
2020-03-30,71.34841918945312,71.69625673891285,71.24075067278113,71.24075067278113,6030800
2020-03-31,70.68586730957031,71.5720285023272,70.68586730957031,71.43123801342541,8523900
2020-04-01,71.05105590820312,71.59888251955907,71.00955792207219,71.48267802612052,5995000
2020-04-02,71.38308715820312,71.53249387300389,71.29178270289869,71.48269374562742,6356100
2020-04-03,71.34989166259766,71.49099625852917,71.24198926559212,71.42459819334911,4151200
2020-04-06,71.573974609375,71.6320768497202,71.3830636295726,71.6320768497202,4373100
2020-04-07,71.64039611816406,71.7068005096489,71.43288714427744,71.57399805935054,6009600
2020-04-08,71.82299041748047,71.82299041748047,71.54907710783111,71.6320857466364,4572300
2020-04-09,72.61154174804688,72.61154174804688,72.00561276777556,72.00561276777556,5070700
2020-04-13,72.37911987304688,72.5368287029093,72.16331512264325,72.5368287029093,7018100
2020-04-14,72.37911987304688,72.5368287029093,72.30441969006193,72.5368287029093,5818300
2020-04-15,72.73603057861328,72.7526348399282,72.3791149523851,72.41231714234472,3922500
2020-04-16,72.77754211425781,72.8771486940115,72.62813541096271,72.73603778952607,3459600
2020-04-17,72.67794036865234,72.92695366826416,72.56173585087917,72.80244701845825,3528300
2020-04-20,72.56175231933594,72.66135892832142,72.49534791334563,72.65305679440445,3705200
2020-04-21,72.65303802490234,72.80244473344582,72.57833783696614,72.79414260167367,4513000
2020-04-22,72.59494018554688,72.64474031386823,72.4870377966268,72.5866380532695,3240100
2020-04-23,72.71115112304688,72.76925338877277,72.62814879096304,72.68625105668893,2587200
2020-04-24,72.68624877929688,72.7277531103744,72.60324644981364,72.677946646547,2272600
2020-04-27,72.42892456054688,72.66963569874312,72.41232029850823,72.6530314367045,3117300
2020-04-28,72.64473724365234,72.66964363943185,72.5451369912191,72.62813931247054,3118800
2020-04-29,72.69452667236328,72.80242903144472,72.61152437055682,72.74432678691322,4867500
2020-04-30,72.63642883300781,72.81073557717346,72.62812670252276,72.78583551838838,5390100
2020-05-01,72.60652923583984,72.73127764190615,72.49009315998447,72.67305960397846,4857100
2020-05-04,72.6813735961914,72.706323275797,72.58156853247915,72.6397865666555,7276600
2020-05-05,72.61483001708984,72.66473571686939,72.58988033984468,72.61483001708984,3625600
2020-05-06,72.29047393798828,72.58988276551375,72.24057458183051,72.55661441297876,5006600
2020-05-07,72.52335357666016,72.55662193264303,72.33206846137125,72.50672257131376,3425600
2020-05-08,72.3154067993164,72.49837952306432,72.27382612728422,72.46511117826579,3078900
2020-05-11,72.09086608886719,72.3320568721312,72.04927906422925,72.29878852147868,4344300
2020-05-12,72.32373046875,72.41521683694484,72.1740260794574,72.2488814467479,3942700
2020-05-13,72.40692901611328,72.51505277657189,72.3653483234909,72.47346573865842,2628900
2020-05-14,72.60652923583984,72.60652923583984,72.50672416569657,72.54831119791216,2844700
2020-05-15,72.64810180664062,72.78117521863159,72.58988377521696,72.78117521863159,2871300
2020-05-18,72.51502227783203,72.68135766894555,72.41521723599085,72.68135766894555,3573700
2020-05-19,72.60652923583984,72.61484156605077,72.49009315998447,72.58157320933634,3083000
2020-05-20,72.79779052734375,72.83105887316887,72.58154945212459,72.66472348933145,4388600
2020-05-21,72.87264251708984,72.93086053326572,72.82273682801919,72.85600517230367,5762200
2020-05-22,72.89759826660156,72.92254794057305,72.86432991954344,72.92254794057305,3710300
2020-05-26,72.8559799194336,72.90588559120627,72.79776192343687,72.90588559120627,5193900
2020-05-27,72.88927459716797,73.00571063124588,72.83105658012902,72.9807609589846,7606400
2020-05-28,72.91426086425781,72.91426086425781,72.77287508695873,72.81446212512489,7381900
2020-05-29,73.12215423583984,73.13879158259518,72.88096347019655,72.95581884001828,6196500
2020-06-01,73.06297302246094,73.06297302246094,72.95464745464145,72.98797350819562,4345600
2020-06-02,73.1213150024414,73.1213150024414,73.02131775305129,73.05465016951466,5445500
2020-06-03,72.95468139648438,73.06300701470188,72.87968184732586,73.02133989211266,5036400
2020-06-04,72.7796630859375,73.02965303266497,72.74633702671504,73.00465530949391,6341700
2020-06-05,72.77134704589844,72.77134704589844,72.52135705693073,72.66301508384132,6465600
2020-06-08,72.84632873535156,72.90465887590688,72.67967300733883,72.72966845424095,4491000
2020-06-09,72.8963394165039,73.0129997118205,72.8963394165039,72.98799562781613,5445200
2020-06-10,73.20464324951172,73.20464324951172,72.91299255081016,73.02965283029079,3951600
2020-06-11,73.07131958007812,73.27964241491013,73.0629848865825,73.27964241491013,5026500
2020-06-12,73.14633178710938,73.25466375822339,73.07133859865509,73.187998907924,4087300
2020-06-15,73.29634094238281,73.37966884517029,73.15468287189294,73.21301303959532,4486100
2020-06-16,73.20464324951172,73.40463139183444,73.14631310977141,73.40463139183444,9338500
2020-06-17,73.22130584716797,73.27963598149964,73.08797619297681,73.27130128873573,3900300
2020-06-18,73.30462646484375,73.32962418315958,73.22962695238904,73.27962874652792,2988600
2020-06-19,73.32965850830078,73.34632154247547,73.27966304826656,73.27966304826656,2606400
2020-06-22,73.30462646484375,73.46295382418697,73.28795708096173,73.42962141393012,3048400
2020-06-23,73.27130889892578,73.34630206906647,73.25464586917514,73.33797373294539,3037100
2020-06-24,73.2796401977539,73.32963564219824,73.20464067357922,73.25464247553174,3256700
2020-06-25,73.35462951660156,73.4462920649468,73.32963179569066,73.43795737214054,4318400
2020-06-26,73.48796844482422,73.50463147503156,73.37130816084685,73.47129905710821,2911700
2020-06-29,73.53795623779297,73.54629093078334,73.43795899443246,73.51295851632985,3047300
2020-06-30,73.61293029785156,73.62959967950621,73.47127234131884,73.62126498867889,5405900
2020-07-01,73.63133239746094,73.63133239746094,73.46437046680305,73.58124509210145,3569200
2020-07-02,73.74818420410156,73.74818420410156,73.60626597003478,73.65635962908402,4007000
2020-07-06,73.7231674194336,73.73986743493029,73.61464279546404,73.67308011132299,4026800
2020-07-07,73.84005737304688,73.84005737304688,73.70648906730644,73.77327640477219,3300800
2020-07-08,73.79828643798828,73.8734173815107,73.75654277879484,73.86507374502254,2908100
2020-07-09,73.99862670898438,74.04037035955764,73.82331484111296,73.84000847983016,3189700
2020-07-10,73.91515350341797,74.09046538961483,73.89845349376826,74.09046538961483,2960500
2020-07-13,73.94854736328125,73.96524100379081,73.87341005801947,73.9068037082261,3115800
2020-07-14,74.04039764404297,74.08213494080992,73.99865397808682,74.02369762998484,3067300
2020-07-15,74.04871368408203,74.10715097312767,73.99027639503639,74.0654136919161,3349900
2020-07-16,74.09883880615234,74.18231977321437,74.09883880615234,74.14892611255166,2856100
2020-07-17,74.17396545410156,74.24075277154472,74.1071781366584,74.2240591267785,2430300
2020-07-20,74.24908447265625,74.29917176379519,74.19899081232974,74.29917176379519,2771000
2020-07-21,74.29082489013672,74.33256854730365,74.27413124878265,74.30752490067863,3044700
2020-07-22,74.39099884033203,74.41604248459866,74.34091155179875,74.39934884481666,5609100
2020-07-23,74.45781707763672,74.49955437902865,74.42442341500923,74.49955437902865,4394900
2020-07-24,74.44109344482422,74.49118710746787,74.37430614075794,74.43274980870683,2980400
2020-07-27,74.39099884033203,74.53291707063445,74.29916789856287,74.52456706614983,5146900
2020-07-28,74.42440032958984,74.49953127030469,74.36596303041566,74.47448762339974,5547800
2020-07-29,74.54129028320312,74.54129028320312,74.43276566786332,74.46615295782232,3136200
2020-07-30,74.5830078125,74.60805782711375,74.5496205313901,74.56631417194505,2621100
2020-07-31,74.68321228027344,74.691562287774,74.52459398371036,74.59138130533583,5110000
2020-08-03,74.65727233886719,74.70745519794467,74.57364274777646,74.69909032467696,6270000
2020-08-04,74.8161849975586,74.8161849975586,74.72419051848269,74.74092026769458,5325100
2020-08-05,74.71580505371094,74.75762303468665,74.66562858096255,74.7408996706132,4931500
2020-08-06,74.83294677734375,74.9165764176095,74.79949364513094,74.83294677734375,3933400
2020-08-07,74.74925994873047,74.92488398807494,74.72417171175672,74.89143725912875,3764400
2020-08-10,74.66560363769531,74.849592483679,74.65723876818898,74.83286912519229,3708400
2020-08-11,74.40638732910156,74.51510516496562,74.33111622694251,74.51510516496562,8125700
2020-08-12,74.21401977539062,74.30601422736783,74.18893153949283,74.30601422736783,4530800
2020-08-13,73.97151184082031,74.23913040533648,73.89624711042352,74.23913040533648,3969800
2020-08-14,73.8878402709961,74.04674089673675,73.87111691169372,74.01328779760576,3454400
2020-08-17,73.97986602783203,74.0551371278845,73.92132467469297,73.96314266144756,3995400
2020-08-18,74.0802230834961,74.12203468843249,74.02168173216214,74.07185821029732,6371100
2020-08-19,73.95480346679688,74.18060408429956,73.92971521824448,74.18060408429956,4628100
2020-08-20,74.0802230834961,74.16385267389765,74.07185821029732,74.14712930802884,4623400
2020-08-21,74.2391128540039,74.2391128540039,74.08021855611035,74.16384814140092,3642100
2020-08-24,74.15547180175781,74.25583111690455,74.13038356810299,74.22237801185564,2960400
2020-08-25,74.01333618164062,74.06351267287539,73.87952369764068,74.03005955187541,4830800
2020-08-26,73.97151184082031,74.02169470828139,73.88788223575835,73.98824159015062,4853800
2020-08-27,73.70386505126953,74.11366080604182,73.69550656033515,74.11366080604182,5125700
2020-08-28,73.76241302490234,73.83768411377396,73.6955131887729,73.79586613323106,4281200
2020-08-31,73.97986602783203,74.0467722544278,73.81260684187156,73.84605995516945,16000300
2020-09-01,74.1834945678711,74.20024692034053,73.87352171868754,73.93216453971274,7201700
2020-09-02,74.34259796142578,74.3677296635025,74.16666965530631,74.17504901985936,5054900
2020-09-03,74.35098266601562,74.46826821185229,74.31747159697903,74.40124607377909,7543900
2020-09-04,73.91536712646484,74.25884447119431,73.91536712646484,74.24209212893756,6588300
2020-09-08,74.02426147460938,74.13316766079681,73.99075040387866,74.07452488491386,4440300
2020-09-09,73.97402954101562,74.09968812024583,73.92375971773761,74.05780405769774,6048200
2020-09-10,73.99076080322266,74.02427187866333,73.86509586821614,73.9153656771692,5331800
2020-09-11,74.06615447998047,74.10803852615925,74.01588467634913,74.08290682013529,5301400
2020-09-14,74.06615447998047,74.16668130407629,74.05777511411134,74.13317023218322,4256400
2020-09-15,74.10802459716797,74.1331562984683,74.05776119456732,74.10802459716797,3746900
2020-09-16,74.09130096435547,74.22533888707977,74.00752007211999,74.2085865435835,4851800
2020-09-17,74.09130096435547,74.23371825462026,74.07454222927448,74.22533888707977,2815400
2020-09-18,74.00748443603516,74.15828102122886,73.99911146411112,74.15828102122886,2938800
2020-09-21,74.04940795898438,74.14156182399067,74.0410285917335,74.13318245673979,4981500
2020-09-22,74.07450103759766,74.11639146042079,74.01585828059397,74.05774870341709,4442200
2020-09-23,73.90696716308594,74.09127483446838,73.90696716308594,74.06614313229485,4659600
2020-09-24,73.91536712646484,73.99914162091709,73.88185605036709,73.99076225399659,4225900
2020-09-25,73.90696716308594,73.97398929660363,73.88183546091241,73.97398929660363,5602600
2020-09-28,73.97402954101562,73.98240251857369,73.91538674017956,73.94889143358365,4215100
2020-09-29,74.02426147460938,74.09128361607081,73.99912976945714,74.04939317976161,7929700
2020-09-30,73.90696716308594,73.97398929660363,73.8315656649829,73.95723056743299,6113600
2020-10-01,73.98252868652344,74.00770320396559,73.82308153942799,73.83986241689897,4485900
2020-10-02,73.93214416503906,74.02445496099376,73.83144613488402,74.02445496099376,5557100
2020-10-05,73.65522766113281,73.8314620568473,73.65522766113281,73.8314620568473,6298400
2020-10-06,73.75591278076172,73.88179171507207,73.63003384645138,73.73073827439336,5705900
2020-10-07,73.65522766113281,73.76432575395323,73.6132722736767,73.69718945105916,3494600
2020-10-08,73.78107452392578,73.80624902593927,73.72233188507184,73.7559000219123,5661600
2020-10-09,73.79788208007812,73.79788208007812,73.64682862400629,73.70557127900815,4105000
2020-10-12,73.90696716308594,73.93214166977505,73.8146563702468,73.8398308769359,3383500
2020-10-13,73.96574401855469,74.01609305521697,73.92378221968838,73.94896314049112,4121100
2020-10-14,74.00765991210938,74.04122804988653,73.94891727161627,73.99087264198698,6966400
2020-10-15,73.96574401855469,74.0496612138157,73.93217585995596,74.007705817421,3877900
2020-10-16,73.90696716308594,74.02445246261419,73.88179265639684,73.98249708562189,3424500
2020-10-19,73.83984375,73.87341189892722,73.78110108999482,73.85663102569849,5206600
2020-10-20,73.71395111083984,73.78948103252516,73.68877660443425,73.78948103252516,4652700
2020-10-21,73.63001251220703,73.71392964327615,73.61323164697988,73.68036791282185,4115700
2020-10-22,73.5041732788086,73.63005224457262,73.48739240452613,73.62166500866647,5036700
2020-10-23,73.59648895263672,73.63845074481858,73.4873972564227,73.49579089535318,3237300
2020-10-26,73.70555877685547,73.77269505760381,73.68038427219187,73.68877150543432,4177000
2020-10-27,73.88179779052734,73.89857866199665,73.76431248283491,73.82305513668113,3293100
2020-10-28,73.78107452392578,73.92373430364715,73.7559000219123,73.92373430364715,4766400
2020-10-29,73.62165832519531,73.79788630027869,73.54612839160555,73.78109902505004,4200700
2020-10-30,73.49579620361328,73.64684970291907,73.42865989226159,73.57971339156738,9731400
2020-11-02,73.59747314453125,73.66471895724608,73.57224874954723,73.60587486266729,4021200
2020-11-03,73.5806884765625,73.58909661183428,73.48821822915717,73.57228034129074,3985400
2020-11-04,74.08507537841797,74.13551778184191,73.97579526246875,74.03463938852275,5667400
2020-11-05,74.16069793701172,74.2195420330411,74.06822772703337,74.21113390117247,4128700
2020-11-06,73.99259185791016,74.03462611764058,73.90852975197689,73.98419013678613,3844500
2020-11-09,73.6479263305664,73.7740226808739,73.50502012653043,73.7572064136186,5712700
2020-11-10,73.5050048828125,73.59747509295941,73.46297063691827,73.49659675092856,5169600
2020-11-11,73.55546569824219,73.56387383296686,73.45458732212893,73.50502971694938,3365700
2020-11-12,73.79924774169922,73.79924774169922,73.63952525509896,73.68155951373926,4178500
2020-11-13,73.82447814941406,73.87491413744429,73.79926015539895,73.83288628526194,3199500
2020-11-16,73.86648559570312,73.874887314972,73.79923336039508,73.82445134525406,4059400
2020-11-17,73.99259185791016,74.01781626186495,73.90852975197689,73.94215587705571,5537500
2020-11-18,74.0766830444336,74.0850847681285,74.01783891092155,74.0766830444336,6089500
2020-11-19,74.22795867919922,74.26157838347909,74.11867219294798,74.15229831075403,6207000
2020-11-20,74.29521179199219,74.32043619296668,74.18593170854331,74.24477581709682,6611300
2020-11-23,74.23639678955078,74.28683919775008,74.20277065526103,74.27843106079531,3506600
2020-11-24,74.16069793701172,74.24476001512147,74.1438816732745,74.2279501649097,4678800
2020-11-25,74.12708282470703,74.23636290111607,74.11867469159053,74.20273678217643,5282000
2020-11-27,74.28681182861328,74.29521354894331,74.21115145095419,74.2195595848112,2226300
2020-11-30,74.38768005371094,74.39608818714666,74.26999183971736,74.28680810658881,4729900
2020-12-01,74.16288757324219,74.32286218257236,74.09552646199309,74.31444686159809,7331400
2020-12-02,74.03658294677734,74.25550333411452,73.94396302997734,74.11235937475438,4631300
2020-12-03,74.17969512939453,74.25547795537959,74.09549698578292,74.20495393008736,3685300
2020-12-04,73.98605346679688,74.112347493178,73.93552943233668,74.0955104309631,4880200
2020-12-07,74.08708953857422,74.15445063602277,74.06183073300798,74.07867421932403,4734800
2020-12-08,74.11233520507812,74.23022031666763,74.10391988731983,74.22179857500267,3737300
2020-12-09,73.98605346679688,74.028149334288,73.93552943233668,74.00289052901178,5163900
2020-12-10,74.13762664794922,74.1797225233474,74.02816323931427,74.06184379397818,4731400
2020-12-11,74.2554931640625,74.28917371318677,74.19655380907201,74.23023435819627,5317100
2020-12-14,74.23023223876953,74.25549104391456,74.10393178913665,74.18812994758933,5176800
2020-12-15,74.26387786865234,74.27229960843859,74.17967974250571,74.18810148229196,6539900
2020-12-16,74.18814086914062,74.25550197538237,74.087099209778,74.17129738062586,4186700
2020-12-17,74.20498657226562,74.3481305456705,74.1292101368537,74.28919117682476,4963600
2020-12-18,74.17969512939453,74.29757381523211,74.14601458716857,74.25547795537959,3472700
2020-12-21,74.18814086914062,74.28076078424587,74.14603857176238,74.25550197538237,5364200
2020-12-22,74.30601501464844,74.3144367583869,74.17129281046603,74.22181684898857,4697300
2020-12-23,74.22239685058594,74.23084645813766,74.0872289104069,74.22239685058594,5643700
2020-12-24,74.3490982055664,74.36599097165025,74.28151425090971,74.3321989943219,1980900
2020-12-28,74.32372283935547,74.36595795839598,74.23079655424542,74.28993087702838,4706500
2020-12-29,74.3490982055664,74.38289018289474,74.26462148482587,74.29840701699355,4884800
2020-12-30,74.3998031616211,74.4082527695389,74.32377602584806,74.36601117511228,3609800
2020-12-31,74.50118255615234,74.51807532760442,74.41669936340386,74.43359858001864,6134900
2021-01-04,74.3998031616211,74.4251455402121,74.32377602584806,74.37446078303009,7568400
2021-01-05,74.27306365966797,74.37443959030772,74.18858694004847,74.35754037928747,6452700
2021-01-06,73.943603515625,74.01118747265153,73.78309322897722,74.01118747265153,5933700
2021-01-07,73.79151916503906,73.85065349717873,73.7746264037815,73.79996876824724,6196100
2021-01-08,73.72394561767578,73.82532153498182,73.63946890916729,73.82532153498182,7688800
2021-01-11,73.64794921875,73.70708358387613,73.58036524570231,73.70708358387613,5404300
2021-01-12,73.63106536865234,73.63106536865234,73.44521264283588,73.57192455119875,6078800
2021-01-13,73.8253402709961,73.92671621403017,73.68172918556884,73.72396432796202,7357100
2021-01-14,73.7323989868164,73.9182516221205,73.67326464332511,73.83377490929865,7191900
2021-01-15,73.79151916503906,73.85910310038692,73.73238483289938,73.78306956183087,4083600
2021-01-19,73.8929214477539,73.9013710539786,73.74931036773982,73.8084447209904,7636500
2021-01-20,73.88443756103516,73.91822952509418,73.8337528375257,73.85064559697614,5889500
2021-01-21,73.78308868408203,73.83377987130989,73.7239543366166,73.77464552384446,7890800
2021-01-22,73.81693267822266,73.85072467846713,73.7577982890861,73.84228151227978,4439800
2021-01-25,73.98582458496094,73.99426774337743,73.87599907395548,73.90979104309878,5126900
2021-01-26,73.97740173339844,74.0196433213929,73.91826737730305,73.95205935866633,4608700
2021-01-27,73.97740173339844,74.08722083895803,73.96895212676726,74.02808648286265,4248500
2021-01-28,73.91828155517578,73.97741592261342,73.84225441639711,73.96896631436157,4359300
2021-01-29,73.85910034179688,73.90134191110128,73.7408316819348,73.7408316819348,6088400
2021-02-01,73.88365936279297,73.92596820906056,73.80751118601962,73.81596779093427,5774700
2021-02-02,73.79061126708984,73.81599400169392,73.75676546914244,73.79061126708984,4554500
2021-02-03,73.66368865966797,73.75676298703465,73.66368865966797,73.73984331634328,4271700
2021-02-04,73.68058013916016,73.7059628609744,73.56212313374532,73.65519741734593,4652200
2021-02-05,73.57905578613281,73.72289553875535,73.57059272555978,73.68059314673779,4401300
2021-02-08,73.66368865966797,73.7144605825934,73.56215772466844,73.58754045841832,5571500
2021-02-09,73.62981414794922,73.73135149877584,73.62135754361437,73.6636599315581,4474000
2021-02-10,73.74830627441406,73.74830627441406,73.67215161784715,73.71446047765384,3735500
2021-02-11,73.67211151123047,73.77364884623485,73.62980267445643,73.74826612633929,4578200
2021-02-12,73.4775161743164,73.5875165921242,73.45213344879879,73.55367080629286,4825400
2021-02-16,73.13059997558594,73.265976648325,73.11368031227713,73.24905698501618,6702200
2021-02-17,73.28292846679688,73.29139152913064,73.18139108506709,73.25754573522072,5217000
2021-02-18,73.24059295654297,73.2744387381356,73.12213594868012,73.17290784878047,4607000
2021-02-19,72.98674774169922,73.14750710957671,72.93597584962372,73.13058744916604,4011100
2021-02-22,72.78367614746094,73.01213353286136,72.76675648633817,72.9275223164035,4809400
2021-02-23,72.76678466796875,72.80909352029435,72.61448183719091,72.65679068951651,6475900
2021-02-24,72.72444915771484,72.7582949360839,72.445232783159,72.4959982230015,5164600
2021-02-25,72.08988952636719,72.47911293448794,71.85297542085036,72.4283410151449,9956100
2021-02-26,72.71599578857422,72.71599578857422,72.17447622143091,72.40292716630412,8580200
2021-03-01,72.62194061279297,72.66431306068706,72.47788463415756,72.545677964737,7152000
2021-03-02,72.6135025024414,72.63044760980485,72.53723335647938,72.5796058225839,5338800
2021-03-03,72.38465881347656,72.4693972305485,72.30839617764987,72.42703125457594,6022500
2021-03-04,72.15587615966797,72.43551880003608,72.07113772883372,72.41009145217073,9701800
2021-03-05,72.11348724365234,72.13890812058465,71.9609555169321,72.02874883216919,6871000
2021-03-08,71.78302001953125,72.02876599698337,71.78302001953125,71.99486933128708,5806700
2021-03-09,72.02030944824219,72.08810279773985,71.96946766868376,71.96946766868376,7671800
2021-03-10,72.15587615966797,72.20671792514295,72.06266194621193,72.08808282894942,5286700
2021-03-11,72.16434478759766,72.22366232981342,72.06265480160184,72.14739322403474,5510000
2021-03-12,71.7321548461914,71.81689325021664,71.67283731686115,71.80841747027637,5717100
2021-03-15,71.81693267822266,71.85930513606097,71.74067001226894,71.74067001226894,5012200
2021-03-16,71.80842590332031,71.90164009823272,71.74063905121486,71.85927412380762,6159100
2021-03-17,71.78302001953125,71.85928913362987,71.55422560749123,71.68980580514845,7370600
2021-03-18,71.4864273071289,71.57964151503245,71.36779221800211,71.43558554468241,4905200
2021-03-19,71.5457534790039,71.91861035557888,71.43559415871051,71.8592928038627,4969200
2021-03-22,71.7491226196289,71.78301928497832,71.6474390887085,71.71522595427949,4748300
2021-03-23,71.91012573242188,71.92707083148845,71.7575939803129,71.91860151451888,5148600
2021-03-24,72.02030944824219,72.0287852332118,71.80846007990921,71.82541164984845,5148200
2021-03-25,71.96943664550781,72.07959594210898,71.88469822772794,72.0541750632877,3876300
2021-03-26,71.84233856201172,71.96097366102583,71.79997257815126,71.82539346149314,3376200
2021-03-29,71.7491226196289,71.88470928102659,71.6728599714386,71.85928839829648,3775500
2021-03-30,71.82540893554688,71.8338782550668,71.61355957521975,71.66440135285686,4769200
2021-03-31,71.79150390625,71.90166323335205,71.71523478354192,71.82540057577263,6949300
2021-04-01,72.02249908447266,72.0564662579423,71.912083091355,72.00550901792603,4780200
2021-04-05,71.9120864868164,71.94606014170199,71.8101720019718,71.86962427806851,8200600
2021-04-06,72.16690826416016,72.18389185701685,71.98855138000134,72.00553497285803,5400600
2021-04-07,72.08196258544922,72.20935570533301,72.06497251625618,72.10744120942597,5480200
2021-04-08,72.24332427978516,72.25181931378384,72.14989834523669,72.16688841323406,3872300
2021-04-09,72.14986419677734,72.25178511708542,72.06493333642524,72.16685425673333,9748500
2021-04-12,72.1329116821289,72.1329116821289,72.06496437266063,72.1329116821289,3995700
2021-04-13,72.31977081298828,72.31977081298828,72.0989452749246,72.0989452749246,4097500
2021-04-14,72.268798828125,72.30277248239227,72.20085799940246,72.24332020737755,4592300
2021-04-15,72.57456970214844,72.6679956500519,72.42169146738033,72.47265519884522,5395000
2021-04-16,72.37926483154297,72.45570074659518,72.24337012058376,72.37926483154297,6199700
2021-04-19,72.33675384521484,72.35374391406502,72.24332790597694,72.28579659828969,6165300
2021-04-20,72.45568084716797,72.49814955263312,72.31129761628996,72.31979265334593,6383700
2021-04-21,72.53209686279297,72.53209686279297,72.39620223854051,72.43017589460362,4508300
2021-04-22,72.56610107421875,72.58308466949542,72.43870143029106,72.54062244139622,4007800
2021-04-23,72.57456970214844,72.6170383984003,72.48963878945798,72.60005480778752,6435700
2021-04-26,72.52360534667969,72.60853625105099,72.50662175773049,72.58305762772086,3797400
2021-04-27,72.33675384521484,72.50662213465316,72.31977025617735,72.50662213465316,4450300
2021-04-28,72.37073516845703,72.38772523910676,72.21785693167635,72.36224013313218,5479200
2021-04-29,72.31127166748047,72.31127166748047,72.14989842039911,72.24332435504492,6247600
2021-04-30,72.41321563720703,72.41321563720703,72.2858160058767,72.37924197019798,6867600
2021-05-03,72.43106079101562,72.56715805659663,72.39703485217431,72.4055429593307,4601200
2021-05-04,72.52464294433594,72.63522239720551,72.48210889104014,72.50762672710347,5520300
2021-05-05,72.567138671875,72.59265649674339,72.44805116263414,72.48207709238618,5950300
2021-05-06,72.60118865966797,72.64372270839826,72.50761894428908,72.51612705199207,4143600
2021-05-07,72.60970306396484,72.81385223804742,72.55866739289051,72.71178089589876,4886300
2021-05-10,72.43959045410156,72.63523154842593,72.42257423472525,72.6182218188358,6211800
2021-05-11,72.29497528076172,72.33750933749376,72.25244771381557,72.32049311888659,6630800
2021-05-12,72.03977966308594,72.17587694271135,72.01426182876773,72.17587694271135,7011700
2021-05-13,72.18439483642578,72.2184207833911,72.03128131997477,72.03128131997477,6991000
2021-05-14,72.35450744628906,72.35450744628906,72.2354198943077,72.28646205214604,6262100
2021-05-17,72.28646850585938,72.33750417846932,72.26094417976898,72.33750417846932,4753000
2021-05-18,72.20989227294922,72.24391821030129,72.17586633559715,72.22690848651723,4631000
2021-05-19,72.13334655761719,72.30346977293375,72.04827846017423,72.2269162729767,6511300
2021-05-20,72.37152099609375,72.38002261393291,72.20989940016517,72.20989940016517,5283900
2021-05-21,72.38855743408203,72.43109149811201,72.32901363831225,72.40557365560882,5050800
2021-05-24,72.4736099243164,72.50763587328804,72.42257424575205,72.4310823554415,6954500
2021-05-25,72.66077423095703,72.66077423095703,72.50766065315042,72.51616876574758,5235500
2021-05-26,72.63520050048828,72.69474426328102,72.57565673769552,72.61819077816895,4834400
2021-05-27,72.53314208984375,72.59268586855626,72.47359831113124,72.57567614168917,5215200
2021-05-28,72.52464294433594,72.63522239720551,72.51613483571971,72.5331445631668,5258500
2021-06-01,72.51953887939453,72.53657538418211,72.40026384587594,72.47693786742282,5398000
2021-06-02,72.59619903564453,72.61324203717886,72.49396052644026,72.51100352797461,5479900
2021-06-03,72.45989227294922,72.52804478355205,72.44284927029776,72.52804478355205,4829000
2021-06-04,72.7495346069336,72.7495346069336,72.5365426432173,72.553585640314,19321400
2021-06-07,72.69845581054688,72.72401381926932,72.66437629891621,72.69845581054688,10706500
2021-06-08,72.83476257324219,72.85180557793923,72.79216806150315,72.83476257324219,5099600
2021-06-09,72.97955322265625,73.04770569578233,72.9284307428149,73.00511121257821,4810300
2021-06-10,73.13292694091797,73.14996994020507,72.85178245267798,72.87734045160892,7400300
2021-06-11,73.11587524414062,73.1414332377592,73.04771626115883,73.11587524414062,4194500
2021-06-14,72.92845916748047,73.06477716685892,72.91142266755814,73.06477716685892,4438400
2021-06-15,72.92845916748047,72.95401716736393,72.86030016779124,72.89437966763586,6173600
2021-06-16,72.7239761352539,73.03920657949018,72.63878065032485,72.99660558702622,7302400
2021-06-17,72.97106170654297,73.15849570964211,72.82622870414822,72.84326520442991,6467500
2021-06-18,73.20113372802734,73.26077126446762,72.95406207705936,73.03074262391341,5842800
2021-06-21,72.94554138183594,73.05629494087042,72.92849837275158,73.03073692724735,7907000
2021-06-22,73.04772186279297,73.05624336131876,72.85177289669201,72.86028789521892,4082900
2021-06-23,72.99662780761719,73.06478681630797,72.95402680218524,73.00514930870375,5739900
2021-06-24,73.03070831298828,73.0818243202066,73.00515030937912,73.03922981419164,4852100
2021-06-25,72.89437103271484,73.05624701280126,72.80065404424367,73.04772551384956,6018500
2021-06-28,73.09036254882812,73.13295706459124,72.98812401099232,73.00516701729948,5664100
2021-06-29,73.12443542480469,73.12443542480469,72.97960238435054,72.97960238435054,10672700
2021-06-30,73.17552947998047,73.25220997838764,73.15849298033436,73.18405097980346,4846600
2021-07-01,73.168701171875,73.19429850969301,73.06630531059844,73.15163844999783,5768000
2021-07-02,73.29671478271484,73.29671478271484,73.160186929659,73.17725616629416,4315700
2021-07-06,73.56123352050781,73.61242821329571,73.38204558574343,73.38204558574343,5711600
2021-07-07,73.71481323242188,73.75747981012091,73.57829190179531,73.6380212045705,5933900
2021-07-08,73.78307342529297,73.86840006637468,73.70627489131563,73.757476083969,6991200
2021-07-09,73.55267333984375,73.61240263067407,73.55267333984375,73.61240263067407,10304900
2021-07-12,73.5270767211914,73.62947258218924,73.48441666161236,73.6038752444409,9073900
2021-07-13,73.29671478271484,73.57829859713773,73.27111743776845,73.5185692889274,8583600
2021-07-14,73.54415893554688,73.56122166038962,73.43322843904922,73.45029767389762,5036200
2021-07-15,73.72334289550781,73.73187751247521,73.53562038225682,73.6721417037087,3423000
2021-07-16,73.65511322021484,73.69777981488119,73.54418918809404,73.55271729902063,5725100
2021-07-19,74.07318115234375,74.1414450653825,73.9622571761596,73.98785451604786,6493300
2021-07-20,73.99640655517578,74.30358772617103,73.95373997197943,74.27799038025586,6762200
2021-07-21,73.7574691772461,73.84279581033773,73.68920526677086,73.80012923878951,6293000
2021-07-22,73.91960144042969,73.97933074559428,73.766010868577,73.766010868577,4894900
2021-07-23,73.83427429199219,73.8598716354601,73.72335030029598,73.7318849181206,8887500
2021-07-26,73.79161071777344,73.91959742903354,73.76600686551575,73.91959742903354,5427900
2021-07-27,73.97930145263672,73.99637068164272,73.89397483761707,73.96223873363417,4344100
2021-07-28,74.04757690429688,74.04757690429688,73.80865974095576,73.88545175345635,6636700
2021-07-29,73.91960144042969,73.97080263771792,73.87694137102983,73.89400409678856,5201000
2021-07-30,74.0304946899414,74.047557407114,73.95369618765788,73.97929351841815,7557200
2021-08-02,74.20658111572266,74.3005897422653,74.03565337645125,74.07838694132573,4660800
2021-08-03,74.22367095947266,74.30059007254334,74.1894854114664,74.21512294241445,5297700
2021-08-04,74.22367095947266,74.39459869950387,74.04420172260983,74.36041315149762,3916900
2021-08-05,74.05276489257812,74.17241107496906,74.02712735638406,74.1553150373544,4613800
2021-08-06,73.70235443115234,73.8390966262727,73.68526491687567,73.77072552871253,4329800
2021-08-09,73.56562805175781,73.81346842155968,73.56562805175781,73.77073485012822,4541300
2021-08-10,73.45450592041016,73.59979611661782,73.45450592041016,73.59979611661782,4312300
2021-08-11,73.50577545166016,73.616873564458,73.37758130906268,73.47158991228584,6494000
2021-08-12,73.51432037353516,73.53996441943012,73.4117702708563,73.48014135279236,4946500
2021-08-13,73.80493927001953,73.80493927001953,73.59128439870064,73.60837391950528,4329600
2021-08-16,73.8732681274414,74.01000377633362,73.84763060078821,73.8989056540946,3918900
2021-08-17,73.79640197753906,73.89895867796368,73.77931245425005,73.81349802105825,7168400
2021-08-18,73.779296875,73.86475751385954,73.70237773586626,73.779296875,4561900
2021-08-19,73.94166564941406,73.94166564941406,73.84766351652841,73.91602811133357,5345600
2021-08-20,73.9245376586914,73.98436072315533,73.89890013395329,73.95872319841722,3581200
2021-08-23,73.94166564941406,73.95021366885035,73.86475303517261,73.90748661212568,4005500
2021-08-24,73.79640197753906,73.90750669972327,73.79640197753906,73.88186263444449,5164800
2021-08-25,73.67672729492188,73.83910704448134,73.61690420617276,73.83055902602356,3904900
2021-08-26,73.68524932861328,73.710886854718,73.59124071941243,73.70233883927463,4810900
2021-08-27,73.89891815185547,73.89891815185547,73.64252980151218,73.70235288056207,4780900
2021-08-30,73.98438262939453,73.98438262939453,73.83055091519239,73.84764695022982,4119000
2021-08-31,73.8903579711914,74.01855212526014,73.8305349019894,73.97581856716205,4974900
2021-09-01,73.90320587158203,73.96312903481694,73.82617299957691,73.96312903481694,4792400
2021-09-02,74.00593566894531,74.00593566894531,73.90321862478979,73.96314179836543,4885100
2021-09-03,73.85184478759766,73.86896755586116,73.79192815952072,73.83472854975682,4059700
2021-09-07,73.6378402709961,73.69775688635846,73.57792365563373,73.68064065214976,4839700
2021-09-08,73.7576904296875,73.8261684430811,73.6892124162939,73.72345142299069,4864600
2021-09-09,74.02305603027344,74.04873365786982,73.77482807946832,73.8347447206679,5504600
2021-09-10,73.84327697753906,73.93743260352682,73.70632749546186,73.90319360040198,3711400
2021-09-13,73.95458221435547,73.97169845691968,73.89466556974399,73.90322042581386,4047300
2021-09-14,74.13433074951172,74.19424739299276,73.98881983397551,74.01449746254963,4758300
2021-09-15,74.06582641601562,74.12574303821792,73.98023217435835,74.11718165492559,6204400
2021-09-16,73.92889404296875,74.00592691915949,73.86897740690144,73.91177127242177,4604000
2021-09-17,73.83476257324219,73.85187881897028,73.76628452947841,73.82620118516529,6217800
2021-09-20,74.04014587402344,74.06582349246486,73.93742886983595,73.94599025279035,6195100
2021-09-21,74.02305603027344,74.05728851345253,73.98881701667024,74.04873365786982,6962300
2021-09-22,74.10010528564453,74.12578291891444,73.95459434349806,74.02307238583482,6006200
2021-09-23,73.70635223388672,73.92890256368271,73.67211321927009,73.91177979116223,5222300
2021-09-24,73.55224609375,73.63784032569964,73.50944571256453,73.62072409147824,4170600
2021-09-27,73.46666717529297,73.5437000409781,73.41530540108023,73.44098955339793,4858500
2021-09-28,73.14996337890625,73.2954742607931,73.09004674928092,73.24411901552077,6253700
2021-09-29,73.15851593017578,73.32970441402968,73.08147654114609,73.25267155542204,5123500
2021-09-30,73.14140319824219,73.18420359028873,73.08148656763079,73.13284834417124,5877700
2021-10-01,73.39004516601562,73.42433635835653,73.2357380706697,73.26145482983132,6029900
2021-10-04,73.33859252929688,73.39860046515612,73.244293410036,73.30430134589524,7280000
2021-10-05,73.1585464477539,73.31285346968853,73.13282970082697,73.29571115186161,4395400
2021-10-06,73.19285583496094,73.21857912866118,73.13284789707646,73.17571351286881,7177800
2021-10-07,72.98711395263672,73.08141307338073,72.96997163085354,73.06427075159753,5363500
2021-10-08,72.80707550048828,72.93566577931333,72.76420989408884,72.93566577931333,4547100
2021-10-11,72.69563293457031,72.76420874720597,72.67848407613153,72.72134968185533,3286600
2021-10-12,72.9614028930664,72.9871196479352,72.77280463686178,72.77280463686178,5529600
2021-10-13,73.1585464477539,73.17569530595391,73.0385306018462,73.0385306018462,5018100
2021-10-14,73.28716278076172,73.29573721291044,73.15000456825908,73.20143808040065,4336400
2021-10-15,73.10710144042969,73.15853492618339,73.0728102698032,73.15853492618339,5801200
2021-10-18,73.06424713134766,73.11568062044437,72.91850801161954,73.004239213944,5863600
2021-10-19,72.85850524902344,72.98709552123556,72.84993736048278,72.98709552123556,3865900
2021-10-20,72.77276611328125,72.918498673975,72.77276611328125,72.83277402300054,5332400
2021-10-21,72.669921875,72.77279542182366,72.64420512338765,72.75565310087352,6073300
2021-10-22,72.82421112060547,72.84993440630312,72.68705296541467,72.75563531319641,6076100
2021-10-25,72.85850524902344,72.91851317067271,72.78992943883351,72.79849732737418,4652500
2021-10-26,73.00423431396484,73.00423431396484,72.8156361461055,72.92707754512601,5752800
2021-10-27,73.26997375488281,73.372840713599,73.03851001702894,73.13280908943293,7618400
2021-10-28,73.17570495605469,73.30429524802034,73.124271455418,73.22713845669136,6225800
2021-10-29,73.19285583496094,73.24429588198672,72.97854083674855,73.00426413044879,8975200
2021-11-01,73.13614654541016,73.14473444983018,72.96442776092,72.99876627729665,5201400
2021-11-02,73.27355194091797,73.31648493092742,73.16193533780981,73.1705232459426,4199400
2021-11-03,73.14476776123047,73.3336624405866,73.04173251322129,73.31648662392438,5058700
2021-11-04,73.47964477539062,73.47964477539062,73.18771476599828,73.19630267674243,5564100
2021-11-05,73.70284271240234,73.75436360150886,73.47102163870996,73.52253597716306,4595900
2021-11-08,73.53970336914062,73.6083935129811,73.49677039157716,73.59980560733787,6517200
2021-11-09,73.74575805664062,73.86596251805008,73.7285887981472,73.77151521970667,6027800
2021-11-10,73.2477798461914,73.64273838133568,73.15333252793373,73.6255691192221,6206400
2021-11-11,73.12759399414062,73.28214359515864,73.11042472765192,73.25638642009812,3847100
2021-11-12,73.13614654541016,73.29069607171198,73.07604431577343,73.23059384207525,4890900
2021-11-15,72.83566284179688,73.08465975858617,72.82707493414091,73.06748394327424,6239500
2021-11-16,72.7841567993164,72.9387064153911,72.75839962174655,72.83567770511166,5580700
2021-11-17,72.93869018554688,72.95586600054196,72.73262626018447,72.74980207517955,6589200
2021-11-18,73.02456665039062,73.05032382592961,72.8957742220407,72.91294348884836,5320700
2021-11-19,73.17910766601562,73.26496709128749,73.14476258577604,73.1962769308083,5498200
2021-11-22,72.8184585571289,73.03311031002755,72.76694423264175,72.9901838898388,7497100
2021-11-23,72.52658081054688,72.73264478840288,72.52658081054688,72.71547551968811,5779500
2021-11-24,72.69828033447266,72.71545614926777,72.49221641150932,72.5351493978431,4757400
2021-11-26,73.2134017944336,73.25633475635942,73.01592589113544,73.05885230241098,4402500
2021-11-29,73.20484924316406,73.23060641019296,72.95585237746333,72.97302163859831,6133000
2021-11-30,73.34226989746094,73.58267901104503,73.1877202457773,73.40237217585695,11234800
2021-12-01,73.38956451416016,73.40676752455774,73.14877485680262,73.23477678673838,7737300
2021-12-02,73.39810943603516,73.48410473865022,73.26051826405528,73.4583068039678,8831600
2021-12-03,73.6819076538086,73.81090390192219,73.31212190842786,73.32072340790789,7440900
2021-12-06,73.48412322998047,73.70771632186076,73.44973034909675,73.6905198814189,6865000
2021-12-07,73.32072448730469,73.48411361370032,73.31212298769802,73.37232036290101,5351200
2021-12-08,73.09713745117188,73.26912809135392,73.05413651061518,73.25193165174466,9064200
2021-12-09,73.13153839111328,73.25193315391411,73.07134100971287,73.1659378320596,8096700
2021-12-10,73.15733337402344,73.32932401077939,73.14013693475673,73.23473375327917,6869100
2021-12-13,73.40673065185547,73.4669280359573,73.29493738453002,73.31213382526363,4955300
2021-12-14,73.28633117675781,73.35513005731916,73.16593641628664,73.31212911671273,5165800
2021-12-15,73.19171905517578,73.27771435738858,73.0713243198737,73.13152168752474,6036000
2021-12-16,73.28633117675781,73.37232649694832,73.22613379652223,73.22613379652223,6067700
2021-12-17,73.41531372070312,73.509910523545,73.37231278813094,73.38950922454713,4884200
2021-12-20,73.29493713378906,73.46692778462797,73.26913263124274,73.42392684140685,7129100
2021-12-21,73.21757507324219,73.26057603897175,73.05417927670132,73.26057603897175,6237800
2021-12-22,73.29493713378906,73.29493713378906,73.17453580497451,73.2863356329403,5110000
2021-12-23,73.18368530273438,73.26995497976924,73.10603798603488,73.26995497976924,4631200
2021-12-27,73.21814727783203,73.26990773428618,73.16638023942768,73.19226046765475,5311700
2021-12-28,73.20952606201172,73.34755615442992,73.16638795578365,73.33893379874503,5674800
2021-12-29,72.96795654296875,73.08873532233451,72.91618950756211,73.04559722315396,7757900
2021-12-30,73.13186645507812,73.14912432743954,72.95069828698195,73.06285471148182,6352100
2021-12-31,73.1146240234375,73.25266069125462,73.09737273093566,73.14050425316556,7162600
2022-01-03,72.62287139892578,72.84717766685709,72.61424246271116,72.84717766685709,7244300
2022-01-04,72.61425018310547,72.62287912023753,72.46759116161319,72.55386078708214,7384500
2022-01-05,72.36405944824219,72.64875511946786,72.34680815693312,72.64875511946786,7076500
2022-01-06,72.28644561767578,72.31232585522854,72.19154702534725,72.25193644028789,6011000
2022-01-07,72.0880126953125,72.22604939184721,71.98449175486343,72.2174204528258,6345100
2022-01-10,72.02762603759766,72.05350627369857,71.87233803903992,71.93272745059281,5912300
2022-01-11,72.17427062988281,72.19152192160152,71.95859328267224,72.01035373977868,6755600
2022-01-12,72.14840698242188,72.28644368828908,72.13978462476948,72.23468321456508,6672700
2022-01-13,72.26918029785156,72.28643817574508,72.09664101062776,72.16565935829804,5746300
2022-01-14,71.87235260009766,72.12253923634708,71.86373024095197,72.11391029524785,6843000
2022-01-18,71.42371368408203,71.6739002057597,71.42371368408203,71.63076210197197,7453100
2022-01-19,71.59626770019531,71.70842416039254,71.55313616946336,71.5790164042929,8644100
2022-01-20,71.67391967773438,71.72568015078123,71.63078156222713,71.69979991425781,4951300
2022-01-21,71.94134521484375,72.01899249303729,71.84644664258009,71.90683604475231,5204500
2022-01-24,71.82919311523438,72.03624154739438,71.820564177492,71.99310344063352,10332200
2022-01-25,71.73429107666016,71.94996843613181,71.72566213933511,71.86369880873329,5872700
2022-01-26,71.33747100830078,71.82921530027944,71.33747100830078,71.7947061206025,7382500
2022-01-27,71.57040405273438,71.6825539569719,71.5100146301521,71.51864357107911,6295600
2022-01-28,71.65666198730469,71.67391986633393,71.40647539699938,71.415104336514,5992500
2022-01-31,71.6048812866211,71.67389961933655,71.49273143242132,71.51861166170201,8033400
2022-02-01,71.57637023925781,71.64550268586899,71.45539175410475,71.62821627779971,5013300
2022-02-02,71.68006134033203,71.84424925058971,71.64550171033,71.68006134033203,7248800
2022-02-03,71.37760162353516,71.44673405612187,71.29983258149883,71.3862448258164,6156500
2022-02-04,70.9369125366211,71.04925442251233,70.8677866754961,71.03196801260583,7746000
2022-02-07,70.99739074707031,71.0492367782471,70.87640568627107,70.93689492025467,6252200
2022-02-08,70.7640609741211,70.86775961546296,70.7640609741211,70.84183660333528,6727000
2022-02-09,70.81596374511719,70.98015174393562,70.80732712937466,70.88509622807615,5862000
2022-02-10,70.1678466796875,70.59127810344059,70.1678466796875,70.53942545579294,8869700
2022-02-11,70.62583923339844,70.67768528446408,70.12463876364868,70.38387561181145,11100900
2022-02-14,70.22833251953125,70.39252047555155,70.15056344110147,70.32338801061303,6301600
2022-02-15,70.0814208984375,70.23696562576443,70.06414108110508,70.14191014835166,6731200
2022-02-16,70.17647552490234,70.21968495696012,69.96044155028086,70.20239854700354,7142400
2022-02-17,70.33203125,70.4184435347964,70.2110527327181,70.25426217153365,6833600
2022-02-18,70.45299530029297,70.47028170940345,70.34930321696356,70.42707227946062,4744400
2022-02-22,70.40978240966797,70.40978240966797,70.25423771405006,70.3320067654428,7058800
2022-02-23,70.05548095703125,70.2715148820983,70.05548095703125,70.2542350689391,7938900
2022-02-24,70.21104431152344,70.4097984762676,70.12463203709142,70.33202281429503,8883500
2022-02-25,70.27153015136719,70.28017335624097,70.11598542780739,70.16783147138278,5923200
2022-02-28,70.79000854492188,70.81593156604283,70.54805155734827,70.56533796665121,6494400
2022-03-01,71.16130065917969,71.39498239122739,70.99685380126012,71.00551063673765,9319000
2022-03-02,70.28715515136719,70.8930082594782,70.28715515136719,70.84973067917323,6491500
2022-03-03,70.59873962402344,70.65066744102828,70.40832882402962,70.51219106127135,10349100
2022-03-04,70.8497314453125,70.98820781796877,70.77183312056756,70.87569535248358,8042600
2022-03-07,70.50350189208984,70.73719016790952,70.43426043234854,70.56408651855624,6425400
2022-03-08,70.17462158203125,70.21789254609077,70.07941621657878,70.1486576829496,8565900
2022-03-09,69.98422241210938,70.10539169665995,69.92363776983409,70.01884315101394,5761500
2022-03-10,69.61209869384766,69.76788880899468,69.49092933798158,69.74192489034262,8261200
2022-03-11,69.56015014648438,69.66400579017181,69.52552939751101,69.58611405740623,7883400
2022-03-14,68.91963958740234,69.18794859862061,68.90233252372497,69.17929176516732,15449700
2022-03-15,69.0322036743164,69.24857842928571,68.94565509297537,69.18799376202365,6265000
2022-03-16,69.13602447509766,69.13602447509766,68.68596811708409,69.0408191026511,8156400
2022-03-17,69.19661712646484,69.37837766090067,69.14468931847229,69.25720177019981,6774600
2022-03-18,69.39569091796875,69.4389684973094,69.27452161969276,69.30048552600454,8895700
2022-03-21,68.68596649169922,69.0927518728483,68.65134575678972,69.06678797247368,6831300
2022-03-22,68.51289367675781,68.59078540545855,68.41768827285759,68.50423683915807,6488400
2022-03-23,68.82445526123047,68.82445526123047,68.49556812502186,68.66001499474176,8919400
2022-03-24,68.73788452148438,68.75519818809302,68.46958211811197,68.48688918149155,18907400
2022-03-25,68.13206481933594,68.46095197761298,68.03685942555518,68.46095197761298,21372500
2022-03-28,68.33113098144531,68.40902931095943,68.16669069155044,68.20996167174083,7494000
2022-03-29,68.63404846191406,68.66001236598498,68.36573937897562,68.44363769441935,7308100
2022-03-30,68.78983306884766,68.8157969708726,68.44363230097748,68.45228253283217,7071800
2022-03-31,68.84178161621094,68.95429409329792,68.7552330489723,68.82446794082377,8244200
2022-04-01,68.69252014160156,68.80531998039967,68.34545542632301,68.39751943642555,6326900
2022-04-04,68.7446060180664,68.75327783941779,68.51033444735975,68.72724913594172,9091700
2022-04-05,68.05049133300781,68.56240693318514,68.00710573786529,68.54505666695557,6956300
2022-04-06,67.84223175048828,68.02443927205552,67.59060994840682,67.68605292918635,8649400
2022-04-07,67.70339965820312,67.84222821199059,67.59928486257232,67.76413549555768,9157600
2022-04-08,67.33897399902344,67.52118148231054,67.25220947646416,67.38235957015745,8989600
2022-04-11,67.0266342163086,67.19149148673374,66.96589837242205,67.15678434455421,7858300
2022-04-12,67.24354553222656,67.46046019523375,67.20883839178019,67.34766695356568,8168200
2022-04-13,67.32161712646484,67.54721018089863,67.30426686983552,67.32161712646484,7790300
2022-04-14,66.86176300048828,67.33029939262329,66.81838404659432,67.29559225768264,7046100
2022-04-18,66.64485931396484,66.87913085835075,66.61883061341312,66.87045241826343,7187800
2022-04-19,66.2283935546875,66.50604408813182,66.20236485150693,66.40192265569863,11568000
2022-04-20,66.64485931396484,66.73163047541753,66.42794464975357,66.47133023047991,7366100
2022-04-21,66.28911590576172,66.54073768479607,66.0895515224898,66.53205924559916,7869900
2022-04-22,66.20231628417969,66.3498165738011,66.02878069076684,66.09819492813197,8625100
2022-04-25,66.61882781982422,66.82706403521603,66.52338484199674,66.52338484199674,6091600
2022-04-26,66.79234313964844,66.9485219084749,66.72292888245714,66.91381477987925,8837100
2022-04-27,66.58411407470703,66.87044297978225,66.51470642293579,66.80102870830171,10802000
2022-04-28,66.5580825805664,66.5580825805664,66.32381769880178,66.41058222465131,7644000
2022-04-29,66.10692596435547,66.39324833682936,66.08089725955887,66.18501207874526,7120400
2022-05-02,65.76876831054688,65.92523006071966,65.69922533359232,65.90784763247267,10166700
2022-05-03,65.92524719238281,66.19472464011362,65.87309326210557,66.13387617746183,7769000
2022-05-04,66.35118865966797,66.35118865966797,65.75139197334389,65.8730888905713,12238000
2022-05-05,65.6905517578125,65.9513346885864,65.42108092613546,65.9513346885864,10540000
2022-05-06,65.41236114501953,65.64706038653718,65.34281817272435,65.42105567455215,8803000
2022-05-09,65.7079086303711,65.73399221888997,65.31674101836498,65.3515125044073,7420300
2022-05-10,65.89918518066406,66.09042514438892,65.83833670420492,65.96872819147066,24792700
2022-05-11,66.12516021728516,66.14254264441647,65.60360118756843,65.64706057138814,9843600
2022-05-12,66.25554656982422,66.40332040108837,66.20339266043273,66.26424109871692,6079800
2022-05-13,66.01216888427734,66.15124822050117,65.9687028612164,66.11647672844921,5024800
2022-05-16,66.11648559570312,66.27295401492978,66.09040863116283,66.09910316333789,6104400
2022-05-17,65.72531127929688,65.91655117608056,65.70792221668879,65.78615973445676,5881200
2022-05-18,66.00347137451172,66.03824286499443,65.66445763228495,65.66445763228495,4963300
2022-05-19,66.1425552368164,66.38595568687414,66.09909584472278,66.35987209323699,5461400
2022-05-20,66.34249114990234,66.38595717495444,66.16864031366256,66.16864031366256,6960100
2022-05-23,66.10777282714844,66.38593806424645,66.06430681460904,66.31639509697635,7332900
2022-05-24,66.6467514038086,66.74237137912428,66.34250904234328,66.34250904234328,6587100
2022-05-25,66.91618347167969,66.9335658953988,66.75102060243096,66.86402293655917,5737200
2022-05-26,66.84666442871094,67.02051525602741,66.76842691402976,66.93358984236917,5328400
2022-05-27,67.03791046142578,67.12483588305003,66.93359597628596,67.029215929668,6355300
2022-05-31,66.65543365478516,66.7075875837155,66.46419373939409,66.64673912263514,9067000
2022-06-01,66.35757446289062,66.74949866612212,66.24434689476705,66.67982118493998,7294600
2022-06-02,66.41852569580078,66.47949181695398,66.23562733234118,66.4533644285753,5276600
2022-06-03,66.32271575927734,66.35755448938203,66.18336083885863,66.18336083885863,5549600
2022-06-06,65.93080139160156,66.2704707884093,65.90467399874096,66.21821600268811,6698000
2022-06-07,66.15726470947266,66.28790834788767,66.03533241890172,66.06145981762242,6989800
2022-06-08,65.88722229003906,66.131086684492,65.88722229003906,66.01786582844068,3778300
2022-06-09,65.80014038085938,65.93077729742154,65.76530165484027,65.84368380477757,4828500
2022-06-10,65.24275207519531,65.68693100381067,65.11210847773987,65.54758270605176,14690800
2022-06-13,64.18891143798828,64.667935842897,63.90150343985378,64.63309710028447,11255300
2022-06-14,63.84050369262695,64.45887609763263,63.753403559544196,64.3717826093571,9530100
2022-06-15,64.57209777832031,64.61564784540826,64.01469147259252,64.31952200778626,9098600
2022-06-16,64.71146392822266,64.7288799712015,63.936320441899305,64.00599125862313,8477600
2022-06-17,64.74629974365234,64.8769433303485,64.48501921506887,64.78984982082068,4913600
2022-06-21,64.4501724243164,64.69403687842832,64.39791765409471,64.54597726626152,7069900
2022-06-22,64.9814453125,65.10337752812528,64.92047920468737,65.0075726951615,8407600
2022-06-23,65.29501342773438,65.60855543525946,65.21662460344807,65.23404729542727,8542600
2022-06-24,65.17306518554688,65.4343456978899,65.12951511108548,65.19919257230033,6979000
2022-06-27,64.85955047607422,65.08599899765741,64.78987298561613,64.92051661902225,6238900
2022-06-28,64.89435577392578,64.89435577392578,64.72016213756217,64.82467831938034,5578800
2022-06-29,65.26889038085938,65.26889038085938,64.89438221608852,64.89438221608852,3896400
2022-06-30,65.54757690429688,65.7130525779384,65.46918809483822,65.46918809483822,4387100
2022-07-01,66.07029724121094,66.36701053474377,65.91321529945574,65.98303097534458,5801800
2022-07-05,66.18376922607422,66.2972214093258,66.06159507333558,66.19249785355326,6253900
2022-07-06,65.7823257446289,66.36702382479743,65.76487515115686,66.34956657333474,5312000
2022-07-07,65.59906005859375,65.85213692354151,65.53797299864017,65.8434082984081,7536700
2022-07-08,65.3808822631836,65.48560577676199,65.31106658746467,65.4594265628647,4187100
2022-07-11,65.62525939941406,65.79107003784254,65.58162957634862,65.61653742959632,4128600
2022-07-12,65.73869323730469,65.99177010921484,65.73869323730469,65.86959598594655,6013700
2022-07-13,65.94812774658203,66.00048617816338,65.31979993564681,65.33725718483377,6382700
2022-07-14,65.73869323730469,65.82595951706914,65.40707205301327,65.53797480165512,5598000
2022-07-15,65.97431945800781,66.06158574650168,65.76487903402433,65.76487903402433,5276400
2022-07-18,65.77362060546875,65.86088691113788,65.64271781796887,65.84342965520865,3438000
2022-07-19,65.72123718261719,65.82596071503461,65.60779168265785,65.78232424536306,3493400
2022-07-20,65.66016387939453,65.93942003303714,65.62525602794022,65.93069806366748,3966900
2022-07-21,66.2011947631836,66.23610259838298,65.8259438572762,65.8259438572762,6832900
2022-07-22,66.7422866821289,66.8906400559413,66.56774742647447,66.64629175601692,6617000
2022-07-25,66.4979248046875,66.5590118733121,66.40192988856438,66.4455663624353,4256200
2022-07-26,66.5153579711914,66.8207932037116,66.4891787595452,66.7684347804192,6964100
2022-07-27,66.69865417480469,66.92555189166852,66.62010984058588,66.62883846838623,5919600
2022-07-28,67.16118621826172,67.25718117101418,67.03028340469075,67.16118621826172,5140200
2022-07-29,67.10879516601562,67.34441478962458,66.9778924160149,67.02152888534529,6601700
2022-08-01,67.39997863769531,67.45244145647412,67.17262863754743,67.24258351009506,5370800
2022-08-02,66.71794128417969,67.48742493733174,66.66547178943756,67.40872403085078,10808300
2022-08-03,67.05023193359375,67.05897796321575,66.42939725574989,66.65674732706054,5747700
2022-08-04,67.21638488769531,67.2251242475788,67.01526619883462,67.08522110550504,9869900
2022-08-05,66.45560455322266,66.54304480390842,66.3331868680099,66.49932801419729,8946400
2022-08-08,66.75292205810547,66.84910836307516,66.68297384007195,66.71795128472142,8534700
2022-08-09,66.60426330566406,66.68296421257912,66.534308426465,66.59552394921253,6888800
2022-08-10,66.78787994384766,67.09393082708684,66.72667110145251,66.89281224706653,4305000
2022-08-11,66.4118881225586,67.0414686681645,66.38565671170238,66.9540284082224,5179500
2022-08-12,66.71794128417969,66.71794128417969,66.46435985193011,66.63924037769871,4376800
2022-08-15,66.78787994384766,66.92778968147282,66.77039456227624,66.86658083907768,3922300
2022-08-16,66.70042419433594,66.70917021872107,66.48182028354104,66.6916781699508,4104000
2022-08-17,66.30696868896484,66.46436384010681,66.20203636444859,66.39440895709598,4131100
2022-08-18,66.42938232421875,66.59552349336317,66.40315091251477,66.49059117528284,4026800
2022-08-19,66.0096664428711,66.07087530016618,65.8959947568274,66.04464388579187,5115800
2022-08-22,65.71234130859375,65.89596780537576,65.65987183004006,65.8697364017301,4158600
2022-08-23,65.6861572265625,65.97470954580598,65.58997089639227,65.6861572265625,6294800
2022-08-24,65.51998901367188,65.58994389249783,65.44128810717658,65.55496645308486,3808600
2022-08-25,65.87848663330078,65.93095612051825,65.5112335790959,65.56370306631337,3688400
2022-08-26,65.74732971191406,65.90472483132318,65.62491202695847,65.78230714636759,4276600
2022-08-29,65.45001983642578,65.5462061059822,65.39755702439973,65.53746008022352,3263800
2022-08-30,65.50248718261719,65.6511362593498,65.31885400399132,65.51997256230106,6878700
2022-08-31,65.23143005371094,65.52873495268678,65.15273581858654,65.45003404629794,5155600
2022-09-01,64.87740325927734,64.93874035237542,64.62329053494481,64.85987455539689,6160700
2022-09-02,65.04390716552734,65.26296921666577,65.00009208120235,65.06142918811139,3600600
2022-09-06,64.45680236816406,64.79853856197307,64.43928034922801,64.78978089512599,6869800
2022-09-07,64.92119598388672,64.92119598388672,64.64956130645729,64.6670900061083,4208300
2022-09-08,64.71971893310547,64.94754542971782,64.70219021823362,64.80734245172685,3580300
2022-09-09,64.69342803955078,64.92124783504745,64.65837729749464,64.79857358047371,3831700
2022-09-12,64.61454010009766,64.90370360923121,64.5356809713757,64.84236650292196,4008200
2022-09-13,64.29033660888672,64.3429093646903,64.15889803413417,64.21147078993775,9481200
2022-09-14,64.36918640136719,64.45680987673848,64.21146147160181,64.22899017782166,4332200
2022-09-15,64.17643737792969,64.30787598815559,64.13262896468467,64.23777450466905,4967200
2022-09-16,64.10633850097656,64.23777041759479,63.983657570057886,64.03623702195017,5050000
2022-09-19,64.0624771118164,64.12381419032924,63.887230226134065,63.957324969262906,6374900
2022-09-20,63.7470703125,63.860980196404704,63.633160428595296,63.712019574703625,4750500
2022-09-21,63.92231369018555,63.95736442599363,63.4754318504321,63.80840381274248,6360300
2022-09-22,63.26512908935547,63.519241916673465,63.18626994565909,63.51048424642573,5216100
2022-09-23,63.08987808227539,63.30894015894996,62.87081600560083,63.30894015894996,6885400
2022-09-26,62.28373718261719,62.92339476375434,62.266208471075394,62.88834402591543,8658900
2022-09-27,62.01210021972656,62.39765167921052,61.92447671127435,62.318792527177074,9946100
2022-09-28,62.975982666015625,63.00226905161189,62.46775692700249,62.590431183282135,11649700
2022-09-29,62.65174102783203,62.7744152306895,62.450201017284684,62.599168279533885,6100300
2022-09-30,62.5027961730957,62.97597108253187,62.432694700902715,62.82700378281068,8919100
2022-10-03,63.02618408203125,63.386236575985336,62.85933653352104,62.964712522075374,6762600
2022-10-04,63.18423080444336,63.438900513371365,63.12275926779832,63.25448590343626,6124400
2022-10-05,62.85053634643555,62.9120078901347,62.59586660828311,62.85931990979136,7252400
2022-10-06,62.61344909667969,62.8768957629266,62.56075440351238,62.81542420414591,7108400
2022-10-07,62.288509368896484,62.4553635744615,62.235821388147876,62.35876447649184,5023200
2022-10-10,62.007511138916016,62.288524939648845,61.87578445421992,62.288524939648845,4950700
2022-10-11,62.02507781982422,62.30609164887164,61.93726225447781,62.10411651856471,9225500
2022-10-12,62.09531784057617,62.19191694891837,61.919686752624834,61.954814310194415,5442000
2022-10-13,61.87578201293945,62.08654068019932,61.287410437728,61.3576655601137,6668900
2022-10-14,61.57720947265625,62.200708626071474,61.55085877611977,62.19192506055931,6544400
2022-10-17,61.70892333984375,62.06897579128582,61.70892333984375,61.95481625053179,19605200
2022-10-18,61.84942626953125,61.94602536948954,61.59475652417719,61.87577026044788,7008000
2022-10-19,61.34009552001953,61.55085417728247,61.27862396582214,61.463038628414324,6483600
2022-10-20,60.927337646484375,61.340077978016005,60.89221009700349,61.217134904780416,6260900
2022-10-21,61.03274154663086,61.10299667005558,60.67268906400217,60.71660019111695,6984400
2022-10-24,60.94491958618164,61.19958935690409,60.795632489519164,61.01517470222162,7259400
2022-10-25,61.524513244628906,61.65623992443549,61.392793264719565,61.41913726070143,7780900
2022-10-26,61.7703857421875,61.88455196592627,61.62109866487839,61.66500978168495,7001000
2022-10-27,62.09531784057617,62.22704450648794,61.80552051554958,61.94603074582788,5493300
2022-10-28,61.97236633300781,62.09530941787688,61.80551213215881,61.82307925850904,4828800
2022-10-31,61.7791748046875,61.82308592540274,61.52450504431112,61.78795836880982,6785000
2022-11-01,61.843441009521484,62.151512591212615,61.70260444905879,62.12510741499006,7019000
2022-11-02,61.74660110473633,62.257123427233196,61.61456854333817,61.922640042963856,10223800
2022-11-03,61.50892639160156,61.59695255504782,61.23606408818774,61.271273210475556,6408200
2022-11-04,61.52656173706055,61.702600711518805,61.385725185128805,61.55296691168364,8780400
2022-11-07,61.28888702392578,61.55295213768844,61.28888702392578,61.53535093064984,6246100
2022-11-08,61.561767578125,61.67619223384926,61.42093103373571,61.4385389595124,6358100
2022-11-09,61.649803161621094,61.73782266712429,61.42975104013421,61.491365365532225,7269400
2022-11-10,62.92607879638672,62.92607879638672,62.39795524919901,62.40675921103113,7014100
2022-11-11,62.92607879638672,62.961287928259935,62.714830720602684,62.78524898434912,4525300
2022-11-14,62.723609924316406,62.8380345211475,62.67959684798382,62.75001508393492,6914500
2022-11-15,63.163761138916016,63.172558388410074,62.970114202724716,63.075741635772054,11948800
2022-11-16,63.524627685546875,63.577444746969455,63.286974413241246,63.34858872202093,8856700
2022-11-17,63.26057052612305,63.28697569964306,63.075727596026795,63.19895621609096,6260600
2022-11-18,63.15494918823242,63.41021041589333,63.13734797601229,63.31338696004068,8564600
2022-11-21,63.15494918823242,63.41021041589333,63.12854401217384,63.366197312157844,6834600
2022-11-22,63.48063659667969,63.542250920304014,63.31339484021756,63.322198805151785,9534200
2022-11-23,63.867897033691406,63.867897033691406,63.577433466953735,63.577433466953735,4855000
2022-11-25,63.867897033691406,63.867897033691406,63.727067230948116,63.727067230948116,2536400
2022-11-28,63.7887077331543,63.96474673776382,63.71828944512746,63.91193637947247,5852100
2022-11-29,63.55105209350586,63.70948989481593,63.51584966251077,63.55105209350587,5437600
2022-11-30,64.0439682006836,64.05276544998526,63.38381186835448,63.507040513152646,5479900
2022-12-01,64.57770538330078,64.57770538330078,64.10131837790921,64.16307274755044,7462500
2022-12-02,64.84233093261719,64.85115490305922,64.21596364558003,64.35711351906576,6828300
2022-12-05,64.33065032958984,64.55120248244559,64.2512547853062,64.54238524244799,7552900
2022-12-06,64.54240417480469,64.6129757690741,64.40124752482681,64.47182584981576,7584100
2022-12-07,65.10701751708984,65.13348270636367,64.78942178436496,64.82471094696989,7472500
2022-12-08,64.92174530029297,65.05407797242754,64.81588454716076,64.91292805801149,5378100
2022-12-09,64.54240417480469,64.8070627974339,64.54240417480469,64.77177363493944,12079600
2022-12-12,64.54240417480469,64.85117593323187,64.44536066062479,64.8070627974339,7533500
2022-12-13,64.98350524902344,65.41578568846437,64.93939211550696,65.41578568846437,12563900
2022-12-14,65.14229583740234,65.1952329433283,64.78059372229042,65.0276111142145,9833900
2022-12-15,65.17757415771484,65.24815246673175,65.02760029909243,65.17757415771484,7800400
2022-12-16,65.00997161865234,65.13348031788071,64.76295422019561,64.80706062379471,6541900
2022-12-19,64.62178802490234,64.76294464928515,64.53356850002224,64.74529670587813,6300000
2022-12-20,64.19835662841797,64.31304812512326,64.12778501204737,64.22482855661879,6130500
2022-12-21,64.34828186035156,64.48943170220883,64.25123839938652,64.43650135285183,8169000
2022-12-22,64.3395004272461,64.46300914454224,64.27774606859802,64.35714164512257,6833800
2022-12-23,64.13788604736328,64.21747606935007,64.06714086040444,64.1113582889118,4693400
2022-12-27,63.64265823364258,63.872576627632725,63.633813402088805,63.78414180535441,6959600
2022-12-28,63.554229736328125,63.82835879300894,63.54538490483303,63.775303297297725,7868200
2022-12-29,63.793006896972656,63.81953465342923,63.624988777238514,63.64267844596414,7391000
2022-12-30,63.527706146240234,63.73994165877419,63.49234030744873,63.65151356853379,7051900
2023-01-03,63.86375045776367,64.0936689189385,63.73110493221544,64.0671344165235,8634800
2023-01-04,64.22630310058594,64.34126569626025,64.10250241803759,64.2882034418601,5257100
2023-01-05,64.15554809570312,64.19091392732368,63.86372938511265,63.96984037323322,5632400
2023-01-06,64.86300659179688,64.8983791848644,64.17325789356101,64.24400307969606,5627200
2023-01-09,65.03984069824219,65.12826876835832,64.79223265663599,64.8276052340083,7398200
2023-01-10,64.78340148925781,64.88951248607505,64.63306633271671,64.82761215572165,4827900
2023-01-11,65.1282730102539,65.16364558993008,64.951410111873,64.96909977502597,8453200
2023-01-12,65.63232421875,65.63232421875,65.09290415443098,65.33166064761689,5927600
2023-01-13,65.41127014160156,65.63234378315266,65.34936979183254,65.49085341417654,6331600
2023-01-17,65.32286071777344,65.43781661547182,65.207898073441,65.22558774793863,6815100
2023-01-18,65.92414855957031,66.02142148085277,65.68538529946588,65.96835923047917,5112800
2023-01-19,65.79151916503906,65.85341951677457,65.66771846156804,65.7561465716713,4765200
2023-01-20,65.49969482421875,65.60581259540244,65.37589413115367,65.55275033649471,4714300
2023-01-23,65.34050750732422,65.49083592424066,65.30513492452675,65.33166267496728,6116700
2023-01-24,65.63232421875,65.65885196836732,65.24323256668248,65.39356097893398,3907700
2023-01-25,65.71190643310547,65.75612384619161,65.5085225248212,65.62347835356317,4414400
2023-01-26,65.58811950683594,65.74729278199558,65.48200848781713,65.66770951773147,3866800
2023-01-27,65.5173568725586,65.5527294516836,65.39355621893586,65.43777362949953,4474100
2023-01-30,65.33163452148438,65.51733544117383,65.31395161102094,65.40237965659296,6258700
2023-01-31,65.63232421875,65.63232421875,65.31397773008206,65.5438961378156,5502300
2023-02-01,66.05424499511719,66.10743336826407,65.52240860231484,65.73514856956909,7473900
2023-02-02,66.09856414794922,66.35561985663094,66.0808391995802,66.30243824885758,4273500
2023-02-03,65.51358032226562,65.68199108888454,65.40721028860908,65.61107773311352,5332900
2023-02-06,65.10580444335938,65.21217443214428,65.0880794932287,65.15899281908531,5282300
2023-02-07,65.01718139648438,65.32741881644087,64.99059058372647,65.05263806771777,4674500
2023-02-08,65.13240051269531,65.22989788016928,64.91966054002445,65.05262133227704,4308200
2023-02-09,64.8664779663086,65.31854194819715,64.83102130472255,65.30967609213397,4268100
2023-02-10,64.59169006347656,64.83101404906462,64.5562334058587,64.81328910158867,3606100
2023-02-13,64.76898193359375,64.76898193359375,64.59170536617111,64.60943031784635,3805800
2023-02-14,64.54739379882812,64.77785878572921,64.36125134263949,64.68922048697301,4328000
2023-02-15,64.40558624267578,64.52081537692214,64.29921620613837,64.45876787960948,4370800
2023-02-16,64.15735626220703,64.31690785304276,64.08644970390954,64.20167877847615,5912000
2023-02-17,64.29920196533203,64.3080678237474,63.98896454747927,63.99782364322613,5165700
2023-02-21,63.74077606201172,63.953509330136356,63.723044344777946,63.891461845155476,16093200
2023-02-22,63.88258743286133,64.04213905325851,63.855996623239754,63.909178242482895,4375600
2023-02-23,64.1130599975586,64.13078495185434,63.9091858284805,63.93577664125839,4789200
2023-02-24,63.75849533081055,63.84713362106896,63.64326622974142,63.78508614162127,4345900
2023-02-27,63.86485290527344,63.98008198391295,63.79393958180294,63.86485290527344,3340500
2023-02-28,63.88258743286133,63.90031238505312,63.60780671654809,63.652122478361456,5032400
2023-03-01,63.50411605834961,63.81506097548741,63.468578528092316,63.68179693154526,4427800
2023-03-02,63.37087631225586,63.388641695150746,63.22872613672304,63.26426368060624,4966600
2023-03-03,63.859493255615234,63.859493255615234,63.54854826324396,63.6818123394295,4008600
2023-03-06,63.708465576171875,63.992759116854806,63.69957949668697,63.992759116854806,4538700
2023-03-07,63.63737487792969,63.83282791007145,63.53076906264582,63.815062533554475,4253100
2023-03-08,63.5840950012207,63.87727465562659,63.46860306680026,63.770662023635325,4774500
2023-03-09,63.79730224609375,63.930566318078476,63.628507414465865,63.66404495220128,4597800
2023-03-10,64.56137084960938,64.70352106327421,64.3303869195469,64.4192274140398,4779500
2023-03-13,65.0766372680664,65.58303540298769,64.89007024763156,65.14771235530637,7270500
2023-03-14,64.6679458618164,65.02331441099666,64.55245396402162,64.8545128250655,5432500
2023-03-15,65.33427429199219,65.60968176100046,65.0410946635101,65.3964632939648,6677200
2023-03-16,65.0233154296875,65.63631923908352,64.92558890767961,65.5919024060472,6964800
2023-03-17,65.49417114257812,65.67185201804301,65.28983203551168,65.28983203551168,4352700
2023-03-20,65.20989990234375,65.60079931722618,65.17436235951931,65.54749639203612,6924500
2023-03-21,65.0322036743164,65.1832399060702,64.97001467703862,65.0322036743164,3997700
2023-03-22,65.60966491699219,65.67185390299898,64.9166999934619,65.03219188801991,5220500
2023-03-23,65.76072692871094,65.84068810925085,65.45866792645776,65.56528057447949,5392100
2023-03-24,65.89396667480469,66.11607119247202,65.76958868715833,65.95615566862786,4638000
2023-03-27,65.20989990234375,65.50307954707549,65.20989990234375,65.38758083837274,5769800
2023-03-28,65.09440612792969,65.18325338077221,65.03221711779616,65.08552682512043,3473300
2023-03-29,65.16546630859375,65.22765530449794,64.98778539975098,64.99667147862077,4231300
2023-03-30,65.2542953491211,65.31648433414756,65.13880345638367,65.13880345638367,3455300
2023-03-31,65.5919189453125,65.62745648755734,65.27208784320204,65.37869369184345,4549200
2023-04-03,65.87067413330078,65.89739181637165,65.47879666176884,65.53223882284524,5346200
2023-04-04,66.13784790039062,66.19128325307737,65.65690934141105,65.69253517484653,4126700
2023-04-05,66.31597900390625,66.70785642835882,66.24472732765418,66.30707084564128,4345900
2023-04-06,66.29817962646484,66.44067620583829,66.28036330720887,66.36052315399101,4381700
2023-04-10,65.85286712646484,65.95083649809222,65.73708143548616,65.93302017874092,4224300
2023-04-11,65.87957763671875,65.93301299908406,65.73707427716569,65.92410484037845,4401600
2023-04-12,65.95085144042969,66.13788206638391,65.77272218123296,66.13788206638391,4134800
2023-04-13,65.9151840209961,66.16455803167422,65.86174187947066,66.09330637292841,5012700
2023-04-14,65.62130737304688,65.7281849122224,65.55896384059501,65.68365090549875,4349600
2023-04-17,65.26505279541016,65.44318201943072,65.24724327047565,65.41645753962631,5085500
2023-04-18,65.36300659179688,65.45206778511347,65.27394539848028,65.2917549191702,3728400
2023-04-19,65.2739486694336,65.30066634927408,65.14926163355544,65.2739486694336,4611000
2023-04-20,65.5589370727539,65.5589370727539,65.45205957721667,65.46096773391126,3605400
2023-04-21,65.44315338134766,65.7014287520191,65.39861939609692,65.66580971773708,3371600
2023-04-24,65.70145416259766,65.7281786410433,65.56786574504329,65.56786574504329,2993000
2023-04-25,66.12895202636719,66.16457786641996,65.95973098485005,65.95973098485005,3508100
2023-04-26,65.89739227294922,66.15567453598166,65.81723922318123,66.09333101007277,5819900
2023-04-27,65.61238861083984,65.75489197338104,65.57676277020455,65.73707565559623,3078100
2023-04-28,65.97754669189453,65.99535621428903,65.80832565194311,65.93301269350705,4469100
2023-05-01,65.29901123046875,65.76326834163471,65.22758601159956,65.70969602174092,4546500
2023-05-02,65.94184112548828,65.95077098295883,65.45973099436094,65.46866085183149,4825100
2023-05-03,66.21859741210938,66.22752726850223,65.94183316729305,66.08467681215531,4205600
2023-05-04,66.12931823730469,66.4060824777461,65.97754473844873,65.99539763946755,11535800
2023-05-05,65.8882827758789,65.94184830356208,65.78114490902632,65.89720582283528,3143200
2023-05-08,65.5757827758789,65.71863322959946,65.54900001867743,65.62042524553772,9895900
2023-05-09,65.50437927246094,65.62044018391654,65.4954494141994,65.55794479905798,3827700
2023-05-10,65.9061050415039,65.95967054428446,65.7543315759703,65.78111432736058,5291800
2023-05-11,66.12037658691406,66.28107991335646,66.08466397976204,66.22751440837011,4745900
2023-05-12,65.7721939086914,66.12038334968207,65.7721939086914,66.07574769478923,2970500
2023-05-15,65.60257720947266,65.64721287095698,65.55793473650328,65.6382830140661,3268600
2023-05-16,65.44186401367188,65.45971691328714,65.31687328191296,65.41507444702295,3818500
2023-05-17,65.3257827758789,65.52219868832566,65.28114713035721,65.51326883462828,4574400
2023-05-18,65.05797576904297,65.18296652732664,65.02226315074971,65.18296652732664,3530000
2023-05-19,64.8794174194336,65.12047590766002,64.82585189382148,64.92405989843432,4166800
2023-05-22,64.86155700683594,65.0668960389045,64.82584439006637,64.9151225262477,5294900
2023-05-23,64.90618133544922,64.97760655651628,64.70977219474075,64.78119060432384,4561100
2023-05-24,64.7276382446289,64.9597668545152,64.71870838731029,64.94190713987798,4245100
2023-05-25,64.486572265625,64.71869401246875,64.45978269961947,64.69191125794707,4012300
2023-05-26,64.56694030761719,64.5758701656878,64.34374153625355,64.42409663591715,3783100
2023-05-30,64.9954605102539,64.9954605102539,64.74547225866301,64.77226182280315,3533000
2023-05-31,65.20973205566406,65.29008031697674,64.95975060515752,65.00438625761446,4898400
2023-06-01,65.38607025146484,65.51138181264615,65.31446169394184,65.38607025146484,3984000
2023-06-02,65.01908111572266,65.35921151841173,65.01908111572266,65.35026557050234,4595500
2023-06-05,65.02803039550781,65.20704494961858,64.82215751220969,64.8848132890452,4674600
2023-06-06,65.1175537109375,65.12650648953834,64.92063355553395,65.06385069727078,5001900
2023-06-07,64.75056457519531,65.12650615584364,64.70581434035874,65.07279631348294,4326500
2023-06-08,65.07278442382812,65.10858870253696,64.82216130183416,64.83111407875333,3567600
2023-06-09,64.93851470947266,65.02802197493762,64.84900061504108,64.92956193423618,12690400
2023-06-12,65.07278442382812,65.08173720074731,64.81321535388287,65.01012864332962,4632800
2023-06-13,64.7863540649414,65.26970156198894,64.72369828730382,65.21599856086175,4302500
2023-06-14,64.84009552001953,64.99225865007406,64.62526975279685,64.89379854733974,5986200
2023-06-15,65.24285888671875,65.2607644421616,65.04593875065852,65.1265000922143,5061200
2023-06-16,65.0996322631836,65.18913953104682,64.9295636739667,65.05487521476859,3905300
2023-06-20,65.18914031982422,65.29654631097297,65.13543049528296,65.14438327086765,4921700
2023-06-21,65.29654693603516,65.33235120974977,64.96536935486708,65.06382940034054,3678700
2023-06-22,64.98328399658203,65.19810286252826,64.92062820947402,65.09964962190305,3975500
2023-06-23,65.1712646484375,65.33238053799607,65.06385860804512,65.32343458727672,4163100
2023-06-26,65.2518081665039,65.32341672649957,65.18915238374974,65.26076094374541,6287800
2023-06-27,65.12651062011719,65.36818102591428,65.04594926553841,65.26972094196779,4816100
2023-06-28,65.33238220214844,65.34133498206586,65.10861050700437,65.2160233791028,5517200
2023-06-29,64.84009552001953,64.90275132821674,64.7326826364082,64.87589981455663,5803000
2023-06-30,65.06381225585938,65.08171097351685,64.83108795252127,64.89374370777017,5612300
2023-07-03,64.87897491455078,65.19304879095681,64.86102392372928,65.0494682495729,3146500
2023-07-05,64.60977172851562,64.87000635286677,64.55593244289048,64.85205536012654,4415700
2023-07-06,64.19699096679688,64.2777498990959,64.02649075910148,64.2328861076958,5613400
2023-07-07,64.16112518310547,64.34956962432489,64.12523002578256,64.1970203404284,5726600
2023-07-10,64.38544464111328,64.45723493330226,64.20597575693992,64.21494440873923,4450800
2023-07-11,64.52001190185547,64.57385116628382,64.40335103386727,64.46616579113204,5709100
2023-07-12,65.03153991699219,65.07640371236019,64.81617589884915,64.86103969421715,6397500
2023-07-13,65.42638397216797,65.46227227231071,65.23793274177325,65.2828033864004,5868400
2023-07-14,65.12125396728516,65.3725130508431,65.11227847250193,65.30072278517038,7410000
2023-07-17,65.19306945800781,65.22896460473302,65.06743986761919,65.1302546628135,5942700
2023-07-18,65.27378845214844,65.44428858316262,65.26481980568086,65.39941796564467,7748100
2023-07-19,65.42638397216797,65.4891987668665,65.30074753647177,65.39048882572608,11522100
2023-07-20,65.12125396728516,65.219963871011,64.9956244255062,65.21098837622777,5262100
2023-07-21,65.16614532470703,65.28279940881124,65.13921883179184,65.237928766918,5170600
2023-07-24,65.05845642089844,65.29177142295762,65.04948092373891,65.24690078345834,3553400
2023-07-25,64.9866714477539,65.0494862404079,64.89693700771949,64.92385665509993,4200800
2023-07-26,65.2020263671875,65.21997051228463,64.9866555482384,65.13920474360441,4478200
2023-07-27,64.64569091796875,65.12128970805624,64.58287611260437,65.07641905581012,5342600
2023-07-28,64.8699951171875,64.88793926052197,64.70847044199087,64.76230971829088,5273200
2023-07-31,64.9866714477539,65.0494862404079,64.87899285823217,64.87899285823217,4607900
2023-08-01,64.58445739746094,64.77340525417979,64.51247530025644,64.71942211357172,11078000
2023-08-02,64.37754821777344,64.40453980097801,64.17960078814805,64.37754821777344,6546700
2023-08-03,63.98164367675781,64.06261841411836,63.909661556042096,63.99963577464032,5395200
2023-08-04,64.51248168945312,64.53948012702165,64.19756856373328,64.21556752211231,6925000
2023-08-07,64.41352844238281,64.48551056954709,64.35954527930635,64.44951950596494,4987400
2023-08-08,64.64747619628906,64.76444888585773,64.59349302546934,64.6654751629586,4338200
2023-08-09,64.66545867919922,64.74643341478767,64.62046813858828,64.64745971711775,4937800
2023-08-10,64.30557250976562,64.80043426866784,64.29657302626715,64.71945951096542,5195800
2023-08-11,64.0986099243164,64.30555680667823,64.08061782630764,64.11660888691809,4577400
2023-08-14,64.01761627197266,64.17057308593029,63.91864260068457,64.02661575061454,7992400
2023-08-15,63.87367630004883,64.06262423565313,63.85568420053134,63.909667363677286,5028100
2023-08-16,63.6937255859375,63.99064670188912,63.66673400532249,63.873674033099746,5149700
2023-08-17,63.630741119384766,63.72071534038733,63.504775837062574,63.702723242024035,7357800
2023-08-18,63.76571273803711,63.85568696871195,63.63974744217357,63.66673902491665,5094400
2023-08-21,63.45977783203125,63.55875152287366,63.38779571785636,63.531759946206144,4280100
2023-08-22,63.54076385498047,63.603746493124895,63.41479857869162,63.47778121683604,4301900
2023-08-23,64.1166000366211,64.12559265208773,63.85567003165738,63.86466951171598,5205800
2023-08-24,63.963645935058594,64.10761017923767,63.94565383683271,64.01763595892224,4186400
2023-08-25,63.963645935058594,64.08061859960233,63.756705914792434,63.891670677562054,4853100
2023-08-28,64.08059692382812,64.10758849433334,63.9816232555819,64.10758849433334,3969000
2023-08-29,64.47650146484375,64.49449355973734,63.98163304787377,63.99962514276735,6214600
2023-08-30,64.44953155517578,64.57549686896645,64.44053893604413,64.53951266325033,4721500
2023-08-31,64.55747985839844,64.65645354741841,64.4944972258032,64.53048828222792,4747100
2023-09-01,64.24712371826172,64.57192366278173,64.17494442316918,64.55388228070682,3940700
2023-09-05,63.89525604248047,64.11178703685046,63.88623191005782,64.10276978782402,4634300
2023-09-06,63.82305908203125,63.97644175717109,63.75088669281789,63.96741762724656,7800400
2023-09-07,64.03961181640625,64.04862906503685,63.88622910553944,63.9584083949596,4742800
2023-09-08,64.05764770507812,64.21102351939936,64.03960632596781,64.13884423616749,4270600
2023-09-11,63.95842742919922,64.01255847067596,63.90429638772247,63.967451563911325,4215800
2023-09-12,64.00350189208984,64.0215432670305,63.92229849637261,63.994477762922656,4246300
2023-09-13,64.1027603149414,64.16591546577465,63.93133624122467,63.93133624122467,6142500
2023-09-14,63.99448776245117,64.18395320420488,63.97644638469144,64.14786356529063,5227300
2023-09-15,63.86817169189453,63.98545784521272,63.850123432372236,63.967416469084604,4946100
2023-09-18,63.931339263916016,63.949380643552004,63.7599151820943,63.7599151820943,5882500
2023-09-19,63.795982360839844,63.931316752339946,63.76891685921844,63.886202994042215,4200900
2023-09-20,63.71479415893555,63.98545609381383,63.71479415893555,63.91327682448869,5518400
2023-09-21,63.31783676147461,63.41708156996158,63.3088126288677,63.39903330474776,9127100
2023-09-22,63.5794792175293,63.615568863242345,63.362948226647134,63.40805512124137,8149800
2023-09-25,63.110321044921875,63.31783478803511,63.10130379599235,63.2546796285478,22744300
2023-09-26,63.04717254638672,63.23663804486573,63.02010702994641,63.22762079498353,7329100
2023-09-27,62.821590423583984,63.25465915086657,62.6952801455003,63.245635021462334,7701800
2023-09-28,62.98401641845703,63.00206468473954,62.59606129414405,62.71335437479012,9004600
2023-09-29,62.95693588256836,63.27271163320904,62.875739353858656,63.20955648308091,7650600
2023-10-02,62.52449417114258,62.759720649331776,62.488304951237474,62.71448239885342,6719800
2023-10-03,62.01785659790039,62.47925360421106,61.999758537424874,62.406882069472,8099500
2023-10-04,62.42496109008789,62.45210127313655,62.11736314568797,62.271162117887926,7915900
2023-10-05,62.47019958496094,62.56066916295435,62.39782116161167,62.54257110592385,6845000
2023-10-06,62.22593688964844,62.37069376602581,61.963570228005274,62.00880847747015,8385100
2023-10-09,62.85923767089844,62.85923767089844,62.479254322806604,62.551632760765784,3561600
2023-10-10,62.79591369628906,62.93161465121848,62.5516381726394,62.633065647985404,11555900
2023-10-11,63.08541488647461,63.09445701439626,62.89541976191623,62.99493838815625,18074400
2023-10-12,62.54258728027344,62.976851030289126,62.488306899917035,62.95875296857823,6144000
2023-10-13,62.83210372924805,62.931622376672046,62.74163411405964,62.90448218235444,5570100
2023-10-16,62.506385803222656,62.660191688055036,62.479245618365994,62.660191688055036,4914800
2023-10-17,62.09927749633789,62.216887280509624,61.9907098400648,62.13546671509559,5851900
2023-10-18,61.82785415649414,62.017849257059666,61.728342445208334,61.97261101361324,5885900
2023-10-19,61.55646514892578,61.89121031160238,61.52027592303731,61.764544569798176,9433800
2023-10-20,61.782649993896484,61.86407058505311,61.69218036959249,61.719320566644704,5197700
2023-10-23,62.01785659790039,62.108326193114976,61.51121444040093,61.59264190776542,9587100
2023-10-24,62.22593688964844,62.234985920018964,61.95452810002252,62.054039824547246,9462100
2023-10-25,61.75548553466797,61.99070508496854,61.701198259501766,61.972613928171256,7392400
2023-10-26,62.171653747558594,62.18070277752673,61.82785963264402,61.83690866261216,11426600
2023-10-27,62.171653747558594,62.1716537475586,61.99070766013317,62.126415500105374,5325500
2023-10-30,62.01785659790039,62.099277162877215,61.873099723646924,61.972618349099264,5905300
2023-10-31,61.999752044677734,62.198789274738814,61.981660888484434,62.099270659708274,9248200
2023-11-01,62.60136795043945,62.61044386622206,62.111372341608536,62.138600088956366,9330800
2023-11-02,62.96434783935547,63.06416217504705,62.81009183797664,63.00064459077945,8409100
2023-11-03,63.336368560791016,63.67210131270084,63.3272926444731,63.54506617583295,7995700
2023-11-06,63.064151763916016,63.21840773982903,63.009710107216435,63.182110994397206,7822000
2023-11-07,63.381710052490234,63.50874514076601,63.20023333292286,63.22745414856866,7986100
2023-11-08,63.58133316040039,63.65392661117652,63.399856456352545,63.40892544553019,6543700
2023-11-09,63.10951232910156,63.55413526034405,63.082284583074674,63.51783852186987,6979700
2023-11-10,63.22746276855469,63.399870521673705,63.173021129840905,63.39079460759007,4381800
2023-11-13,63.209327697753906,63.227472605850245,62.93710561604304,62.99154726322717,6058600
2023-11-14,63.9806022644043,64.03504390129157,63.88078798151508,63.962450436846,8237100
2023-11-15,63.626731872558594,63.73561517045147,63.545062476243594,63.717470261767765,6793500
2023-11-16,64.00785827636719,64.07137586195756,63.8898990239558,63.8898990239558,5623900
2023-11-17,64.09858703613281,64.15302869474982,63.9534069721886,64.07136620682431,5657300
2023-11-20,64.18931579589844,64.21653662111653,63.98061818729597,64.04413575377005,6959100
2023-11-21,64.28005981445312,64.3163565588864,64.12580384278381,64.2528389868522,5737800
2023-11-22,64.33448028564453,64.45243946134573,64.18929337134173,64.40707374279594,4949100
2023-11-24,64.02598571777344,64.15302085428523,64.01691672437669,64.10765511861429,3534800
2023-11-27,64.41615295410156,64.41615295410156,64.15300682234245,64.19837947098493,5257000
2023-11-28,64.6883773803711,64.70652228675921,64.33449286120009,64.37985858861758,7051400
2023-11-29,65.02411651611328,65.06040632862326,64.84263283909134,64.92430222447481,7615800
2023-11-30,64.81541442871094,64.89707689423699,64.69745522643065,64.88800790221943,9880000
2023-12-01,65.34410095214844,65.37139858937809,64.78902585371021,64.80722890681707,7643500
2023-12-04,65.08021545410156,65.21671058946018,64.98012642676495,65.1257161466981,11164600
2023-12-05,65.49877166748047,65.5533669190457,65.28947829910086,65.36227659613967,8393500
2023-12-06,65.68988037109375,65.79907090477687,65.56248678684368,65.6534812123895,9365200
2023-12-07,65.67169189453125,65.84458620113814,65.60799508827048,65.6170966155738,9876000
2023-12-08,65.35318756103516,65.47147960950555,65.2530916190875,65.39868824098556,7349900
2023-12-11,65.36231994628906,65.40781370529027,65.16212796787322,65.3259207736287,12895800
2023-12-12,65.55338287353516,65.5715789810096,65.32589334674294,65.39869166149951,8052300
2023-12-13,66.39054870605469,66.43604939252447,65.67168090289832,65.70808006358814,7172600
2023-12-14,66.89102935791016,67.0002198989704,66.6999389686246,66.75453423915472,9105500
2023-12-15,66.79093933105469,66.90923140851714,66.70903947555703,66.79093933105469,7996700
2023-12-18,66.65444946289062,66.70904474257914,66.608948768196,66.69995015758525,6144200
2023-12-19,66.78184509277344,66.85464342950958,66.73634439670548,66.75454745210526,6924100
2023-12-20,67.00022888183594,67.0366280478795,66.79094235512422,66.89103832613627,7496100
2023-12-21,66.99114990234375,67.17313883252382,66.89105390801491,67.13673965800126,6912600
2023-12-22,66.94642639160156,67.11068998321358,66.87341880368804,67.10156229412769,5890700
2023-12-26,67.01029968261719,67.05593116116017,66.90991599973152,66.93729210190287,6394600
2023-12-27,67.43920135498047,67.45744976648703,67.20193023108433,67.25668242798915,7467700
2023-12-28,67.27494812011719,67.43008401006477,67.20194053812318,67.35707642807077,8166600
2023-12-29,67.11978912353516,67.26579727487223,67.05590925187822,67.11978912353516,6939800
2024-01-02,66.83690643310547,66.94641780092306,66.79128191830424,66.85516180893468,8334200
2024-01-03,66.89164733886719,66.93727184121435,66.50836113732379,66.62700016067122,6477200
2024-01-04,66.59053039550781,66.66353799141604,66.50839510951418,66.58140270542239,5056900
2024-01-05,66.38973999023438,66.77301929240144,66.33498779346341,66.39886767715792,6223400
2024-01-08,66.6817626953125,66.7821463633902,66.42624316289113,66.46274694786348,7937500
2024-01-09,66.67264556884766,66.74565315035613,66.57226188487004,66.59964494972536,5649400
2024-01-10,66.55401611328125,66.83691179987652,66.55401611328125,66.7912872814118,6578400
2024-01-11,66.9007797241211,66.94641119680679,66.56313189083373,66.6543878738199,7537300
2024-01-12,67.03766632080078,67.20192987302518,66.9372826520867,67.06504241910733,4461200
2024-01-16,66.56312561035156,66.86426962955335,66.48099035974413,66.80951743740475,5724700
2024-01-17,66.4079818725586,66.47186174997252,66.28022211773073,66.39886114891694,12370300
2024-01-18,66.31671905517578,66.46273416698627,66.24371149927053,66.43535807411774,6086200
2024-01-19,66.31671905517578,66.32584674025988,66.09770334984378,66.23459077657019,7883100
2024-01-22,66.42626190185547,66.56314939352171,66.39888579599963,66.51751790883729,10321400
2024-01-23,66.27110290527344,66.32585509790977,66.20722302640286,66.32585509790977,6840400
2024-01-24,66.13422393798828,66.55400704756954,66.11596856317989,66.55400704756954,7483800
2024-01-25,66.44450378417969,66.45363147269637,66.30762326836125,66.38975157785231,8361100
2024-01-26,66.34412384033203,66.45363522155101,66.29849931994751,66.45363522155101,9120500
2024-01-29,66.60877990722656,66.67265981409848,66.4445162949291,66.52665158227167,7677600
2024-01-30,66.72738647460938,66.78213866456338,66.49924306662199,66.76389025537347,6688100
2024-01-31,67.01029968261719,67.15630788165973,66.87341220937437,66.98292358044584,9916600
2024-02-01,67.41482543945312,67.57041051024738,67.17686728365034,67.27754161946902,12060800
2024-02-02,66.81075286865234,66.93888252102992,66.69177732931382,66.8382082252272,7820000
2024-02-05,66.27995300292969,66.45384630871892,66.21588815067237,66.42639094097224,7577100
2024-02-06,66.59113311767578,66.65519797280743,66.353174948953,66.38063031793149,8310500
2024-02-07,66.46299743652344,66.68264735116401,66.45384332017115,66.4904528030354,9257500
2024-02-08,66.28909301757812,66.40806858001834,66.25248354085566,66.35315785620651,7987500
2024-02-09,66.23419189453125,66.26164726041686,66.16097293047311,66.19758241250217,5940700
2024-02-12,66.25249481201172,66.34401502811582,66.17927584611047,66.3074055451652,6063000
2024-02-13,65.6759033203125,65.89555320923093,65.65759508975192,65.87725196121443,12938800
2024-02-14,65.92300415039062,65.97791487330079,65.72165552299523,65.7399637523277,6915700
2024-02-15,66.10604858398438,66.2067159106507,65.99622016051661,66.17926055041958,6733900
2024-02-16,65.89555358886719,65.9047077042002,65.76742390438125,65.81318749850227,5029200
2024-02-20,65.97794342041016,66.08777189629429,65.94134091099541,66.00540577629116,7605000
2024-02-21,65.7948989868164,66.0511584325902,65.76744361513296,66.0511584325902,6625600
2024-02-22,65.82235717773438,65.91387741478117,65.74913819507834,65.831511296203,11884200
2024-02-23,66.06031799316406,66.12438285988561,65.83151390022329,65.83151390022329,6147200
2024-02-26,65.94135284423828,66.07862973575281,65.83152434847877,66.07862973575281,5255800
2024-02-27,65.84064483642578,65.99622988903246,65.81318947214746,65.91385681365318,5534300
2024-02-28,65.987060546875,66.01451590481797,65.85893088811262,65.89554035955084,5255300
2024-02-29,66.09690856933594,66.22503826610895,66.05114497082637,66.07860033691419,6002900
2024-03-01,66.37408447265625,66.4199764360864,65.90601305376465,66.02532935783084,6366800
2024-03-04,66.21806335449219,66.29148769552086,66.17217139081663,66.19970376816974,26404700
2024-03-05,66.57598114013672,66.64940546227969,66.43831228665083,66.49337702719369,6208600
2024-03-06,66.69529724121094,66.82378631705325,66.64023249502979,66.6494122867698,28955300
2024-03-07,66.80546569824219,66.86053047076864,66.68615635705729,66.85135067463662,7495500
2024-03-08,66.86969757080078,66.9706543026865,66.82380560098673,66.91558954061483,7187700
2024-03-11,66.84214782714844,66.91557215892594,66.77790328737554,66.90639236692134,5626200
2024-03-12,66.6402359008789,66.74119260879034,66.58517115188351,66.73201281658118,4699400
2024-03-13,66.53009033203125,66.64940660809702,66.51173775224437,66.57598228469176,6123200
2024-03-14,66.13545227050781,66.35572527044657,66.12627948044106,66.35572527044657,5214000
2024-03-15,66.09871673583984,66.18132083214614,66.05283179533842,66.10789652479106,4783900
2024-03-18,66.01615905761719,66.11711578997634,65.98862667645224,66.0895834088114,5284200
2024-03-19,66.1905288696289,66.2547734154508,66.09874494520021,66.12628432380701,4560100
2024-03-20,66.3098373413086,66.43832643134971,66.1079239134925,66.2364130035336,5287200
2024-03-21,66.3648910522461,66.484207331812,66.30064651791409,66.44749516903242,5492900
2024-03-22,66.58517456054688,66.64941910504028,66.53010280660239,66.64023931236117,4169400
2024-03-25,66.45668029785156,66.53927741914275,66.41078834015892,66.53927741914275,7950500
2024-03-26,66.5117416381836,66.53009421904272,66.37407277428765,66.48420926583026,7603100
2024-03-27,66.74121856689453,66.76875095210058,66.55765766196662,66.60354963873174,7825200
2024-03-28,66.65858459472656,66.76872108842251,66.6035198489433,66.66776438640025,5326400
2024-04-01,66.20387268066406,66.45241729874441,66.14864366465436,66.41559561373182,6157500
2024-04-02,66.13021087646484,66.13941805090602,65.89088052512524,65.98293120048788,9043000
2024-04-03,66.17623901367188,66.18544618801398,65.8724654675287,65.95531599057514,5419200
2024-04-04,66.31432342529297,66.33273075231786,66.15783656502258,66.33273075231786,12412900
2024-04-05,65.98294067382812,66.2130709067833,65.98294067382812,66.06578418664365,11531700
2024-04-08,65.92769622802734,66.00133254783754,65.88166738300723,65.91848905442018,13873100
2024-04-09,66.16704559326172,66.21307445152387,66.10260940550535,66.11181658176133,8886200
2024-04-10,65.39381408691406,65.72520221587114,65.36619958000398,65.70678786258573,8196500
2024-04-11,65.39381408691406,65.56871532803531,65.27414888263102,65.53189364448252,16574100
2024-04-12,65.54106140136719,65.67914089068339,65.53186125229011,65.59629741090241,12479100
2024-04-15,65.1084213256836,65.22808646840961,65.01636365264805,65.21887929650318,8079200
2024-04-16,64.94273376464844,64.99796275551644,64.82306158708096,64.91511224619933,14378900
2024-04-17,65.2557144165039,65.30174326251259,65.04399858010207,65.14524939989259,6568500
2024-04-18,65.0808334350586,65.25573467657445,65.02560442111383,65.24652749991097,6349500
2024-04-19,65.16365814208984,65.24650163016018,65.10842915004295,65.21888713413674,8338300
2024-04-22,65.19127655029297,65.2465055456542,65.09922588368569,65.13604755493175,5938300
2024-04-23,65.31094360351562,65.45823029275967,65.09002059266545,65.15445676345576,6044400
2024-04-24,65.14524841308594,65.2096845827125,65.0163760738328,65.2096845827125,4616600
2024-04-25,64.9611587524414,64.97956608006461,64.77705738414117,64.85069371765105,5367500
2024-04-26,65.1084213256836,65.20047197570472,65.08079980996428,65.08079980996428,4256600
2024-04-29,65.3017578125,65.33857949290807,65.1912927712758,65.21890727582749,4799500
2024-04-30,65.0531997680664,65.20968661016548,64.99797077038815,65.10843578876066,6605800
2024-05-01,65.2877197265625,65.49085051743704,65.09382407464054,65.18615433112522,8119200
2024-05-02,65.54623413085938,65.57393249782096,65.2323099128339,65.2692434168979,6014800
2024-05-03,65.87865447998047,66.06332207278109,65.72169230936123,65.97098475420658,7256900
2024-05-06,65.94327545166016,65.98944410329872,65.86940842677734,65.92481221761305,5584300
2024-05-07,66.07254028320312,66.22950947468458,66.02637867517107,66.14640730927118,4635400
2024-05-08,65.91558074951172,65.98944777850848,65.91558074951172,65.9432791242986,6774500
2024-05-09,66.09102630615234,66.12795982798471,65.88789545824885,65.92482898008122,4525200
2024-05-10,65.9063491821289,65.99868649555363,65.87865080584069,65.98021621512949,5562000
2024-05-13,65.96175384521484,66.10948086880788,65.95251870488151,66.10948086880788,5600500
2024-05-14,66.15564727783203,66.20180888923377,66.05408187066124,66.13717699779306,4272500
2024-05-15,66.58036804199219,66.62653669489856,66.42340589306636,66.49726587563019,4208200
2024-05-16,66.46955108642578,66.6265202409342,66.45108785643133,66.59881482942401,4359500
2024-05-17,66.30337524414062,66.46957254512773,66.29414714833707,66.41417579291468,4373500
2024-05-20,66.23875427246094,66.29415807815629,66.22952617513597,66.26645265313405,3699600
2024-05-21,66.37722778320312,66.41416129139672,66.34029427500953,66.41416129139672,4612300
2024-05-22,66.29414367675781,66.36800366105814,66.22027664810992,66.2387398830981,4306200
2024-05-23,66.10023498535156,66.34029928456471,66.02637500773339,66.31260091241452,3589900
2024-05-24,66.17411804199219,66.19258832413247,66.04485424440475,66.08178776433668,4025200
2024-05-28,65.86019134521484,66.23874758343469,65.8417210637319,66.23874758343469,4743400
2024-05-29,65.62013244628906,65.74939625001184,65.52780216425121,65.74016110850337,4877500
2024-05-30,65.9063491821289,65.9432826986292,65.79555567697602,65.85095242955246,3723200
2024-05-31,66.14641571044922,66.18334922817414,66.05408543831105,66.06332057882933,4193000
2024-06-03,66.51593780517578,66.52520126207152,66.24735408277776,66.28440084441341,4798900
2024-06-04,66.76600646972656,66.81231669648147,66.5993066116854,66.64560977249177,5298400
2024-06-05,66.95123291015625,66.96049636767299,66.68264916975323,66.84935607531553,5506400
2024-06-06,66.96049499511719,66.9882783011501,66.84009124771104,66.84009124771104,4119700
2024-06-07,66.42333984375,66.52521669539586,66.41407638470523,66.52521669539586,3826500
2024-06-10,66.32144927978516,66.35849604235575,66.25661921177348,66.33071273691468,3925100
2024-06-11,66.59002685546875,66.61781015834241,66.36775336653265,66.38627321313281,4073200
2024-06-12,66.8956527709961,67.21980305906244,66.88638931535239,67.07161603254849,4495700
2024-06-13,67.1920394897461,67.27538941717704,67.0438524197154,67.10868249636673,4339600
2024-06-14,67.29393768310547,67.35876778032433,67.23836398123883,67.29393768310547,3527000
2024-06-17,67.04385375976562,67.06238067686397,66.95124037211953,67.02533390861582,4019000
2024-06-18,67.27539825439453,67.3680116523551,67.11795477126665,67.1272182308475,8491900
2024-06-20,67.14571380615234,67.17349710889997,67.0067902264675,67.05310044167804,4227800
2024-06-21,67.16425323486328,67.31244031398454,67.0809033023192,67.27539354420422,4115300
2024-06-24,67.20130157470703,67.21982849300447,67.10868818106688,67.18278172235861,31937200
2024-06-25,67.23833465576172,67.24759811302441,67.12720143239964,67.2105513499212,5958500
2024-06-26,66.92344665527344,66.97901326603032,66.89566334989499,66.9604934177605,5910600
2024-06-27,67.04385375976562,67.10868383771275,67.01607045006665,67.0531172183148,5514800
2024-06-28,66.72898864746094,67.19206280305484,66.72898864746094,67.19206280305484,4824500
2024-07-01,66.37686157226562,66.66485558666268,66.33041595475414,66.49763577070841,4960000
2024-07-02,66.57196807861328,66.64628249624162,66.48835461320924,66.59983687118502,6080100
2024-07-03,66.95284271240234,66.98071150052962,66.71130140248643,66.7577541078237,4438600
2024-07-05,67.2594223022461,67.30586792593449,67.0922024640528,67.12936321561672,4201700
2024-07-08,67.2594223022461,67.30586792593449,67.1572320073675,67.25013034243295,4742300
2024-07-09,67.23155975341797,67.27800538141918,67.08291673335977,67.23155975341797,8533200
2024-07-10,67.28726959228516,67.32443033197431,67.18507933006155,67.27797763544127,5591500
2024-07-11,67.62175750732422,67.7611086088647,67.60317358035005,67.65891827358111,4978100
2024-07-12,67.79824829101562,67.79824829101562,67.63102843870787,67.67747406631659,4656800
2024-07-15,67.58456420898438,67.73320720246208,67.56598737864368,67.6403017876945,4557200
2024-07-16,67.84469604492188,67.85398800581054,67.64031543150816,67.64960739239682,4636600
2024-07-17,67.90972900390625,67.94688976163638,67.71464034159041,67.76109306067553,8365100
2024-07-18,67.73320770263672,67.91900435816784,67.69604695399288,67.79823724084142,7673700
2024-07-19,67.55672454833984,67.80755084837325,67.5381406222982,67.80755084837325,5593100
2024-07-22,67.52881622314453,67.67745210602735,67.4452027802773,67.6588752785496,5055700
2024-07-23,67.5381088256836,67.65888302502107,67.52882395472514,67.56598470162223,6981700
2024-07-24,67.34303283691406,67.66818057357011,67.34303283691406,67.62173494701301,5080200
2024-07-25,67.4916763305664,67.64031225936702,67.41735482232154,67.41735482232154,4567700
2024-07-26,67.76107788085938,67.77965471171795,67.66817246350178,67.71462517218058,3692700
2024-07-29,67.84469604492188,67.94688635162873,67.77966649408019,67.8632799666992,5185000
2024-07-30,67.92829132080078,67.97473693742322,67.78894029555833,67.94686814991225,4282400
2024-07-31,68.29988098144531,68.29988098144531,67.9933172473992,68.16982192150158,6041400
2024-08-01,68.55520629882812,68.65770887551604,68.43407012153688,68.48997803269471,8733700
2024-08-02,69.33795928955078,69.36591324782592,68.955902901528,69.07703909050308,6476300
2024-08-05,69.27273559570312,69.70138672607355,69.13296578074504,69.69206636862644,8354200
2024-08-06,68.84410095214844,69.21683709795747,68.84410095214844,69.19820348987481,6484400
2024-08-07,68.67634582519531,68.84407667619621,68.57384324350875,68.77884840688188,5907200
2024-08-08,68.57383728027344,68.61111158940426,68.46202146222853,68.48997541673975,4357500
2024-08-09,68.81613159179688,68.90000058278473,68.77885727461884,68.8627262656067,6093100
2024-08-12,68.9372787475586,68.97454595746756,68.71363283200802,68.7788611133729,4822900
2024-08-13,69.19820404052734,69.20751728996746,69.08638106308959,69.13297574769301,4049000
2024-08-14,69.32864379882812,69.40319243235894,69.1981872448237,69.24477480876871,6333600
2024-08-15,69.0397720336914,69.0397720336914,68.8720482664098,68.91863583198273,5108300
2024-08-16,69.18888092041016,69.18888092041016,69.00251640813576,69.16092695450403,4647700
2024-08-19,69.27273559570312,69.34728423658056,69.15159938628956,69.17955334928116,4964700
2024-08-20,69.47772979736328,69.49637050930458,69.33796000454636,69.41250152426586,4444000
2024-08-21,69.6268310546875,69.73864689536346,69.4218258676496,69.56160277784353,4541800
2024-08-22,69.3472671508789,69.49636439589936,69.26340528256586,69.47772368559784,3999700
2024-08-23,69.65476989746094,69.682723851563,69.40317720119502,69.49635941798434,4292000
2024-08-26,69.58025360107422,69.74798451294681,69.58025360107422,69.74798451294681,4427200
2024-08-27,69.58025360107422,69.60820756816119,69.41252268920164,69.43116340682677,3715900
2024-08-28,69.53363037109375,69.63613293741979,69.51498966302697,69.58021792256653,5179900
2024-08-29,69.43115234375,69.47773991168818,69.34728334650192,69.43115234375,3840800
2024-08-30,69.2913589477539,69.55227201609635,69.25408463665528,69.46841014813538,5037400
2024-09-03,69.58672332763672,69.68953840288417,69.4745666135646,69.54934251029401,6220100
2024-09-04,69.8951644897461,69.92320366663395,69.60541682054276,69.62410722812747,7338600
2024-09-05,70.06340789794922,70.09144707532366,69.84843611739736,70.03536872057478,9994300
2024-09-06,70.14752197265625,70.43726960315172,69.97927980278325,70.10078526340573,22536000
2024-09-09,70.2409896850586,70.29706803248033,70.04470833806174,70.12882585919434,5040900
2024-09-10,70.47466278076172,70.49335318723828,70.23164471043938,70.26903265441368,5653900
2024-09-11,70.43728637695312,70.57748940707175,70.31578088739556,70.36251047675356,6471000
2024-09-12,70.36251831054688,70.4653334020126,70.2784007617239,70.40925503613062,5685400
2024-09-13,70.51204681396484,70.5868155667454,70.4372709301635,70.53073721940478,4786700
2024-09-16,70.69898223876953,70.72702141356868,70.5120496527611,70.56812800235942,4734900
2024-09-17,70.60553741455078,70.71770127887376,70.56814945977646,70.69900373597498,5398400
2024-09-18,70.3905258178711,70.7270101237919,70.38118418177656,70.49334086307022,5695700
2024-09-19,70.3905258178711,70.42791375530895,70.25967160234855,70.30640830690085,5135600
2024-09-20,70.38119506835938,70.46531259234094,70.23164329547524,70.3064191819173,4265000
2024-09-23,70.33444213867188,70.43725717606709,70.14750959669112,70.26901503587668,6632500
2024-09-24,70.41858673095703,70.44663304096008,70.16622698910665,70.21296370808959,5017900
2024-09-25,70.1568832397461,70.31578381704624,70.1568832397461,70.31578381704624,4793100
2024-09-26,70.1568832397461,70.25969832404864,70.02602897445607,70.23165914306115,4919700
2024-09-27,70.36251831054688,70.40925503613062,70.24101280746153,70.31578871598627,3927900
2024-09-30,70.20360565185547,70.34380865923673,70.12882976378263,70.33445989047233,5661900
2024-10-01,70.41077423095703,70.5513909728973,70.35453039500676,70.42951979225225,6267100
2024-10-02,70.27953338623047,70.30765530402175,70.09204201418102,70.1670385630008,6902500
2024-10-03,69.97018432617188,70.1670449206123,69.97018432617188,70.14829935774115,7733800
2024-10-04,69.5108413696289,69.65145812021565,69.47334309266812,69.5295869320768,5218300
2024-10-07,69.30461883544922,69.38898461210754,69.26712055069001,69.31399519465565,7044200
2024-10-08,69.40773010253906,69.40773010253906,69.2014931338738,69.25773697912223,8642400
2024-10-09,69.22023010253906,69.31397936906575,69.18273897840626,69.31397936906575,4997800
2024-10-10,69.19210815429688,69.2296064304788,69.01400028251386,69.17336259223835,4579000
2024-10-11,69.20148468017578,69.29522679482682,69.11711892260932,69.21086103726036,8508000
2024-10-14,69.15460968017578,69.15460968017578,68.97650180890257,68.99524737090744,3380100
2024-10-15,69.42646789550781,69.45458981498413,69.22960730710864,69.36084769937476,4456200
2024-10-16,69.52021026611328,69.59519965992213,69.47333563692652,69.50145755361287,7437800
2024-10-17,69.18274688720703,69.36085477942582,69.14524860672263,69.36085477942582,4250400
2024-10-18,69.22023010253906,69.35147764526344,69.22023010253906,69.27648109286805,3930300
2024-10-21,68.75149536132812,69.04210514191456,68.73274980390147,69.04210514191456,5259900
2024-10-22,68.77965545654297,68.89214315597962,68.69528252989913,68.85464487214529,4633000
2024-10-23,68.61091613769531,68.77965483739767,68.50779764609575,68.77027847850691,6429400
2024-10-24,68.72340393066406,68.84527514021282,68.59216351427794,68.69528200601937,6219500
2024-10-25,68.58277130126953,68.88275031696185,68.55464223399447,68.88275031696185,4641400
2024-10-28,68.49842071533203,68.69528133799686,68.38592586578089,68.65778305481315,4582800
2024-10-29,68.55465698242188,68.5640333401974,68.23593233870828,68.33905081804278,5543800
2024-10-30,68.4890365600586,68.83589027597414,68.4515382811435,68.68589716031377,4610300
2024-10-31,68.47965240478516,68.58277086127381,68.27341549180784,68.38590315193085,6115700
2024-11-01,68.21448516845703,68.72228616071354,68.18627519796362,68.6846704752362,6409800
2024-11-04,68.48719787597656,68.65646488419259,68.36494509676234,68.47779216039265,6860100
2024-11-05,68.65644073486328,68.675244984958,68.27088545058642,68.27088545058642,6236900
2024-11-06,68.09223175048828,68.26149155400768,67.92296477251129,67.95117473976453,6382500
2024-11-07,68.60002899169922,68.6752603578312,68.17686511250821,68.17686511250821,6590200
2024-11-08,68.73167419433594,68.87273119969821,68.60942861606587,68.60942861606587,5398500
2024-11-11,68.60002899169922,68.6470503891462,68.50599337126322,68.6470503891462,4372000
2024-11-12,68.18624877929688,68.47776126072716,68.13922739705396,68.40252991892075,7197800
2024-11-13,68.1580581665039,68.57181631497377,68.0922325173525,68.57181631497377,5458100
2024-11-14,68.13924407958984,68.3837424130934,68.09222986029208,68.27089537275543,6643300
2024-11-15,68.1580581665039,68.32732514638721,67.89474839544059,68.02639969374341,18467300
2024-11-18,68.22388458251953,68.2803045182956,68.01700191873032,68.08282756862164,4964800
2024-11-19,68.34613037109375,68.44016598915228,68.32732611726516,68.42136173532369,4900500
2024-11-20,68.27090454101562,68.35554162624956,68.17686891533442,68.18627463024005,6557800
2024-11-21,68.2332992553711,68.40256627717879,68.17687930625502,68.2709149462683,5115500
2024-11-22,68.26148986816406,68.33672122861977,68.19566422137967,68.28970700917802,10409500
2024-11-25,68.89155578613281,68.90095432701686,68.65646312377517,68.65646312377517,10207100
2024-11-26,68.76930236816406,68.81632376998017,68.59063682507181,68.81632376998017,5537900
2024-11-27,68.95736694335938,69.04199684027088,68.84451990635353,68.84451990635353,5366600
2024-11-29,69.21127319335938,69.23948316282171,69.11723757033218,69.11723757033218,3870800
2024-12-02,69.25183868408203,69.30843729076152,69.01603154566203,69.12922156275823,6212800
2024-12-03,69.09149169921875,69.37446314441009,69.0443273929326,69.35559454339051,6249200
2024-12-04,69.32727813720703,69.37444242941007,68.94055109067193,69.0443067765101,6769700
2024-12-05,69.33671569824219,69.38387279640403,69.18579571309792,69.21409141124722,6146200
2024-12-06,69.5253677368164,69.60082773943181,69.39331633037041,69.54423633560121,4880500
2024-12-09,69.31785583496094,69.46877583911882,69.29899443257214,69.46877583911882,5432900
2024-12-10,69.2424087524414,69.2990001605473,69.1575144440201,69.21410585212598,5751900
2024-12-11,69.09149169921875,69.41218595392367,69.06319599395218,69.41218595392367,4642900
2024-12-12,68.81793212890625,69.05373919096922,68.78963643286036,68.86509641982302,6880600
2024-12-13,68.54440307617188,68.77078306349054,68.51610737682236,68.77078306349054,5171400
2024-12-16,68.61988067626953,68.75193210461903,68.52555925548604,68.61988067626953,7871100
2024-12-17,68.62930297851562,68.70475578419286,68.58213867823822,68.61043437989991,6084800
2024-12-18,68.09165954589844,68.68589083892832,68.08222524707722,68.629299438524,7962700
2024-12-19,67.90301513671875,68.02563944269761,67.79925942993452,67.95017943844324,7669100
2024-12-20,68.11052703857422,68.29917705056256,68.09166563550646,68.19542134303451,6696400
2024-12-23,67.89359283447266,68.11053136671713,67.8558628296774,68.03507135712663,7605400
2024-12-24,67.99104309082031,67.99104309082031,67.77340008798232,67.80178767794978,4185300
2024-12-26,68.03836059570312,68.05728324914934,67.7828578465764,67.7828578465764,8714400
2024-12-27,67.89643096923828,68.0667637677722,67.88696603053282,68.02891123258324,9018700
2024-12-30,68.161376953125,68.20869441692385,68.03836165473186,68.03836165473186,8054500
2024-12-31,68.04782104492188,68.29385162165451,68.01942623717818,68.2181465735995,8724200
2025-01-02,68.07622528076172,68.31279819906335,67.99105527596423,68.31279819906335,8053300
2025-01-03,67.99104309082031,68.18976344022374,67.97212043738575,68.10460067032137,6857000
2025-01-06,67.9248046875,68.01943239632189,67.84909963258993,67.9248046875,5375700
2025-01-07,67.68821716308594,67.91532505905603,67.60305440945835,67.8680148246951,7875900
2025-01-08,67.76394653320312,67.8112640041839,67.6125364017706,67.64093121613853,5844300
2025-01-10,67.41380310058594,67.88694884119572,67.3570279219947,67.88694884119572,9602400
2025-01-13,67.34756469726562,67.42326975039862,67.28132458068207,67.4138048138492,11856300
2025-01-14,67.3948745727539,67.42326215957497,67.29078194132308,67.32863446362796,5166000
2025-01-15,67.93427276611328,68.01943554210219,67.75447505729436,67.75447505729436,5867900
2025-01-16,68.06674194335938,68.16136964117464,67.79231656595371,67.84909174071676,8494100
2025-01-17,68.08567810058594,68.22762328528044,68.04783278965726,68.22762328528044,5600200
2025-01-21,68.28439331054688,68.33170355044606,68.19922332731922,68.33170355044606,8491600
2025-01-22,68.14244842529297,68.32223888904117,68.10459590144316,68.27492864895194,6616600
2025-01-23,68.03836059570312,68.1329883021966,67.94373288920966,68.1329883021966,7529700
2025-01-24,68.17083740234375,68.21814764339699,68.00996958742721,68.13298487772265,5555700
2025-01-27,68.53043365478516,68.54936352914801,68.37903075804088,68.45472859659716,8621200
2025-01-28,68.49258422851562,68.50204916612583,68.33171638730235,68.50204916612583,4424300
2025-01-29,68.45471954345703,68.59666470387934,68.2938517308061,68.53988952756272,5780200
2025-01-30,68.54935455322266,68.63451731780906,68.49257215720094,68.56827720547604,5622300
2025-01-31,68.45471954345703,68.64398216389704,68.3222393189644,68.58720698758042,6738300
2025-02-03,68.51644134521484,68.76328105102948,68.41200944056871,68.57340881157924,7163800
2025-02-04,68.61138153076172,68.63037310172915,68.32657315470898,68.39302916677083,7296200
2025-02-05,68.96265411376953,69.07658181166015,68.82974208781155,68.8487264158789,8981700
2025-02-06,68.8866958618164,68.97214343802013,68.81075131349938,68.8866958618164,5722100
2025-02-07,68.67782592773438,68.77276928019013,68.61136992691185,68.72529760396226,6415300
2025-02-10,68.69682312011719,68.83923091729977,68.65884722465773,68.78226345252988,5439200
2025-02-11,68.58290100097656,68.64935701263484,68.52594077474434,68.64935701263484,6870800
2025-02-12,68.23162841796875,68.34554885674733,68.11770073602901,68.28858863735803,5279600
2025-02-13,68.63986206054688,68.70631806599926,68.42150247511113,68.50695004964211,6452900
2025-02-14,68.85823059082031,69.00063841974327,68.79177456974467,68.79177456974467,6131500
2025-02-18,68.60187530517578,68.78225172389891,68.59237952213977,68.68731562301933,7151700
2025-02-19,68.69682312011719,68.72530323092141,68.5544153229346,68.63036711385351,4720700
2025-02-20,68.78226470947266,68.82973639045484,68.75378459814797,68.79176049430141,6199000
2025-02-21,69.08606719970703,69.17151478001409,68.8582190574913,68.8677148426725,4460600
2025-02-24,69.1810302734375,69.22849472654141,69.0101423073028,69.01963085202523,5580100
2025-02-25,69.61770629882812,69.61770629882812,69.35188232099665,69.4088425324862,4835300
2025-02-26,69.7221450805664,69.76012097303698,69.50378550965087,69.59872161924685,5825400
2025-02-27,69.63670349121094,69.7031594979506,69.51328726245488,69.5987275954795,14908500
2025-02-28,69.93101501464844,69.9594951257146,69.69367109821505,69.79809575773714,8363500
2025-03-03,70.09193420410156,70.11097514118201,69.7205741805692,69.74913921857008,7549300
2025-03-04,69.8919677734375,70.22523863945239,69.81578949984552,70.09193029304643,7693100
2025-03-05,69.6443862915039,70.00622216418094,69.63486219189784,69.79674282616335,7758400
2025-03-06,69.58727264404297,69.70153280724034,69.41587513448577,69.6158376848423,7196400
2025-03-07,69.51109313964844,69.86341225443734,69.46347989597716,69.82532311245251,5036100
2025-03-10,69.8348388671875,69.95863039291011,69.7681846859372,69.79675699055382,8167000
2025-03-11,69.5682144165039,69.92053348670741,69.54917348030159,69.70152276420035,8359200
2025-03-12,69.4253921508789,69.56821734029907,69.40634394911595,69.4253921508789,6193000
2025-03-13,69.6348876953125,69.65393590150094,69.29209263154127,69.43492511890629,4711400
2025-03-14,69.4634780883789,69.5777455113599,69.4539612517011,69.5301322689276,5094900
2025-03-17,69.55870819091797,69.73962253909599,69.52061904794333,69.63487921210604,4772900
2025-03-18,69.6348876953125,69.72059009363635,69.48253836961534,69.49206247270956,4196100
2025-03-19,69.84435272216797,69.87291775783302,69.5110818648092,69.57773603628095,4201600
2025-03-20,69.87293243408203,70.14907327811184,69.84436739241711,70.13003233858902,3760700
2025-03-21,69.81578826904297,70.0062266849056,69.79674733336066,69.93005567741649,7078500
2025-03-24,69.51109313964844,69.72057978818448,69.49205220103653,69.69201474788612,5637000
2025-03-25,69.59678649902344,69.67296478106499,69.50156727885191,69.5110913802973,6133700
2025-03-26,69.44444274902344,69.56822701866197,69.40635360495895,69.53013787459749,4856900
2025-03-27,69.41587829589844,69.43491923571148,69.33970000712337,69.39683009132393,5567900
2025-03-28,69.81578826904297,69.84435330494637,69.57773661683473,69.66343898930484,4850500
2025-03-31,69.9395980834961,70.04434142994373,69.76820054065111,69.98721133724958,7106000
2025-04-01,70.15931701660156,70.29306240377406,69.9395882870599,69.94914361145135,4667900
2025-04-02,70.10198974609375,70.33127379148134,69.91092699684745,70.321718467446,5313100
2025-04-03,70.46501922607422,70.69429598305562,70.331273843787,70.46501922607422,7426200
2025-04-04,70.52233123779297,71.01909872162487,70.4172445470365,70.88535334949412,12678000
2025-04-07,69.6720962524414,70.3981478329424,69.59566823584618,70.35993382464478,14283000
2025-04-08,69.2708511352539,69.78672924765718,69.22308180891854,69.66253191461557,12629200
2025-04-09,69.4332504272461,69.45235378332623,68.28685955947807,68.29640759323044,20862000
2025-04-10,68.8791732788086,69.36639278307237,68.84095926979016,69.18487806237907,8058500
2025-04-11,68.802734375,68.926931706804,68.21999087325558,68.48748160548602,7260400
2025-04-14,69.1944351196289,69.28996650027891,68.97470638441446,68.99381703369075,5409300
2025-04-15,69.36637878417969,69.49056882199396,69.11799141997565,69.12754674244613,5667500
2025-04-16,69.55745697021484,69.59567098001925,69.27086282954753,69.41416354416974,33963000
2025-04-17,69.40460205078125,69.57656143532846,69.35683272062728,69.53834742892059,7613800
2025-04-21,69.02246856689453,69.39504601482695,69.02246856689453,69.25174531441223,6092900
2025-04-22,69.14666748046875,69.28996819924602,69.13711944417363,69.25175418833359,5408200
2025-04-23,69.28996276855469,69.8631583101615,69.26130408476085,69.56700885952294,5283000
2025-04-24,69.68164825439453,69.69119628958109,69.50013354577929,69.54790287601799,3751500
2025-04-25,69.91091918945312,69.92047451242135,69.74851514187279,69.82493585989091,4021800
2025-04-28,70.0828857421875,70.11154442545326,69.82494301564243,69.83449833958989,4685400
2025-04-29,70.26438903808594,70.27393707190546,70.00644635345016,70.0160016758451,3790700
2025-04-30,70.21661376953125,70.29304176506896,70.09242374321357,70.21661376953125,8020700
2025-05-01,70.02110290527344,70.31821357998824,69.91567771618973,70.28945527310337,6295400
2025-05-02,69.67608642578125,69.81984873279453,69.58983342880609,69.68567252946339,6960800
2025-05-05,69.58024597167969,69.66650627903162,69.46524197794982,69.60899697011216,7575000
2025-05-06,69.73360443115234,69.74318322397421,69.48441688872755,69.54191889388112,6994000
2025-05-07,69.8677749633789,69.93486306794838,69.76234975447615,69.77193585857322,4357400
2025-05-08,69.49398803710938,69.88693050784902,69.49398803710938,69.82942851507103,4283200
2025-05-09,69.5514907836914,69.71441797303088,69.54190468077317,69.58982788331024,3730700
2025-05-12,69.3118896484375,69.4364797386135,69.29272475458508,69.29272475458508,6982800
2025-05-13,69.28314208984375,69.41731828963158,69.19688178309187,69.29272819327274,5610300
2025-05-14,69.04354095458984,69.28314235685644,69.01478995624657,69.23521915158132,6426700
2025-05-15,69.41732788085938,69.43649277831082,69.16814034165755,69.24481455557434,5659000
2025-05-16,69.46524047851562,69.65691867196433,69.43648216864938,69.5994166763406,5310000
2025-05-19,69.44606018066406,69.46523238500777,69.0626965263786,69.16812171410845,5787700
2025-05-20,69.32147979736328,69.37898179433077,69.196882387861,69.29272879887954,5810300
2025-05-21,68.89019775390625,69.19688727950417,68.81353085654807,69.14897138266218,10880400
2025-05-22,69.0818862915039,69.09146508405719,68.77519675252503,68.88062196705421,7067200
2025-05-23,69.18730926513672,69.28314837195312,69.09146284626517,69.26397616335674,4272600
2025-05-27,69.5131607055664,69.58024880866239,69.31189639627848,69.35981960365625,6148800
2025-05-28,69.35981750488281,69.44607050108705,69.28314330022042,69.39815460721401,5214700
2025-05-29,69.60900115966797,69.6760892640664,69.46524615885345,69.46524615885345,4685800
2025-05-30,69.74317169189453,69.75275779518692,69.52274250055022,69.60899549401859,5995600
2025-06-02,69.58932495117188,69.74317344487001,69.46431525527677,69.57008930430351,6888000
2025-06-03,69.51240539550781,69.71433569441051,69.48355925798609,69.65664341936707,7436800
2025-06-04,69.94511413574219,70.0124242373058,69.72395551756927,69.75280165591782,8343000
2025-06-05,69.81048583984375,70.03165176862889,69.79125752859069,69.9643416748682,6620600
2025-06-06,69.43547821044922,69.70471861185231,69.41624989731359,69.58933406053711,14677200
2025-06-09,69.54124450683594,69.6085545996694,69.42585263215717,69.42585263215717,10147300
2025-06-10,69.67585754394531,69.77201376152063,69.5989296353854,69.72393932085754,9257000
2025-06-11,69.89704132080078,69.92588745982488,69.73356763924582,69.80087774238574,8034900
2025-06-12,70.1566390991211,70.16625692081169,70.02201894044632,70.09894684147432,5950100
2025-06-13,69.9066390991211,70.05087710426709,69.7624084302248,70.01241314714484,5656200
2025-06-16,69.77202606201172,69.99319200404972,69.7624155739343,69.85857180846152,6415500
2025-06-17,69.9931869506836,70.02203308533409,69.8104849828973,69.89703072309867,5123400
2025-06-18,70.03164672851562,70.2143413491463,69.96433663959917,70.07011068450352,5176900
2025-06-20,70.07972717285156,70.15665509141536,69.87779688880916,69.91626084809106,5396600
2025-06-23,70.25281524658203,70.4066710923057,70.17589465997071,70.24320475841219,5391900
2025-06-24,70.46435546875,70.50281942586992,70.1854972818179,70.1854972818179,8789700
2025-06-25,70.48358917236328,70.49319965919105,70.29126939206553,70.37781512726188,5346300
2025-06-26,70.6855239868164,70.69513447426243,70.48359370670033,70.55090380007236,5373300
2025-06-27,70.52204895019531,70.72398656261322,70.50282063942923,70.5605129079773,6928700
2025-06-30,70.80091094970703,70.83937490955766,70.62782679850424,70.68552640640532,6986700
2025-07-01,70.7478256225586,70.85393830851609,70.64172029633794,70.79606133789814,6286300
2025-07-02,70.67069244384766,70.67069244384766,70.55493108773487,70.58386958682797,6342300
2025-07-03,70.49705505371094,70.5838705521776,70.45846793447893,70.5452834329456,6428400
2025-07-07,70.2655258178711,70.43916415843172,70.21729744311189,70.38128716482477,8191000
2025-07-08,70.22693634033203,70.22693634033203,70.13046488468878,70.16905199499833,5934200
2025-07-09,70.50668334960938,70.5163319675784,70.31375514866363,70.31375514866363,6720200
2025-07-10,70.51634216308594,70.52599078245,70.39093955031395,70.497052284098,6650900
2025-07-11,70.22693634033203,70.32340043623653,70.1979904877958,70.31375181872446,4962400
2025-07-14,70.21730041503906,70.28482603035177,70.13047756121411,70.19800317652681,5624700
2025-07-15,70.00506591796875,70.30410683866634,69.98577604168531,70.30410683866634,5908400
2025-07-16,70.14012145996094,70.2076470707291,69.95683450513042,70.13047284135418,7874900
2025-07-17,70.15941619873047,70.24623168388096,70.11118046715397,70.1497675804673,6857300
2025-07-18,70.2751693725586,70.3234051035816,70.23658225968802,70.30410786727671,5206800
2025-07-21,70.47774505615234,70.59350639289292,70.45845517989848,70.5163321683992,5338500
2025-07-22,70.593505859375,70.65138284743831,70.49704175935645,70.51633163546454,5507300
2025-07-23,70.44882202148438,70.53564488302736,70.41988352088363,70.49705776231278,5269400
2025-07-24,70.36199188232422,70.45845598417293,70.24623054426223,70.2655204207363,6139200
2025-07-25,70.53564453125,70.53564453125,70.35235754870503,70.37164742909574,4845900
2025-07-28,70.41986846923828,70.46810419975671,70.38128135677137,70.43915834560215,5806600
2025-07-29,70.78644561767578,70.79609423717481,70.49705327036712,70.49705327036712,7397900
2025-07-30,70.6031723022461,70.75751342929395,70.54528793982983,70.6031723022461,5554600
2025-07-31,70.61280059814453,70.76714905659448,70.59351072070808,70.75750043800646,6463200
2025-08-01,71.22447967529297,71.2438409195954,71.02123091502429,71.13737622838545,10782300
2025-08-04,71.27287292480469,71.28255354661945,71.13737375600151,71.26319230298992,6834400
2025-08-05,71.30191040039062,71.33094488290332,71.17609184811853,71.19544570840993,8145300
2025-08-06,71.24385833740234,71.2825734513212,70.98253316448834,71.20514322348349,8082200
2025-08-07,71.21481323242188,71.33095117271347,71.16641750119913,71.33095117271347,4193100
2025-08-08,71.05995178222656,71.14706262034966,71.04059792050573,71.13738199741337,5566300
2025-08-11,71.10835266113281,71.1857828819257,71.07931817437355,71.12770652425489,8668100
2025-08-12,71.1180419921875,71.1180419921875,70.97286215646363,71.03093113709191,5493400
2025-08-13,71.37934112548828,71.40837560821072,71.30191091546094,71.3212721600434,6208900
2025-08-14,71.17610168457031,71.37935047439915,71.12770595092678,71.37935047439915,6818100
2025-08-15,71.07930755615234,71.224479968262,71.03091182934834,71.16641100341813,4309100
2025-08-18,71.00188446044922,71.27288283573955,70.95348872879654,71.10834916276355,6941600
2025-08-19,71.13739013671875,71.14707076076266,71.07932116076046,71.07932116076046,5098500
2025-08-20,71.18578338623047,71.23417173645461,71.09867254118326,71.12770702814822,5512500
2025-08-21,71.01155853271484,71.10834260293983,70.93412832287436,71.07930812028745,5695500
2025-08-22,71.3696517944336,71.43740137390267,71.11801471877722,71.1373685768468,5828700
2025-08-25,71.27287292480469,71.35030313102104,71.22447719988175,71.26319230298992,5361700
2025-08-26,71.3600082397461,71.38904273100258,71.22450164029347,71.28257800695987,4648300
2025-08-27,71.42774200439453,71.43741524323217,71.22448584237546,71.29224281914966,6053900
2025-08-28,71.51484680175781,71.54388128711953,71.38902823713975,71.41806272250146,5857300
2025-08-29,71.42774200439453,71.49549159701695,71.3890268965886,71.4470958662216,7736300
2025-09-02,71.2752914428711,71.30442184740605,71.18789282071981,71.21702322525476,6222400
2025-09-03,71.5083236694336,71.58600966721498,71.31411608352462,71.32382127683891,6005100
2025-09-04,71.78023529052734,71.7899478948268,71.58602765581662,71.66371367311946,8842600
2025-09-05,72.12010192871094,72.21721315403794,72.10068412877334,72.13952713719488,6321800
2025-09-08,72.35315704345703,72.36286223875886,72.25605323061642,72.27547102976614,6414400
2025-09-09,72.21720886230469,72.3628608745467,72.14923545374312,72.31431267331466,6613200
2025-09-10,72.34345245361328,72.45998148705839,72.28519164116416,72.33373984868948,5680700
2025-09-11,72.49880981445312,72.59591361838342,72.41141120493411,72.41141120493411,6437200
2025-09-12,72.41143035888672,72.42114296441248,72.27548351571517,72.38229995085672,5493000
2025-09-15,72.54736328125,72.56678848857412,72.48910247636942,72.49881508003148,7193600
2025-09-16,72.55708312988281,72.60563133594897,72.48910971455288,72.54737052525093,7012200
2025-09-17,72.43081665039062,72.75126581640397,72.37255585967696,72.63474423497664,8872000
2025-09-18,72.24635314941406,72.32403917657048,72.13953671421082,72.23664054388269,7641400
2025-09-19,72.27546691894531,72.2948847169906,72.18806830637753,72.25604912090003,5295700
2025-09-22,72.1395263671875,72.25605539120828,72.12010115891091,72.23663018293169,7813900
2025-09-23,72.28518676757812,72.29489196330074,72.15894513772064,72.21721335478807,6492000
2025-09-24,72.1395263671875,72.2269175787934,72.11039596331887,72.21721238320136,5158400
2025-09-25,72.06183624267578,72.07154884626033,71.92588942667547,72.04241844405253,7402700
2025-09-26,72.06183624267578,72.17836526005284,72.00357543826017,72.07154884626033,5531400
2025-09-29,72.24635314941406,72.28519616299228,72.13953671421082,72.15895451672627,5534500
2025-09-30,72.21720886230469,72.38228608187622,72.1880710513104,72.27546966720149,8840700
2025-10-01,72.39936828613281,72.43833546894953,72.29221039144439,72.39936828613281,8762900
2025-10-02,72.4773178100586,72.49679768942599,72.33119270199207,72.37015989295858,7155600
2025-10-03,72.38961791992188,72.52599933101911,72.3701380464349,72.4967758046739,8372400
2025-10-06,72.2240219116211,72.36040333957932,72.21427825755825,72.25324544157922,8688800
2025-10-07,72.36039733886719,72.42858804719137,72.27272675626314,72.30195028379782,7229500
2025-10-08,72.36039733886719,72.48704253449053,72.34091746458733,72.4772988812357,6298400
2025-10-09,72.31171417236328,72.34093770807571,72.26300332468799,72.32145039611285,9071000
2025-10-10,72.59420013427734,72.65265462732812,72.43833882801314,72.50652954304695,7202600
2025-10-13,72.71111297607422,72.71111297607422,72.526020678435,72.61369871550735,4358400
2025-10-14,72.8182601928711,72.84748372352405,72.64291157672278,72.7013586380287,6550100
2025-10-15,72.7695541381836,72.9351665431569,72.73059438290512,72.83774485826751,6264800
2025-10-16,73.04232025146484,73.06180012798416,72.74032642368567,72.74032642368567,8485100
2025-10-17,72.94489288330078,72.98386006553106,72.87670217245532,72.97412384414604,20337500
2025-10-20,73.04232025146484,73.05205647360918,72.97412953530129,73.01308928833991,6287200
2025-10-21,73.12998962402344,73.20792399326169,73.11050974782913,73.15921315443015,6179900
2025-10-22,73.12998962402344,73.13973327823585,73.03257537859088,73.09102243940431,7164500
2025-10-23,72.98387145996094,73.08128571463014,72.96439158191959,73.05206218145251,6041700
2025-10-24,73.08128356933594,73.11051453388673,72.97413309490706,73.10077087903647,6912300
2025-10-27,73.12024688720703,73.12024688720703,72.95464192467088,73.02283264055227,7706600
2025-10-28,73.15921783447266,73.17870514414409,73.07154723764415,73.10077076992033,7399700
2025-10-29,72.79878234863281,73.13973593615238,72.77929503949981,73.12999228158587,8938700
2025-10-30,72.6721420288086,72.78904359478491,72.57472777327729,72.58447142849981,7109500
2025-10-31,72.65265655517578,72.75007080320461,72.6136893695181,72.73059092649113,7106700
2025-11-03,72.56859588623047,72.60769097409556,72.49040571050028,72.5588202501078,7085100
2025-11-04,72.60769653320312,72.68588671491983,72.55882580547365,72.5783770792159,11476200
2025-11-05,72.40245819091797,72.57838238432664,72.36336309720195,72.5588311091553,10862500
2025-11-06,72.6858901977539,72.71520965314602,72.59792437495109,72.61747564963017,6461200
2025-11-07,72.64678955078125,72.74452354682482,72.57837500788817,72.57837500788817,7073200
2025-11-10,72.62724304199219,72.6858894087663,72.59792358691833,72.6370186792256,7235100
2025-11-11,72.83248138427734,72.84225702079941,72.73474738893425,72.77384247839666,5229400
2025-11-12,72.80316925048828,72.85203998138591,72.75430597621728,72.79340106961006,7129700
2025-11-13,72.58814239501953,72.72497893593705,72.58814239501953,72.67610821013609,7105100
2025-11-14,72.48063659667969,72.73474347958881,72.48063659667969,72.71519966422099,6473000
2025-11-17,72.51973724365234,72.59792743240861,72.50996906252792,72.52951288140358,6908300
2025-11-18,72.57836151123047,72.69563930202342,72.50017134628548,72.64677604140121,8009200
2025-11-19,72.54905700683594,72.6858860953608,72.51973009647254,72.6565591849974,7527500
2025-11-20,72.65656280517578,72.7152091721986,72.6076995320543,72.6272433499776,8461100
2025-11-21,72.83248138427734,72.86180829384355,72.71520357251597,72.86180829384355,6818400
2025-11-24,72.95954132080078,72.98886077335196,72.8618073267549,72.93022186824959,5734400
2025-11-25,73.12570190429688,73.19411645706333,73.0084166181428,73.0084166181428,7446200
2025-11-26,73.2038803100586,73.2038803100586,72.988861048372,73.08659504278614,7327100
2025-11-28,73.08660125732422,73.18433526004866,73.01818670975447,73.16479144215434,4812100
2025-12-01,72.80128479003906,72.85031221645511,72.76206434501323,72.82089127228448,6891500
2025-12-02,72.86990356445312,72.90912400133332,72.77185621251935,72.80126967004614,6756900
2025-12-03,72.97776794433594,73.01698838661656,72.88952007907093,72.95816146346287,9774000
2025-12-04,72.84049987792969,72.91894076221234,72.8110864164573,72.90913378154339,7337500
2025-12-05,72.75225067138672,72.87971897612906,72.70323073001485,72.86010501515287,7270500
2025-12-08,72.64440155029297,72.76206288300631,72.53655467930764,72.75225590181316,8585700
2025-12-09,72.59539031982422,72.76207161744225,72.56597685324877,72.76207161744225,6665200
2025-12-10,72.81108093261719,72.82088043201362,72.55615181816603,72.56595879809636,8771100
2025-12-11,72.81108093261719,72.97776218876322,72.79146697275654,72.95815570943647,8924600
2025-12-12,72.58556365966797,72.64439057687102,72.5659571807782,72.60517761909146,8117600
2025-12-15,72.67381286621094,72.79146670280292,72.634592427169,72.72283280461298,10495500
2025-12-16,72.81108093261719,72.82088043201362,72.61497873668019,72.67381313572824,6999300
2025-12-17,72.79146575927734,72.82087921804408,72.72283186197704,72.73263884174388,10071300
2025-12-18,72.94593048095703,72.99511406192843,72.88689967608292,72.94593048095703,6940500
2025-12-19,72.83772277832031,72.92625773549597,72.81804333972124,72.8672344307122,7540400
2025-12-22,72.81803131103516,72.83771074638341,72.76884773367547,72.82787102870928,9855300
2025-12-23,72.80821228027344,72.81804449422214,72.65080679101217,72.66064651046771,10188700
2025-12-24,72.98528289794922,72.99511511098119,72.8475568604403,72.87706851054848,5341700
2025-12-26,72.98528289794922,73.07381784827375,72.93609181076484,73.04430619816557,6730500
2025-12-29,73.09349060058594,73.09349060058594,73.00494815285292,73.05413923553853,9105700
2025-12-30,73.06397247314453,73.08365190869716,72.97543752967435,73.02462861305038,7743200
2025-12-31,72.86722564697266,73.04430304548498,72.85738592885924,72.96560031158933,8846700
2026-01-02,72.83772277832031,72.95577689339456,72.81804333972124,72.92625773549597,7453500
2026-01-05,72.9754409790039,73.00495262822223,72.87706631310753,72.90657796232585,11059100
2026-01-06,72.9754409790039,72.98528069724532,72.8278752274064,72.92624989330277,9079000
2026-01-07,73.05413818359375,73.11316147756222,72.99510738411993,73.0934895480745,11576600
2026-01-08,72.92625427246094,72.97544536111596,72.89674262147047,72.91642205913502,9906800
2026-01-09,73.08364868164062,73.15251169202304,72.92624322619213,72.97543430739609,10536800
2026-01-12,73.0147933959961,73.09349613204685,72.95577009671103,73.00495367761324,9851000
2026-01-13,73.07381439208984,73.11316575887491,73.01479109466513,73.1033260408022,11835200
2026-01-14,73.22138214111328,73.25089379063172,73.11316775587504,73.11316775587504,8765900
2026-01-15,73.11315155029297,73.26071727068307,73.11315155029297,73.24103783836209,9959500
2026-01-16,72.99510192871094,73.12299573009139,72.97543000069344,73.11315601333025,16105100
2026-01-20,72.7294921875,72.8278668420696,72.69998054167962,72.7098202587881,12982700
2026-01-21,72.93608093261719,72.95576036675827,72.74916383580188,72.80819463272015,11453200
2026-01-22,72.96559143066406,73.00494279282228,72.8475448496943,72.88688870634762,13512400
2026-01-23,73.0443115234375,73.05415124269297,72.91642519514318,72.99512043266687,8079700
2026-01-26,73.13284301757812,73.17219438723012,73.10333136671571,73.13284301757812,7137300
2026-01-27,73.07381439208984,73.17218905629963,73.04430274337749,73.1033260408022,9827900
2026-01-28,73.0443115234375,73.05415124269297,72.94593684740289,73.03447180418203,9328300
2026-01-29,73.05413818359375,73.11316147756222,72.93608409015147,72.94592380764799,16397300
2026-01-30,73.02462005615234,73.09348306150619,72.96558926191713,73.0442919838943,8977500
2026-02-02,72.95060729980469,73.0789171105781,72.93086269484853,73.06904480810002,8636400
2026-02-03,72.9703369140625,72.98020921553126,72.88150126156299,72.90124586450048,11287100
2026-02-04,72.94072723388672,72.99994598173144,72.89137325710972,72.9308549324594,11709600
2026-02-05,73.25657653808594,73.27631361150559,73.04930338055993,73.09864982928902,12216700
2026-02-06,73.26644897460938,73.28618604806529,73.16774101624993,73.26644897460938,8257200
2026-02-09,73.28617858886719,73.30591566031423,73.1776058700105,73.20721524236065,9429800
2026-02-10,73.50334167480469,73.55268813045001,73.46385999207183,73.48359706825777,8288400
2026-02-11,73.35527801513672,73.51320472619254,73.32566863940377,73.34540571310572,7968800
2026-02-12,73.69086456298828,73.71060163563283,73.46384681059796,73.49345618474459,9884300
2026-02-13,73.90800476074219,73.92774936435475,73.838913708818,73.86852308387695,8307900
2026-02-17,73.89813995361328,73.93762163045945,73.85865827676712,73.91787702685643,9689000
2026-02-18,73.81918334960938,73.88827440781758,73.799438744201,73.81918334960938,6972500
2026-02-19,73.84879302978516,73.87840240765841,73.75009259342076,73.75009259342076,8147900
2026-02-20,73.83891296386719,73.86852233862741,73.72047546482627,73.86852233862741,9131300
2026-02-23,73.99684143066406,74.04618787965215,73.86852409650305,73.86852409650305,6286900
2026-02-24,73.95735931396484,73.99684099113679,73.9178776367929,73.97709638737085,9854400
2026-02-25,73.9376220703125,73.9968408207541,73.89814039323146,73.90800516473178,7002000
2026-02-26,74.04618835449219,74.05606065649711,73.95736022752799,73.95736022752799,14876200
2026-02-27,74.19424438476562,74.25347066772962,74.15476270624303,74.17450731068443,8500900
2026-03-02,73.89525604248047,73.99425675134248,73.80615767048563,73.97445963087804,8732600
2026-03-03,73.81605529785156,73.9150635637978,73.56854973952639,73.58835441402373,8939900
2026-03-04,73.76655578613281,73.85565415801877,73.75665344927774,73.82595470072344,11305400
2026-03-05,73.59823608398438,73.62794309043706,73.49923538894868,73.53883717761673,10025800
2026-03-06,73.4992446899414,73.67744898486416,73.330942731756,73.3804468621728,10878000
2026-03-09,73.70714569091797,73.75664981948718,73.37054178710981,73.41014357931128,8201800
2026-03-10,73.47944641113281,73.7071472796122,73.46954407455162,73.64774836666449,8622900
2026-03-11,73.15274047851562,73.36064423618308,73.11313868373087,73.35074189916938,9003400
2026-03-12,72.88543701171875,73.09334076712253,72.82603054355343,73.04383663586307,12383500
2026-03-13,72.81613159179688,73.06363712738657,72.77652979971018,73.00423066262177,7060100
2026-03-16,73.09333801269531,73.1428345888196,73.00423209044014,73.09333801269531,7716600
2026-03-17,73.24185180664062,73.271551266602,73.19234767119127,73.19234767119127,5948100
2026-03-18,72.94483184814453,73.21213450349833,72.9349295117923,73.16263792827628,9210900
2026-03-19,73.02404022216797,73.1230409323752,72.76663233301313,72.78642945374656,8861500
2026-03-20,72.4399185180664,72.79632709443547,72.43002373497303,72.77652997497921,12983200
2026-03-23,72.71712493896484,72.87553211080582,72.50922119087583,72.56862765695104,14898800
2026-03-24,72.52902221679688,72.67752704461265,72.39041972504063,72.44981863485921,11800800
2026-03-25,72.80622863769531,72.88543222119667,72.71712271793893,72.83592809319096,9313300
2026-03-26,72.38052368164062,72.69733048366467,72.37062134472019,72.59832977427028,8602900
2026-03-27,72.38052368164062,72.47952439103501,72.21222172034315,72.2518235147549,13021800
2026-03-30,72.74683380126953,72.86563162990598,72.68742733368143,72.74683380126953,10353800
2026-03-31,72.90522766113281,73.04383015243286,72.83592641548279,72.93492711594436,10948300
2026-04-01,72.9350357055664,73.07411035467318,72.90523507775781,72.94497177450259,9624800
2026-04-02,73.09397888183594,73.16351620295431,72.85555871314475,72.87543085003546,7975600
2026-04-06,72.98470306396484,73.07410494076706,72.93503030196402,72.96483092756476,9844300
2026-04-07,73.09397888183594,73.11384343972708,72.76615683413523,73.00456942382685,7270000
2026-04-08,73.2330551147461,73.46153164095502,73.18338235043994,73.45160315129358,5760200
2026-04-09,73.26285552978516,73.40193017464037,73.09398025803237,73.19331820735755,5646600
2026-04-10,73.15357971191406,73.28271828495943,73.1436436435261,73.25291765879508,6334300
2026-04-13,73.31253051757812,73.33239507644578,73.11384703390179,73.15358373063705,6438100
2026-04-14,73.49134063720703,73.50126912697523,73.29265715684566,73.35225841145416,5600100
2026-04-15,73.39199829101562,73.44167105801056,73.33239703382183,73.41187042941365,6724300
2026-04-16,73.28272247314453,73.47146988830525,73.23305728636537,73.46153381934944,7582500
2026-04-17,73.57080078125,73.660210235273,73.52113559923654,73.57080078125,5806900
2026-04-20,73.5211410522461,73.57080623794317,73.44166766033099,73.56087774820364,7609600
2026-04-21,73.29265594482422,73.49133942190001,73.28271987622051,73.45160272648485,5852600
2026-04-22,73.37212371826172,73.49133379538043,73.36218765041872,73.47146165969441,5936800
2026-04-23,73.24298858642578,73.44166447860646,73.13371457202658,73.37212715844326,6181500
2026-04-24,73.37212371826172,73.40192434279162,73.17344783539632,73.26284970898601,5118200
2026-04-27,73.25292205810547,73.36219607993706,73.21318536116671,73.3125308930136,6095200
2026-04-28,73.2330551147461,73.2330551147461,73.11384502781117,73.16351779211732,7242000
2026-04-29,72.90522766113281,73.06417443194235,72.83569034365343,73.06417443194235,7207000
2026-04-30,73.0145034790039,73.09397686637628,72.96483071714634,73.0443041045187,7829100
2026-05-01,73.11616516113281,73.28559828673644,73.01649906395632,73.05636702363408,6933100
2026-05-04,72.86699676513672,73.03642989224934,72.73743159805693,73.01649971425086,7912200
2026-05-05,72.99656677246094,73.06633380613552,72.93676863046454,72.94673752214273,8336200
2026-05-06,73.30553436279297,73.32546454015018,73.22579844529288,73.2556975133465,7658300
2026-05-07,73.11616516113281,73.40520216576971,73.07629720145506,73.40520216576971,9777000
2026-05-08,73.30553436279297,73.36533249890022,73.27562769070371,73.31549564945377,7382800
2026-05-11,73.12613677978516,73.25570195054401,73.11616788848491,73.22580288067937,9494200
2026-05-12,72.90686798095703,72.98660390458345,72.88693019803233,72.96666612165873,7431700
2026-05-13,72.936767578125,72.94673646965936,72.78726462125469,72.88693072448947,10761000
2026-05-14,72.91683197021484,73.13609433939213,72.9068630794227,72.97663010689631,6262500
2026-05-15,72.49822235107422,72.59788844709442,72.458354391859,72.57795826950466,12189900
2026-05-18,72.44839477539062,72.61782790293483,72.34872107303673,72.53809198266607,8771700
2026-05-19,72.20919036865234,72.30886407563601,72.0995553741993,72.22912815166357,13221200
2026-05-20,72.60785675048828,72.65769360011303,72.21915365632925,72.23909143779342,11123000
2026-05-21,72.6875991821289,72.69756807375434,72.3387640156019,72.40853104890729,10364600
2026-05-22,72.75736236572266,72.80719921717656,72.57796034613888,72.79723032607859,6817600
2026-05-26,72.96666717529297,73.03643420846446,72.88693125051518,73.01650402928816,7374200
2026-05-27,73.03643035888672,73.09622849730009,72.99656239859918,73.04639924996759,7349100
2026-05-28,73.17596435546875,73.23577009786702,72.99656233634575,73.04639918767165,7239100
2026-05-29,73.21583557128906,73.30554038685727,73.13609964723648,73.22580446280469,9177400
2026-06-01,72.936767578125,72.94673646965936,72.69756740955427,72.75736555068788,7268300
2026-06-02,72.95669555664062,73.05636926090531,72.91683519977798,73.02646258720429,7682700
2026-06-03,72.8171615600586,72.87696730347763,72.73743324222661,72.7972313816096,9330700
2026-06-04,72.91683197021484,72.98659899768846,72.88692529783842,72.94673103855558,6815000
2026-06-05,72.58792877197266,72.70752504823798,72.5779598809386,72.69756376123979,8487200
2026-06-08,72.5679931640625,72.76733297053678,72.55803187676587,72.73743390057466,14019000
2026-06-09,72.72746276855469,72.75736183759562,72.59788999732943,72.67762591746254,8703500
2026-06-10,72.66766357421875,72.79722873952485,72.5978889420896,72.72746171143145,5252500
2026-06-11,73.08626556396484,73.11616463249804,72.68759357410549,72.73743042435132,9058700
2026-06-12,72.99656677246094,73.0464036268155,72.86700159678996,72.96666770146274,7379300
2026-06-15,73.05636596679688,73.18593113084845,73.0463970760127,73.13609428096325,7738300
2026-06-16,73.16600036621094,73.23576739306898,73.07629555794452,73.09622573531726,5902800
2026-06-17,72.89689636230469,73.22580133193159,72.8769661841618,73.17596448052052,8531600
2026-06-18,73.09622955322266,73.25570139667653,73.07629937480894,73.07629937480894,6312500
2026-06-22,72.89689636230469,72.97663228294805,72.8669972930724,72.92679543153696,7359400
2026-06-23,72.97663116455078,73.05636708397215,72.93676320484009,72.93676320484009,7081800
2026-06-24,73.30553436279297,73.3553636082038,73.21582955459647,73.2357673359893,7819400
2026-06-25,73.3553695678711,73.48494234534462,73.34540067636476,73.40520642136649,7638100
2026-06-26,73.42513275146484,73.47496960234783,73.31549776275094,73.32546665373471,5965100
2026-06-29,73.46500396728516,73.48494175013631,73.39523693537845,73.44507378847017,7224800
