Date,TSLA,BND,SPY
2015-01-02,14.620667457580566,59.405372619628906,169.68777465820312
2015-01-05,14.005999565124512,59.577903747558594,166.62339782714844
2015-01-06,14.085332870483398,59.750362396240234,165.0538787841797
2015-01-07,14.063332557678223,59.78633117675781,167.1106719970703
2015-01-08,14.041333198547363,59.69291687011719,170.0760498046875
2015-01-09,13.77733325958252,59.79352951049805,168.71322631835938
2015-01-12,13.480667114257812,59.87257766723633,167.3915557861328
2015-01-13,13.616666793823242,59.930110931396484,166.9207000732422
2015-01-14,12.845999717712402,60.066650390625,165.91297912597656
2015-01-15,12.791333198547363,60.33260726928711,164.39306640625
2015-01-16,12.871333122253418,60.152923583984375,166.54901123046875
2015-01-20,12.795332908630371,60.08818817138672,166.9041748046875
2015-01-21,13.104666709899902,59.97321319580078,167.7467498779297
2015-01-22,13.441332817077637,59.98760986328125,170.24127197265625
2015-01-23,13.419333457946777,60.18170166015625,169.3079071044922
2015-01-26,13.770000457763672,60.10980224609375,169.70436096191406
2015-01-27,13.732000350952148,60.14573669433594,167.4658660888672
2015-01-28,13.291333198547363,60.361351013183594,165.31825256347656
2015-01-29,13.680000305175781,60.296627044677734,166.84640502929688
2015-01-30,13.573332786560059,60.6273193359375,164.74830627441406
2015-02-02,14.062666893005371,60.55527877807617,166.7885284423828
2015-02-03,14.557332992553711,60.368045806884766,169.20050048828125
2015-02-04,14.569999694824219,60.38961410522461,168.55621337890625
2015-02-05,14.732666969299316,60.2599983215332,170.25779724121094
2015-02-06,14.490667343139648,59.87105941772461,169.78701782226562
2015-02-09,14.498666763305664,59.849483489990234,169.02706909179688
2015-02-10,14.419333457946777,59.74141311645508,170.8277130126953
2015-02-11,14.186667442321777,59.74141311645508,170.92686462402344
2015-02-12,13.525333404541016,59.770259857177734,172.5706329345703
2015-02-13,13.584667205810547,59.63337707519531,173.281005859375
2015-02-17,13.623332977294922,59.395755767822266,173.55357360839844
2015-02-18,13.630666732788086,59.5614013671875,173.5701141357422
2015-02-19,14.11400032043457,59.51096725463867,173.44619750976562
2015-02-20,14.473999977111816,59.52532958984375,174.48696899414062
2015-02-23,13.822667121887207,59.647804260253906,174.4622344970703
2015-02-24,13.607333183288574,59.89268112182617,174.9578094482422
2015-02-25,13.583999633789062,59.95033264160156,174.8091278076172
2015-02-26,13.812666893005371,59.78468704223633,174.6026153564453
2015-02-27,13.555999755859375,59.83506393432617,174.0078887939453
2015-03-02,13.155332565307617,59.64167785644531,175.1065216064453
2015-03-03,13.303999900817871,59.569496154785156,174.3878631591797
2015-03-04,13.496000289916992,59.569496154785156,173.6527557373047
2015-03-05,13.375332832336426,59.605587005615234,173.8426971435547
2015-03-06,12.925333023071289,59.25918197631836,171.39764404296875
2015-03-09,12.725333213806152,59.33136749267578,172.10806274414062
2015-03-10,12.687999725341797,59.562286376953125,169.31613159179688
2015-03-11,12.916000366210938,59.62724685668945,168.9196319580078
2015-03-12,12.73799991607666,59.6705436706543,171.0672607421875
2015-03-13,12.578666687011719,59.61280059814453,170.0182647705078
2015-03-16,13.046667098999023,59.72822570800781,172.289794921875
2015-03-17,12.982000350952148,59.778770446777344,171.77764892578125
2015-03-18,13.380666732788086,60.14683532714844,173.8426971435547
2015-03-19,13.043333053588867,59.966373443603516,173.04969787597656
2015-03-20,13.20533275604248,60.12517547607422,174.57716369628906
2015-03-23,13.308667182922363,60.15404510498047,174.237060546875
2015-03-24,13.447999954223633,60.25503921508789,173.2579803466797
2015-03-25,12.953332901000977,60.161190032958984,170.71908569335938
2015-03-26,12.694000244140625,59.966373443603516,170.3125
2015-03-27,12.333333015441895,60.02413558959961,170.70245361328125
2015-03-30,12.704667091369629,60.09627151489258,172.78506469726562
2015-03-31,12.584667205810547,60.161190032958984,171.27500915527344
2015-04-01,12.505999565124512,60.40061569213867,170.66929626464844
2015-04-02,12.733332633972168,60.32105255126953,171.28330993652344
2015-04-06,13.539999961853027,60.371665954589844,172.4365997314453
2015-04-07,13.550000190734863,60.40787887573242,171.98028564453125
2015-04-08,13.844667434692383,60.364471435546875,172.56101989746094
2015-04-09,14.005999565124512,60.23426818847656,173.32437133789062
2015-04-10,14.0600004196167,60.20536422729492,174.27017211914062
2015-04-13,13.985333442687988,60.219791412353516,173.48199462890625
2015-04-14,13.830666542053223,60.328304290771484,173.81385803222656
2015-04-15,13.85533332824707,60.386192321777344,174.59378051757812
2015-04-16,13.779999732971191,60.371665954589844,174.54403686523438
2015-04-17,13.78600025177002,60.472938537597656,172.5361328125
2015-04-20,13.684666633605957,60.40787887573242,174.1126251220703
2015-04-21,13.96066665649414,60.33552551269531,173.90518188476562
2015-04-22,14.629332542419434,60.11130142211914,174.75970458984375
2015-04-23,14.573332786560059,60.227020263671875,175.19952392578125
2015-04-24,14.562000274658203,60.32105255126953,175.60601806640625
2015-04-27,15.436667442321777,60.27766418457031,174.87588500976562
2015-04-28,15.36533260345459,60.089637756347656,175.43185424804688
2015-04-29,15.49666690826416,59.901588439941406,174.7099609375
2015-04-30,15.069999694824219,59.9666633605957,172.9593048095703
2015-05-01,15.0686674118042,59.784751892089844,174.83447265625
2015-05-04,15.36733341217041,59.69779586791992,175.33226013183594
2015-05-05,15.529999732971191,59.6036376953125,173.32437133789062
2015-05-06,15.362000465393066,59.436973571777344,172.61077880859375
2015-05-07,15.786666870117188,59.56015396118164,173.29942321777344
2015-05-08,15.77400016784668,59.71952819824219,175.58111572265625
2015-05-11,15.965999603271484,59.40793991088867,174.74313354492188
2015-05-12,16.31599998474121,59.335506439208984,174.220458984375
2015-05-13,16.211999893188477,59.306488037109375,174.2536163330078
2015-05-14,16.273332595825195,59.422447204589844,176.07069396972656
2015-05-15,16.589332580566406,59.66160583496094,176.26148986816406
2015-05-18,16.583332061767578,59.44416427612305,176.80905151367188
2015-05-19,16.47599983215332,59.31373596191406,176.75099182128906
2015-05-20,16.290000915527344,59.31373596191406,176.6265869140625
2015-05-21,16.374666213989258,59.502132415771484,177.1409912109375
2015-05-22,16.51533317565918,59.4659309387207,176.71783447265625
2015-05-26,16.497333526611328,59.61086654663086,174.8178253173828
2015-05-27,16.495332717895508,59.639854431152344,176.4772186279297
2015-05-28,16.76333236694336,59.647125244140625,176.278076171875
2015-05-29,16.719999313354492,59.668853759765625,175.18287658691406
2015-06-01,16.6299991607666,59.469852447509766,175.5396728515625
2015-06-02,16.55666732788086,59.3028678894043,175.36538696289062
2015-06-03,16.599332809448242,59.04146194458008,175.8300323486328
2015-06-04,16.39466667175293,59.186702728271484,174.34486389160156
2015-06-05,16.609333038330078,58.95426559448242,174.0461883544922
2015-06-08,17.086000442504883,59.0269775390625,172.9759063720703
2015-06-09,17.066667556762695,58.8526496887207,172.9509735107422
2015-06-10,16.713333129882812,58.729209899902344,175.02523803710938
2015-06-11,16.76066780090332,59.00516128540039,175.58946228027344
2015-06-12,16.71266746520996,58.961585998535156,174.24526977539062
2015-06-15,16.691999435424805,58.968841552734375,173.49855041503906
2015-06-16,16.874666213989258,59.12131118774414,174.44447326660156
2015-06-17,17.360666275024414,59.14316177368164,174.72654724121094
2015-06-18,17.459333419799805,59.09954833984375,176.54359436035156
2015-06-19,17.500667572021484,59.266563415527344,175.75990295410156
2015-06-22,17.319332122802734,58.98336410522461,176.66029357910156
2015-06-23,17.844667434692383,58.84541320800781,176.7853546142578
2015-06-24,17.67799949645996,58.95426559448242,175.50135803222656
2015-06-25,17.91933250427246,58.87443923950195,174.96783447265625
2015-06-26,17.805999755859375,58.765525817871094,174.9344482421875
2015-06-29,17.468000411987305,59.06325149536133,171.26605224609375
2015-06-30,17.884000778198242,59.00516128540039,171.62454223632812
2015-07-01,17.94333267211914,58.86180114746094,173.00022888183594
2015-07-02,18.667999267578125,59.00733184814453,172.841796875
2015-07-06,18.648000717163086,59.2110710144043,172.3498992919922
2015-07-07,17.858667373657227,59.26931381225586,173.43377685546875
2015-07-08,16.997333526611328,59.436649322509766,170.52406311035156
2015-07-09,17.19466781616211,59.240135192871094,170.8324737548828
2015-07-10,17.27666664123535,58.963687896728516,172.98345947265625
2015-07-13,17.477333068847656,58.825443267822266,174.89276123046875
2015-07-14,17.709999084472656,58.9345703125,175.6514434814453
2015-07-15,17.542667388916016,59.101951599121094,175.59312438964844
2015-07-16,17.778667449951172,59.101951599121094,177.002197265625
2015-07-17,18.310667037963867,59.10920715332031,177.15219116210938
2015-07-20,18.817333221435547,59.02913284301758,177.2439422607422
2015-07-21,17.784666061401367,59.138301849365234,176.5435791015625
2015-07-22,17.857999801635742,59.16010284423828,176.22677612304688
2015-07-23,17.81333351135254,59.298343658447266,175.234619140625
2015-07-24,17.694000244140625,59.33476638793945,173.4170684814453
2015-07-27,16.867332458496094,59.45119094848633,172.40829467773438
2015-07-28,17.654666900634766,59.34931564331055,174.52593994140625
2015-07-29,17.58799934387207,59.298343658447266,175.7265167236328
2015-07-30,17.785999298095703,59.32023620605469,175.76821899414062
2015-07-31,17.74333381652832,59.52393341064453,175.50135803222656
2015-08-03,17.332666397094727,59.661685943603516,174.9094696044922
2015-08-04,17.75200080871582,59.45759582519531,174.567626953125
2015-08-05,18.0086669921875,59.362762451171875,175.1429443359375
2015-08-06,16.408666610717773,59.399269104003906,173.70889282226562
2015-08-07,16.167333602905273,59.523197174072266,173.37539672851562
2015-08-10,16.076000213623047,59.399269104003906,175.559814453125
2015-08-11,15.824666976928711,59.62526321411133,173.9757080078125
2015-08-12,15.878000259399414,59.60342025756836,174.18411254882812
2015-08-13,16.167333602905273,59.47944259643555,173.9673309326172
2015-08-14,16.209999084472656,59.45759582519531,174.60098266601562
2015-08-17,16.999332427978516,59.566932678222656,175.57643127441406
2015-08-18,17.381332397460938,59.45759582519531,175.06788635253906
2015-08-19,17.016666412353516,59.66902160644531,173.6839141845703
2015-08-20,16.14533233642578,59.72004699707031,170.05712890625
2015-08-21,15.38466739654541,59.81480026245117,164.93800354003906
2015-08-24,14.591333389282227,59.800254821777344,157.99301147460938
2015-08-25,14.66866683959961,59.60342025756836,156.1337432861328
2015-08-26,14.989333152770996,59.34821319580078,162.12828063964844
2015-08-27,16.19933319091797,59.42842102050781,166.13853454589844
2015-08-28,16.565332412719727,59.45759582519531,166.14688110351562
2015-08-31,16.604000091552734,59.37736129760742,164.8046417236328
2015-09-01,15.908666610717773,59.52202606201172,159.88558959960938
2015-09-02,16.512666702270508,59.478240966796875,162.9203338623047
2015-09-03,16.3713321685791,59.52202606201172,163.0370635986328
2015-09-04,16.1286678314209,59.668128967285156,160.56924438476562
2015-09-08,16.544666290283203,59.52202606201172,164.60447692871094
2015-09-09,16.5939998626709,59.50745391845703,162.4033966064453
2015-09-10,16.565332412719727,59.38323211669922,163.28724670410156
2015-09-11,16.682666778564453,59.50745391845703,164.02920532226562
2015-09-14,16.87933349609375,59.52202606201172,163.42059326171875
2015-09-15,16.904666900634766,59.27363586425781,165.4632110595703
2015-09-16,17.483333587646484,59.237098693847656,166.89723205566406
2015-09-17,17.471332550048828,59.57321548461914,166.52203369140625
2015-09-18,17.374666213989258,59.74121856689453,163.8008575439453
2015-09-21,17.613332748413086,59.52202606201172,164.64736938476562
2015-09-22,17.395999908447266,59.631614685058594,162.51025390625
2015-09-23,17.40399932861328,59.631614685058594,162.25045776367188
2015-09-24,17.541332244873047,59.6535530090332,161.66384887695312
2015-09-25,17.12733268737793,59.5439338684082,161.62188720703125
2015-09-28,16.562000274658203,59.69737243652344,157.56561279296875
2015-09-29,16.44333267211914,59.74121856689453,157.65782165527344
2015-09-30,16.559999465942383,59.85811996459961,160.5994415283203
2015-10-01,15.991999626159668,59.89031219482422,161.0184326171875
2015-10-02,16.504667282104492,60.11722946166992,163.4237823486328
2015-10-05,16.40999984741211,59.88300704956055,166.33180236816406
2015-10-06,16.097333908081055,59.96355438232422,165.761962890625
2015-10-07,15.46399974822998,59.96355438232422,167.11959838867188
2015-10-08,15.114666938781738,59.86836624145508,168.62814331054688
2015-10-09,14.712667465209961,59.86103820800781,168.7287139892578
2015-10-12,14.371999740600586,59.96355438232422,168.8879852294922
2015-10-13,14.616666793823242,60.000160217285156,167.82362365722656
2015-10-14,14.458666801452637,60.219722747802734,167.01905822753906
2015-10-15,14.753999710083008,60.10264587402344,169.5835418701172
2015-10-16,15.133999824523926,60.08061599731445,170.35455322265625
2015-10-19,15.206666946411133,60.08061599731445,170.43836975097656
2015-10-20,14.20199966430664,59.98550796508789,170.22047424316406
2015-10-21,14.005999565124512,60.095272064208984,169.16453552246094
2015-10-22,14.114666938781738,60.19776153564453,172.02232360839844
2015-10-23,13.939332962036133,60.04405212402344,173.90794372558594
2015-10-26,14.350666999816895,60.109947204589844,173.4805450439453
2015-10-27,14.023332595825195,60.12456512451172,173.14537048339844
2015-10-28,14.197333335876465,59.95620346069336,175.1147918701172
2015-10-29,14.108667373657227,59.7439079284668,175.01426696777344
2015-10-30,13.795332908630371,59.8757209777832,174.25997924804688
2015-11-02,14.252667427062988,59.757591247558594,176.32162475585938
2015-11-03,13.890000343322754,59.65487289428711,176.8328399658203
2015-11-04,15.442000389099121,59.69151306152344,176.29647827148438
2015-11-05,15.451333045959473,59.58152770996094,176.1205596923828
2015-11-06,15.490667343139648,59.346778869628906,176.02825927734375
2015-11-09,15.022000312805176,59.295406341552734,174.38565063476562
2015-11-10,14.433333396911621,59.36140823364258,174.78794860839844
2015-11-11,14.60533332824707,59.368751525878906,174.1007537841797
2015-11-12,14.196000099182129,59.37610626220703,171.6703643798828
2015-11-13,13.812666893005371,59.48611068725586,169.74278259277344
2015-11-16,14.287332534790039,59.48611068725586,172.3240203857422
2015-11-17,14.266667366027832,59.55216979980469,172.19830322265625
2015-11-18,14.73799991607666,59.52281951904297,174.93045043945312
2015-11-19,14.786666870117188,59.60352325439453,174.77960205078125
2015-11-20,14.667332649230957,59.588871002197266,175.41656494140625
2015-11-23,14.516667366027832,59.61087417602539,175.2153778076172
2015-11-24,14.550000190734863,59.632877349853516,175.4500274658203
2015-11-25,15.309332847595215,59.640193939208984,175.42491149902344
2015-11-27,15.440667152404785,59.66956329345703,175.6260528564453
2015-11-30,15.350666999816895,59.640193939208984,174.8968963623047
2015-12-01,15.812666893005371,59.86587142944336,176.5646514892578
2015-12-02,15.465999603271484,59.79238510131836,174.76284790039062
2015-12-03,15.513999938964844,59.329288482666016,172.31570434570312
2015-12-04,15.358667373657227,59.56448745727539,175.67633056640625
2015-12-07,15.408666610717773,59.667396545410156,174.6119842529297
2015-12-08,15.114666938781738,59.68205642700195,173.43869018554688
2015-12-09,14.968000411987305,59.66005325317383,172.0894012451172
2015-12-10,15.137999534606934,59.652671813964844,172.53353881835938
2015-12-11,14.468000411987305,59.81437301635742,169.1896514892578
2015-12-14,14.571999549865723,59.535072326660156,170.04446411132812
2015-12-15,14.739333152770996,59.46893310546875,171.82957458496094
2015-12-16,15.633999824523926,59.40276336669922,174.34381103515625
2015-12-17,15.559332847595215,59.52774429321289,171.68711853027344
2015-12-18,15.36400032043457,59.66005325317383,168.6284942626953
2015-12-21,15.503999710083008,59.59385681152344,170.01956176757812
2015-12-22,15.329999923706055,59.51302719116211,171.5623779296875
2015-12-23,15.313332557678223,59.5203971862793,173.6868438720703
2015-12-24,15.371333122253418,59.56463623046875,173.4001922607422
2015-12-28,15.263333320617676,59.56463623046875,173.00396728515625
2015-12-29,15.812666893005371,59.38031768798828,174.85028076171875
2015-12-30,15.87266731262207,59.41719055175781,173.6109619140625
2015-12-31,16.000667572021484,59.535133361816406,171.87429809570312
2016-01-04,14.894000053405762,59.50566101074219,169.47154235839844
2016-01-05,14.895333290100098,59.57935333251953,169.75816345214844
2016-01-06,14.602666854858398,59.844764709472656,167.61676025390625
2016-01-07,14.376667022705078,59.85211944580078,163.59542846679688
2016-01-08,14.066666603088379,59.92585372924805,161.79974365234375
2016-01-11,13.856666564941406,59.675209045410156,161.9599151611328
2016-01-12,13.998000144958496,59.830047607421875,163.26663208007812
2016-01-13,13.354000091552734,59.977447509765625,159.19471740722656
2016-01-14,13.745332717895508,59.903709411621094,161.80816650390625
2016-01-15,13.666000366210938,60.00693130493164,158.33477783203125
2016-01-19,13.64799976348877,59.933204650878906,158.5454864501953
2016-01-20,13.24666690826416,59.999576568603516,156.51376342773438
2016-01-21,13.33133316040039,59.962711334228516,157.3905487060547
2016-01-22,13.50333309173584,59.940582275390625,160.61947631835938
2016-01-25,13.092000007629395,59.940582275390625,158.1914520263672
2016-01-26,12.904000282287598,60.02907943725586,160.3496856689453
2016-01-27,12.538000106811523,60.02907943725586,158.6045684814453
2016-01-28,12.646666526794434,60.07329177856445,159.43072509765625
2016-01-29,12.74666690826416,60.25022506713867,163.3172149658203
2016-02-01,13.129332542419434,60.12754821777344,163.25820922851562
2016-02-02,12.185333251953125,60.33442687988281,160.31591796875
2016-02-03,11.565333366394043,60.37876892089844,161.27699279785156
2016-02-04,11.688667297363281,60.423065185546875,161.5299530029297
2016-02-05,10.84000015258789,60.3640251159668,158.45278930664062
2016-02-08,9.866000175476074,60.622581481933594,156.31982421875
2016-02-09,9.883333206176758,60.61513137817383,156.3282470703125
2016-02-10,9.57800006866455,60.740753173828125,156.1934051513672
2016-02-11,10.031332969665527,60.77768325805664,154.16163635253906
2016-02-12,10.06933307647705,60.57823181152344,157.33998107910156
2016-02-16,10.344667434692383,60.48963928222656,159.99557495117188
2016-02-17,11.245332717895508,60.47480392456055,162.60906982421875
2016-02-18,11.118000030517578,60.6816520690918,161.94305419921875
2016-02-19,11.10533332824707,60.600372314453125,161.86717224121094
2016-02-22,11.849332809448242,60.61513137817383,164.2108917236328
2016-02-23,11.814000129699707,60.65208053588867,162.13693237304688
2016-02-24,11.933333396911621,60.6964111328125,162.87884521484375
2016-02-25,12.495332717895508,60.78506088256836,164.85159301757812
2016-02-26,12.689332962036133,60.72597122192383,164.47219848632812
2016-02-29,12.795332908630371,60.762916564941406,163.18238830566406
2016-03-01,12.423333168029785,60.559349060058594,167.0182647705078
2016-03-02,12.555999755859375,60.52233123779297,167.7686004638672
2016-03-03,13.049332618713379,60.551963806152344,168.4261932373047
2016-03-04,13.402667045593262,60.52233123779297,168.97413635253906
2016-03-07,13.685999870300293,60.50752258300781,169.1090850830078
2016-03-08,13.506667137145996,60.70737838745117,167.2627410888672
2016-03-09,13.914667129516602,60.6037712097168,168.0889129638672
2016-03-10,13.678667068481445,60.574134826660156,168.2238311767578
2016-03-11,13.833333015441895,60.49275207519531,170.93849182128906
2016-03-14,14.34333324432373,60.6259651184082,170.71926879882812
2016-03-15,14.555999755859375,60.56674575805664,170.44107055664062
2016-03-16,14.795332908630371,60.803627014160156,171.42742919921875
2016-03-17,15.092000007629395,60.93684768676758,172.5150146484375
2016-03-18,15.515999794006348,60.98870849609375,173.1929168701172
2016-03-21,15.887999534606934,60.877647399902344,173.43862915039062
2016-03-22,15.616000175476074,60.86284637451172,173.34544372558594
2016-03-23,14.838666915893555,60.99607849121094,172.2014617919922
2016-03-24,15.183333396911621,60.92205810546875,172.12518310546875
2016-03-28,15.350666999816895,60.95166015625,172.22689819335938
2016-03-29,15.342000007629395,61.203392028808594,173.81996154785156
2016-03-30,15.12600040435791,61.181156158447266,174.58267211914062
2016-03-31,15.317999839782715,61.29956817626953,174.15895080566406
2016-04-01,15.839332580566406,61.36857223510742,175.3452911376953
2016-04-04,16.465999603271484,61.36857223510742,174.7775115966797
2016-04-05,17.031333923339844,61.47983932495117,173.03189086914062
2016-04-06,17.69466781616211,61.45018005371094,174.92160034179688
2016-04-07,17.14666748046875,61.65046691894531,172.8285369873047
2016-04-08,16.67133331298828,61.59856414794922,173.29461669921875
2016-04-11,16.661333084106445,61.59107971191406,172.88783264160156
2016-04-12,16.521333694458008,61.49464416503906,174.49795532226562
2016-04-13,16.968666076660156,61.531776428222656,176.26051330566406
2016-04-14,16.790666580200195,61.47983932495117,176.26898193359375
2016-04-15,16.96733283996582,61.62078094482422,176.07411193847656
2016-04-18,16.92533302307129,61.59856414794922,177.31130981445312
2016-04-19,16.4913330078125,61.635616302490234,177.87060546875
2016-04-20,16.6646671295166,61.465023040771484,178.0400848388672
2016-04-21,16.55266761779785,61.390830993652344,177.08250427246094
2016-04-22,16.916667938232422,61.36857223510742,177.08250427246094
2016-04-25,16.788000106811523,61.29438781738281,176.77735900878906
2016-04-26,16.916000366210938,61.205387115478516,177.0400848388672
2016-04-27,16.764667510986328,61.390830993652344,177.40451049804688
2016-04-28,16.513999938964844,61.50209045410156,175.79443359375
2016-04-29,16.05066680908203,61.5466194152832,174.8453369140625
2016-05-02,16.1200008392334,61.438106536865234,176.23509216308594
2016-05-03,15.48799991607666,61.609039306640625,174.70127868652344
2016-05-04,14.837332725524902,61.631343841552734,173.7267608642578
2016-05-05,14.10200023651123,61.74283218383789,173.69287109375
2016-05-06,14.328666687011719,61.71308517456055,174.32847595214844
2016-05-09,13.928000450134277,61.7576904296875,174.47251892089844
2016-05-10,13.912667274475098,61.7576904296875,176.64183044433594
2016-05-11,13.93066692352295,61.77254104614258,174.98941040039062
2016-05-12,13.8186674118042,61.779945373535156,175.04025268554688
2016-05-13,13.840666770935059,61.846885681152344,173.5149383544922
2016-05-16,13.88599967956543,61.71308517456055,175.22669982910156
2016-05-17,13.644000053405762,61.66851043701172,173.59124755859375
2016-05-18,14.07800006866455,61.378658294677734,173.6420135498047
2016-05-19,14.347332954406738,61.44554138183594,173.04039001464844
2016-05-20,14.685333251953125,61.44554138183594,174.13357543945312
2016-05-23,14.414667129516602,61.46037673950195,173.89627075195312
2016-05-24,14.52733325958252,61.43067169189453,176.15036010742188
2016-05-25,14.638667106628418,61.40835952758789,177.34521484375
2016-05-26,15.008000373840332,61.5124397277832,177.3960418701172
2016-05-27,14.869333267211914,61.4901123046875,178.15870666503906
2016-05-31,14.881999969482422,61.542144775390625,177.81976318359375
2016-06-01,14.637332916259766,61.56376266479492,178.1841278076172
2016-06-02,14.597332954406738,61.6828727722168,178.72642517089844
2016-06-03,14.599332809448242,62.07020950317383,178.19261169433594
2016-06-06,14.711999893188477,61.97338104248047,179.0993194580078
2016-06-07,15.489333152770996,61.980812072753906,179.3789825439453
2016-06-08,15.701333045959473,62.0552978515625,179.9636688232422
2016-06-09,15.290666580200195,62.11488723754883,179.71791076660156
2016-06-10,14.586000442504883,62.17447280883789,178.0146484375
2016-06-13,14.524666786193848,62.189361572265625,176.64183044433594
2016-06-14,14.330666542053223,62.181949615478516,176.29441833496094
2016-06-15,14.513333320617676,62.323402404785156,176.04864501953125
2016-06-16,14.528667449951172,62.390464782714844,176.5740509033203
2016-06-17,14.364666938781738,62.30105209350586,175.91651916503906
2016-06-20,14.646666526794434,62.15956497192383,177.0493621826172
2016-06-21,14.640666961669922,62.07765197753906,177.55194091796875
2016-06-22,13.11066722869873,62.0999755859375,177.2623291015625
2016-06-23,13.09333324432373,61.988285064697266,179.57078552246094
2016-06-24,12.876667022705078,62.338340759277344,173.12255859375
2016-06-27,13.236666679382324,62.65113067626953,170.02186584472656
2016-06-28,13.452667236328125,62.72562026977539,173.0884246826172
2016-06-29,14.012666702270508,62.703277587890625,176.0357666015625
2016-06-30,14.152000427246094,62.785186767578125,178.4378204345703
2016-07-01,14.433333396911621,62.959800720214844,178.81263732910156
2016-07-05,14.26533317565918,63.17623519897461,177.52635192871094
2016-07-06,14.295999526977539,63.28814697265625,178.59112548828125
2016-07-07,14.395999908447266,63.183692932128906,178.4803924560547
2016-07-08,14.45199966430664,63.34782409667969,181.13804626464844
2016-07-11,14.985333442687988,63.16130447387695,181.7769317626953
2016-07-12,14.976667404174805,62.90757369995117,183.09722900390625
2016-07-13,14.835332870483398,63.019493103027344,183.0717315673828
2016-07-14,14.768667221069336,62.92251205444336,184.0938262939453
2016-07-15,14.69333267211914,62.72103500366211,183.84686279296875
2016-07-18,15.083333015441895,62.743385314941406,184.34091186523438
2016-07-19,15.017333030700684,62.84038543701172,184.15350341796875
2016-07-20,15.223999977111816,62.773250579833984,184.9200897216797
2016-07-21,14.699999809265137,62.84788513183594,184.22164916992188
2016-07-22,14.817999839782715,62.8553352355957,185.0479278564453
2016-07-25,15.333999633789062,62.81802749633789,184.5453338623047
2016-07-26,15.300666809082031,62.81058883666992,184.6304931640625
2016-07-27,15.232666969299316,62.997108459472656,184.43460083007812
2016-07-28,15.37399959564209,62.959800720214844,184.64756774902344
2016-07-29,15.652667045593262,63.16130447387695,184.94566345214844
2016-08-01,15.333999633789062,62.963165283203125,184.79234313964844
2016-08-02,15.146666526794434,62.9033317565918,183.60836791992188
2016-08-03,15.052666664123535,62.9033317565918,184.14495849609375
2016-08-04,15.37399959564209,63.01548767089844,184.34091186523438
2016-08-05,15.335332870483398,62.80611801147461,185.84857177734375
2016-08-08,15.077333450317383,62.81363296508789,185.7379150390625
2016-08-09,15.272000312805176,62.99309158325195,185.84857177734375
2016-08-10,15.043333053588867,63.075260162353516,185.3886260986328
2016-08-11,14.994000434875488,62.91082000732422,186.24900817871094
2016-08-12,15.040666580200195,63.05287170410156,186.08712768554688
2016-08-15,15.03933334350586,62.948184967041016,186.62376403808594
2016-08-16,14.907333374023438,62.918277740478516,185.66122436523438
2016-08-17,14.88266658782959,63.01548767089844,186.0104522705078
2016-08-18,14.900667190551758,63.082763671875,186.4277801513672
2016-08-19,15.0,62.95564270019531,186.15524291992188
2016-08-22,14.862000465393066,63.045440673828125,186.14675903320312
2016-08-23,14.989333152770996,63.075260162353516,186.5215301513672
2016-08-24,14.841333389282227,63.06781005859375,185.56752014160156
2016-08-25,14.730667114257812,63.00056838989258,185.43975830078125
2016-08-26,14.666000366210938,62.84349822998047,185.09043884277344
2016-08-29,14.346667289733887,63.06035232543945,186.001953125
2016-08-30,14.089332580566406,63.008018493652344,185.69529724121094
2016-08-31,14.133999824523926,62.963165283203125,185.1671905517578
2016-09-01,13.38466739654541,63.050048828125,185.1757049560547
2016-09-02,13.185333251953125,62.960174560546875,186.0104522705078
2016-09-06,13.522000312805176,63.147430419921875,186.57269287109375
2016-09-07,13.447333335876465,63.154911041259766,186.5556640625
2016-09-08,13.157333374023438,62.91522979736328,186.12969970703125
2016-09-09,12.964667320251465,62.63800811767578,181.67474365234375
2016-09-12,13.220000267028809,62.66051483154297,184.28128051757812
2016-09-13,13.069999694824219,62.48069381713867,181.6321563720703
2016-09-14,13.093999862670898,62.56312561035156,181.56394958496094
2016-09-15,13.361332893371582,62.615516662597656,183.3783416748047
2016-09-16,13.69333267211914,62.667945861816406,182.66946411132812
2016-09-19,13.755999565124512,62.62300491333008,182.70370483398438
2016-09-20,13.642666816711426,62.63800811767578,182.71231079101562
2016-09-21,13.6813325881958,62.81780242919922,184.76699829101562
2016-09-22,13.76200008392334,62.94514846801758,185.9312744140625
2016-09-23,13.829999923706055,62.93019104003906,184.91249084472656
2016-09-26,13.932666778564453,63.03508377075195,183.41429138183594
2016-09-27,13.720666885375977,63.11001205444336,184.55296325683594
2016-09-28,13.751333236694336,63.11001205444336,185.46897888183594
2016-09-29,13.380000114440918,63.11751937866211,183.7909698486328
2016-09-30,13.60200023651123,63.03508377075195,185.17788696289062
2016-10-03,14.24666690826416,62.9682731628418,184.73275756835938
2016-10-04,14.093999862670898,62.75810241699219,183.7909698486328
2016-10-05,13.897333145141602,62.65304183959961,184.6042938232422
2016-10-06,13.399999618530273,62.63050079345703,184.73275756835938
2016-10-07,13.107333183288574,62.68299865722656,184.09921264648438
2016-10-10,13.396666526794434,62.615474700927734,185.05804443359375
2016-10-11,13.34000015258789,62.51791000366211,182.72085571289062
2016-10-12,13.434000015258789,62.55546951293945,182.9605255126953
2016-10-13,13.349332809448242,62.63050079345703,182.3612518310547
2016-10-14,13.100666999816895,62.50288391113281,182.4554443359375
2016-10-17,12.93066692352295,62.63800048828125,181.82191467285156
2016-10-18,13.273332595825195,62.720584869384766,182.9605255126953
2016-10-19,13.570667266845703,62.765621185302734,183.44854736328125
2016-10-20,13.273332595825195,62.728065490722656,183.10609436035156
2016-10-21,13.339332580566406,62.78065872192383,183.19175720214844
2016-10-24,13.517333030700684,62.690528869628906,183.9707794189453
2016-10-25,13.489333152770996,62.690528869628906,183.35435485839844
2016-10-26,13.482666969299316,62.577964782714844,182.9862518310547
2016-10-27,13.600666999816895,62.40532684326172,182.4982452392578
2016-10-28,13.33133316040039,62.37527847290039,181.9589080810547
2016-10-31,13.182000160217285,62.442832946777344,181.96746826171875
2016-11-01,12.719332695007324,62.42253875732422,180.64903259277344
2016-11-02,12.534667015075684,62.48271560668945,179.56178283691406
2016-11-03,12.494667053222656,62.44510269165039,178.73995971679688
2016-11-04,12.704000473022461,62.55788040161133,178.5430145263672
2016-11-07,12.880666732788086,62.47517776489258,182.4811248779297
2016-11-08,12.996000289916992,62.36237716674805,183.30299377441406
2016-11-09,12.670666694641113,61.745643615722656,185.24635314941406
2016-11-10,12.356666564941406,61.48242950439453,185.70870971679688
2016-11-11,12.570667266845703,61.36959457397461,185.28067016601562
2016-11-14,12.096667289733887,61.1364860534668,185.42620849609375
2016-11-15,12.251333236694336,61.2192268371582,186.87301635742188
2016-11-16,12.26200008392334,61.347049713134766,186.5220184326172
2016-11-17,12.577333450317383,61.098907470703125,187.48085021972656
2016-11-18,12.334667205810547,60.94852066040039,187.0613250732422
2016-11-21,12.3013334274292,60.94091033935547,188.47396850585938
2016-11-22,12.744667053222656,60.993595123291016,188.8420867919922
2016-11-23,12.87600040435791,60.835636138916016,188.94483947753906
2016-11-25,13.109999656677246,60.858219146728516,189.64682006835938
2016-11-28,13.074666976928711,61.001121520996094,188.75648498535156
2016-11-29,12.637999534606934,61.04624938964844,189.12457275390625
2016-11-30,12.626667022705078,60.835636138916016,188.6708526611328
2016-12-01,12.125332832336426,60.60958480834961,187.97738647460938
2016-12-02,12.097999572753906,60.82813262939453,188.07154846191406
2016-12-05,12.453332901000977,60.90351104736328,189.20167541503906
2016-12-06,12.390000343322754,60.895931243896484,189.80091857910156
2016-12-07,12.876667022705078,61.03908920288086,192.28367614746094
2016-12-08,12.81933307647705,60.91855239868164,192.7545166015625
2016-12-09,12.812000274658203,60.7376823425293,193.9188232421875
2016-12-12,12.828666687011719,60.66986083984375,193.69622802734375
2016-12-13,13.210000038146973,60.7376823425293,194.989013671875
2016-12-14,13.246000289916992,60.42875289916992,193.37945556640625
2016-12-15,13.17199993133545,60.33829116821289,194.17567443847656
2016-12-16,13.499333381652832,60.391056060791016,193.7958984375
2016-12-19,13.51533317565918,60.54927062988281,194.21791076660156
2016-12-20,13.919333457946777,60.55683517456055,194.9671173095703
2016-12-21,13.846667289733887,60.64728546142578,194.42453002929688
2016-12-22,13.896666526794434,60.605690002441406,194.08871459960938
2016-12-23,14.22266674041748,60.63593292236328,194.37289428710938
2016-12-27,14.635333061218262,60.59058380126953,194.85513305664062
2016-12-28,14.649333000183105,60.74171829223633,193.24473571777344
2016-12-29,14.312000274658203,60.90788650512695,193.20169067382812
2016-12-30,14.246000289916992,61.036354064941406,192.4955596923828
2017-01-03,14.465999603271484,61.04387283325195,193.96817016601562
2017-01-04,15.13266658782959,61.08919143676758,195.12210083007812
2017-01-05,15.116666793823242,61.398963928222656,194.9671173095703
2017-01-06,15.267333030700684,61.157188415527344,195.6646270751953
2017-01-09,15.41866683959961,61.30832290649414,195.01873779296875
2017-01-10,15.324666976928711,61.293212890625,195.01873779296875
2017-01-11,15.315333366394043,61.323402404785156,195.56991577148438
2017-01-12,15.305999755859375,61.338531494140625,195.07907104492188
2017-01-13,15.850000381469727,61.240318298339844,195.52687072753906
2017-01-17,15.70533275604248,61.42921829223633,194.83790588378906
2017-01-18,15.890666961669922,61.11189270019531,195.26846313476562
2017-01-19,16.250667572021484,61.00611114501953,194.5451202392578
2017-01-20,16.315332412719727,61.05145263671875,195.25987243652344
2017-01-23,16.594667434692383,61.21764373779297,194.75180053710938
2017-01-24,16.974000930786133,61.127010345458984,196.00051879882812
2017-01-25,16.96466636657715,60.94567108154297,197.6969757080078
2017-01-26,16.833999633789062,60.96833801269531,197.4902801513672
2017-01-27,16.863332748413086,61.036354064941406,197.18023681640625
2017-01-30,16.708667755126953,61.021217346191406,195.9574737548828
2017-01-31,16.795333862304688,61.1496467590332,195.94015502929688
2017-02-01,16.615999221801758,61.0421257019043,196.01773071289062
2017-02-02,16.770000457763672,61.080013275146484,196.14691162109375
2017-02-03,16.755332946777344,61.095149993896484,197.49891662597656
2017-02-06,17.184667587280273,61.2844123840332,197.14584350585938
2017-02-07,17.165332794189453,61.38283920288086,197.15444946289062
2017-02-08,17.472000122070312,61.549381256103516,197.41278076171875
2017-02-09,17.946666717529297,61.38283920288086,198.58395385742188
2017-02-10,17.948667526245117,61.36766052246094,199.36766052246094
2017-02-13,18.706666946411133,61.29952621459961,200.4527130126953
2017-02-14,18.73200035095215,61.17081832885742,201.2535858154297
2017-02-15,18.650667190551758,61.072425842285156,202.30421447753906
2017-02-16,17.93000030517578,61.18600845336914,202.13192749023438
2017-02-17,18.148666381835938,61.329833984375,202.45057678222656
2017-02-21,18.492666244506836,61.32225036621094,203.6561737060547
2017-02-22,18.233999252319336,61.36009979248047,203.47540283203125
2017-02-23,17.06599998474121,61.47367858886719,203.61314392089844
2017-02-24,17.133333206176758,61.70081329345703,203.87152099609375
2017-02-27,16.415332794189453,61.572086334228516,204.19017028808594
2017-02-28,16.666000366210938,61.526668548583984,203.6389923095703
2017-03-01,16.667999267578125,61.27484130859375,206.48944091796875
2017-03-02,16.698667526245117,61.16105270385742,205.18910217285156
2017-03-03,16.771333694458008,61.20656967163086,205.3182373046875
2017-03-06,16.747333526611328,61.16864013671875,204.70684814453125
2017-03-07,16.57266616821289,61.05482482910156,204.0954132080078
2017-03-08,16.45800018310547,60.9107551574707,203.7164764404297
2017-03-09,16.32666778564453,60.72111892700195,203.974853515625
2017-03-10,16.246000289916992,60.84246063232422,204.68959045410156
2017-03-13,16.411333084106445,60.72111892700195,204.79296875
2017-03-14,17.200000762939453,60.71352005004883,204.00926208496094
2017-03-15,17.048667907714844,61.09281921386719,205.77468872070312
2017-03-16,17.469999313354492,61.001766204833984,205.3699188232422
2017-03-17,17.433332443237305,61.12312316894531,205.00926208496094
2017-03-20,17.461332321166992,61.244529724121094,204.7843780517578
2017-03-21,16.711999893188477,61.38859939575195,202.15504455566406
2017-03-22,17.000667572021484,61.472068786621094,202.63072204589844
2017-03-23,16.985332489013672,61.44169235229492,202.41453552246094
2017-03-24,17.54400062561035,61.42655944824219,202.26751708984375
2017-03-27,18.014667510986328,61.555519104003906,202.05992126464844
2017-03-28,18.496667861938477,61.44169235229492,203.53028869628906
2017-03-29,18.492000579833984,61.563072204589844,203.7205047607422
2017-03-30,18.527999877929688,61.4644775390625,204.36923217773438
2017-03-31,18.553333282470703,61.5024299621582,203.89352416992188
2017-04-03,19.90133285522461,61.72587966918945,203.53890991210938
2017-04-04,20.246667861938477,61.6574592590332,203.6686553955078
2017-04-05,19.666667938232422,61.71070098876953,203.06320190429688
2017-04-06,19.913333892822266,61.73346710205078,203.63406372070312
2017-04-07,20.16933250427246,61.5966682434082,203.42649841308594
2017-04-10,20.826000213623047,61.6574592590332,203.547607421875
2017-04-11,20.58066749572754,61.85513687133789,203.3053741455078
2017-04-12,19.78933334350586,61.999534606933594,202.41453552246094
2017-04-13,20.266666412353516,62.090755462646484,201.09988403320312
2017-04-17,20.09600067138672,62.05276107788086,202.88160705566406
2017-04-18,20.016666412353516,62.27321243286133,202.2761993408203
2017-04-19,20.368000030517578,62.15922927856445,201.90423583984375
2017-04-20,20.167333602905273,62.07556915283203,203.547607421875
2017-04-21,20.373332977294922,62.090755462646484,202.89892578125
2017-04-24,20.53533363342285,62.00712585449219,205.13034057617188
2017-04-25,20.91933250427246,61.817081451416016,206.3239288330078
2017-04-26,20.67799949645996,61.87792205810547,206.19415283203125
2017-04-27,20.575332641601562,61.923545837402344,206.36715698242188
2017-04-28,20.937999725341797,61.991966247558594,205.91737365722656
2017-05-01,21.52199935913086,61.87619400024414,206.43637084960938
2017-05-02,21.25933265686035,61.982826232910156,206.51417541503906
2017-05-03,20.73466682434082,61.91423797607422,206.26336669921875
2017-05-04,19.69733238220215,61.84571075439453,206.50555419921875
2017-05-05,20.55666732788086,61.8837776184082,207.31857299804688
2017-05-08,20.479333877563477,61.77712631225586,207.28396606445312
2017-05-09,21.417333602905273,61.746639251708984,207.09368896484375
2017-05-10,21.681333541870117,61.73904037475586,207.46560668945312
2017-05-11,21.540000915527344,61.78474044799805,207.0417938232422
2017-05-12,21.65399932861328,61.96758270263672,206.69583129882812
2017-05-15,21.058666229248047,61.95235061645508,207.8375701904297
2017-05-16,21.134000778198242,62.01329803466797,207.64723205566406
2017-05-17,20.407333374023438,62.34843826293945,203.96273803710938
2017-05-18,20.87066650390625,62.2951545715332,204.7843780517578
2017-05-19,20.722000122070312,62.33320999145508,206.11636352539062
2017-05-22,20.690000534057617,62.2798957824707,207.16285705566406
2017-05-23,20.257333755493164,62.15037155151367,207.62127685546875
2017-05-24,20.681333541870117,62.2798957824707,208.10565185546875
2017-05-25,21.121999740600586,62.2798957824707,209.10028076171875
2017-05-26,21.676000595092773,62.31035232543945,209.0570526123047
2017-05-30,22.34000015258789,62.401771545410156,208.87538146972656
2017-05-31,22.733999252319336,62.432228088378906,208.82350158691406
2017-06-01,22.691333770751953,62.44902801513672,210.484130859375
2017-06-02,22.656667709350586,62.6551513671875,211.18472290039062
2017-06-05,23.154666900634766,62.55587387084961,211.0290069580078
2017-06-06,23.523332595825195,62.67036056518555,210.35438537597656
2017-06-07,23.976667404174805,62.58644104003906,210.74362182617188
2017-06-08,24.666667938232422,62.54063034057617,210.8473663330078
2017-06-09,23.821332931518555,62.487186431884766,210.52737426757812
2017-06-12,23.93400001525879,62.47194290161133,210.484130859375
2017-06-13,25.06333351135254,62.487186431884766,211.51339721679688
2017-06-14,25.37733268737793,62.71619415283203,211.24525451660156
2017-06-15,25.022666931152344,62.64751052856445,210.8387908935547
2017-06-16,24.760000228881836,62.71619415283203,210.8848114013672
2017-06-19,24.65333366394043,62.6246337890625,212.64041137695312
2017-06-20,24.81599998474121,62.71619415283203,211.2064208984375
2017-06-21,25.093332290649414,62.74672317504883,211.15423583984375
2017-06-22,25.507333755493164,62.76963424682617,211.05865478515625
2017-06-23,25.56333351135254,62.784889221191406,211.31069946289062
2017-06-26,25.166000366210938,62.85361862182617,211.4497528076172
2017-06-27,24.158000946044922,62.63984680175781,209.74627685546875
2017-06-28,24.749332427978516,62.63984680175781,211.62351989746094
2017-06-29,24.049999237060547,62.51011657714844,209.76364135742188
2017-06-30,24.107332229614258,62.46431350708008,210.15475463867188
2017-07-03,23.507999420166016,62.4712028503418,210.5111083984375
2017-07-05,21.805999755859375,62.50951385498047,210.99781799316406
2017-07-06,20.588666915893555,62.36388397216797,209.0683135986328
2017-07-07,20.881332397460938,62.34857940673828,210.42420959472656
2017-07-10,21.06999969482422,62.37920379638672,210.65013122558594
2017-07-11,21.814666748046875,62.44051742553711,210.4936981201172
2017-07-12,21.968000411987305,62.58616256713867,212.07550048828125
2017-07-13,21.560667037963867,62.563194274902344,212.43186950683594
2017-07-14,21.851999282836914,62.58616256713867,213.42266845703125
2017-07-17,21.30466651916504,62.67050552368164,213.39657592773438
2017-07-18,21.882667541503906,62.816123962402344,213.50953674316406
2017-07-19,21.68400001525879,62.823760986328125,214.66551208496094
2017-07-20,21.994667053222656,62.86213302612305,214.76113891601562
2017-07-21,21.893333435058594,62.931087493896484,214.56991577148438
2017-07-24,22.834667205810547,62.90044403076172,214.5177764892578
2017-07-25,22.639999389648438,62.66276931762695,215.03929138183594
2017-07-26,22.92333221435547,62.816123962402344,215.04788208007812
2017-07-27,22.297332763671875,62.739479064941406,214.8479766845703
2017-07-28,22.33799934387207,62.85443878173828,214.59596252441406
2017-07-31,21.564666748046875,62.846797943115234,214.4742889404297
2017-08-01,21.30466651916504,63.102378845214844,214.9523162841797
2017-08-02,21.72599983215332,63.063846588134766,215.056640625
2017-08-03,23.139333724975586,63.194725036621094,214.6394500732422
2017-08-04,23.79400062561035,63.09462356567383,215.0305633544922
2017-08-07,23.67799949645996,63.11774444580078,215.43040466308594
2017-08-08,24.347999572753906,63.03306198120117,214.900146484375
2017-08-09,24.235332489013672,63.07926559448242,214.89146423339844
2017-08-10,23.69333267211914,63.1716194152832,211.8582305908203
2017-08-11,23.857999801635742,63.225521087646484,212.17115783691406
2017-08-14,24.253332138061523,63.1793098449707,214.27439880371094
2017-08-15,24.155332565307617,63.071556091308594,214.24827575683594
2017-08-16,24.194000244140625,63.1639289855957,214.6220703125
2017-08-17,23.461332321166992,63.279396057128906,211.27593994140625
2017-08-18,23.163999557495117,63.24856948852539,210.9456024169922
2017-08-21,22.52400016784668,63.279396057128906,211.11077880859375
2017-08-22,22.75666618347168,63.20237731933594,213.31837463378906
2017-08-23,23.51799964904785,63.38713455200195,212.5535430908203
2017-08-24,23.528667449951172,63.29475021362305,212.0581512451172
2017-08-25,23.203332901000977,63.37178039550781,212.5535430908203
2017-08-28,23.04400062561035,63.40256881713867,212.562255859375
2017-08-29,23.157333374023438,63.471805572509766,212.80557250976562
2017-08-30,23.545333862304688,63.46413040161133,213.8137664794922
2017-08-31,23.726667404174805,63.517982482910156,215.1000518798828
2017-09-01,23.69333267211914,63.413082122802734,215.4042510986328
2017-09-05,23.305999755859375,63.67536544799805,213.85723876953125
2017-09-06,22.968666076660156,63.567359924316406,214.58726501464844
2017-09-07,23.374000549316406,63.76789474487305,214.56121826171875
2017-09-08,22.893333435058594,63.69849395751953,214.30918884277344
2017-09-11,24.246000289916992,63.505699157714844,216.5950164794922
2017-09-12,24.183332443237305,63.413082122802734,217.32505798339844
2017-09-13,24.415332794189453,63.3359375,217.4293212890625
2017-09-14,25.176000595092773,63.37451934814453,217.3597869873047
2017-09-15,25.320667266845703,63.382205963134766,217.65245056152344
2017-09-18,25.666667938232422,63.3359375,218.11532592773438
2017-09-19,25.00666618347168,63.289642333984375,218.33367919921875
2017-09-20,24.92733383178711,63.23571014404297,218.4123077392578
2017-09-21,24.43199920654297,63.22026824951172,217.82708740234375
2017-09-22,23.4060001373291,63.281959533691406,217.87074279785156
2017-09-25,22.999332427978516,63.42080307006836,217.42530822753906
2017-09-26,23.016666412353516,63.38992691040039,217.5563201904297
2017-09-27,22.731332778930664,63.19709777832031,218.40357971191406
2017-09-28,22.639999389648438,63.21254348754883,218.6656494140625
2017-09-29,22.739999771118164,63.22026824951172,219.43426513671875
2017-10-02,22.768667221069336,63.195560455322266,220.3863067626953
2017-10-03,23.209333419799805,63.2264404296875,220.8579559326172
2017-10-04,23.667333602905273,63.2264404296875,221.1199493408203
2017-10-05,23.68866729736328,63.18008041381836,222.43011474609375
2017-10-06,23.79199981689453,63.110511779785156,222.17681884765625
2017-10-09,22.862667083740234,63.17232131958008,221.8100128173828
2017-10-10,23.70599937438965,63.20327377319336,222.39517211914062
2017-10-11,23.639999389648438,63.23418045043945,222.74452209472656
2017-10-12,23.711999893188477,63.2883415222168,222.4126739501953
2017-10-13,23.704666137695312,63.41967010498047,222.68344116210938
2017-10-16,23.373332977294922,63.357810974121094,222.9803924560547
2017-10-17,23.71666717529297,63.365577697753906,223.13763427734375
2017-10-18,23.976667404174805,63.26509094238281,223.35597229003906
2017-10-19,23.45400047302246,63.29599380493164,223.41708374023438
2017-10-20,23.00666618347168,63.14143371582031,224.57003784179688
2017-10-23,22.468000411987305,63.195560455322266,223.6966094970703
2017-10-24,22.48933219909668,63.08734893798828,224.0896453857422
2017-10-25,21.722667694091797,63.0332145690918,222.9803924560547
2017-10-26,21.744667053222656,62.95592498779297,223.26861572265625
2017-10-27,21.391332626342773,63.09503936767578,225.09405517578125
2017-10-30,21.338666915893555,63.241886138916016,224.25559997558594
2017-10-31,22.101999282836914,63.20327377319336,224.60501098632812
2017-11-01,21.405332565307617,63.244319915771484,224.90194702148438
2017-11-02,19.950666427612305,63.30625915527344,224.98924255371094
2017-11-03,20.4060001373291,63.36049270629883,225.740478515625
2017-11-06,20.185333251953125,63.40695571899414,226.08978271484375
2017-11-07,20.40333366394043,63.43018341064453,225.9326171875
2017-11-08,20.292667388916016,63.383724212646484,226.3169708251953
2017-11-09,20.19933319091797,63.32172775268555,225.4958953857422
2017-11-10,20.19933319091797,63.06613540649414,225.42599487304688
2017-11-13,21.02666664123535,63.07391357421875,225.63560485839844
2017-11-14,20.579999923706055,63.15134048461914,225.1116180419922
2017-11-15,20.753332138061523,63.29851150512695,223.98486328125
2017-11-16,20.833332061767578,63.21329879760742,225.88890075683594
2017-11-17,21.003332138061523,63.27528762817383,225.22512817382812
2017-11-20,20.582666397094727,63.23652267456055,225.6094512939453
2017-11-21,21.187332153320312,63.2907600402832,227.08555603027344
2017-11-22,20.84000015258789,63.42251968383789,226.88467407226562
2017-11-24,21.036666870117188,63.40695571899414,227.40869140625
2017-11-27,21.12066650390625,63.383724212646484,227.29522705078125
2017-11-28,21.170000076293945,63.383724212646484,229.60107421875
2017-11-29,20.502666473388672,63.22880935668945,229.46128845214844
2017-11-30,20.59000015258789,63.135860443115234,231.47024536132812
2017-12-01,20.435333251953125,63.30507278442383,230.98983764648438
2017-12-04,20.34666633605957,63.31285858154297,230.71029663085938
2017-12-05,20.246667861938477,63.39043426513672,229.88058471679688
2017-12-06,20.884000778198242,63.46031188964844,229.9242706298828
2017-12-07,20.749332427978516,63.37494659423828,230.64918518066406
2017-12-08,21.0086669921875,63.351661682128906,231.9069366455078
2017-12-11,21.92733383178711,63.30507278442383,232.6056671142578
2017-12-12,22.735332489013672,63.29729080200195,233.0162353515625
2017-12-13,22.601999282836914,63.475826263427734,232.9899444580078
2017-12-14,22.525999069213867,63.499122619628906,232.03799438476562
2017-12-15,22.89666748046875,63.50687026977539,233.97023010253906
2017-12-18,22.591333389282227,63.40599060058594,235.4539337158203
2017-12-19,22.073333740234375,63.211936950683594,234.54965209960938
2017-12-20,21.93199920654297,63.08771896362305,234.42674255371094
2017-12-21,22.110666275024414,63.126522064208984,234.90956115722656
2017-12-22,21.68000030517578,63.15757751464844,234.84811401367188
2017-12-26,21.152666091918945,63.22065353393555,234.56716918945312
2017-12-27,20.775999069213867,63.4151611328125,234.681396484375
2017-12-28,21.02400016784668,63.37626647949219,235.1641387939453
2017-12-29,20.75666618347168,63.47740173339844,234.27749633789062
2018-01-02,21.368667602539062,63.29844284057617,235.95423889160156
2018-01-03,21.149999618530273,63.35291290283203,237.44676208496094
2018-01-04,20.974666595458984,63.32179641723633,238.44754028320312
2018-01-05,21.10533332824707,63.236175537109375,240.0365753173828
2018-01-08,22.42733383178711,63.24396896362305,240.4755096435547
2018-01-09,22.246000289916992,63.05720901489258,241.0198211669922
2018-01-10,22.31999969482422,63.06498336791992,240.65106201171875
2018-01-11,22.530000686645508,63.06498336791992,242.4069061279297
2018-01-12,22.4146671295166,63.05720901489258,243.98707580566406
2018-01-16,22.67066764831543,63.10390853881836,243.153076171875
2018-01-17,23.143999099731445,63.03385543823242,245.4707794189453
2018-01-18,22.971332550048828,62.90934371948242,245.0581817626953
2018-01-19,23.334667205810547,62.777034759521484,246.173095703125
2018-01-22,23.437332153320312,62.7303466796875,248.1747589111328
2018-01-23,23.519332885742188,62.89380645751953,248.7014923095703
2018-01-24,23.05933380126953,62.82374572753906,248.60498046875
2018-01-25,22.50933265686035,62.994972229003906,248.71022033691406
2018-01-26,22.856666564941406,62.8781852722168,251.58973693847656
2018-01-29,23.302000045776367,62.792633056640625,249.92173767089844
2018-01-30,23.05466651916504,62.675899505615234,247.35830688476562
2018-01-31,23.62066650390625,62.69147872924805,247.48117065429688
2018-02-01,23.28333282470703,62.517520904541016,247.2002716064453
2018-02-02,22.916667938232422,62.33035659790039,241.8186492919922
2018-02-05,22.208667755126953,62.60331344604492,231.7052459716797
2018-02-06,22.264667510986328,62.40055847167969,236.27032470703125
2018-02-07,23.0,62.26015090942383,234.9886474609375
2018-02-08,21.01533317565918,62.2133674621582,226.1744384765625
2018-02-09,20.69466781616211,62.057411193847656,229.5718994140625
2018-02-12,21.048667907714844,62.07301330566406,232.94305419921875
2018-02-13,21.577333450317383,62.127593994140625,233.52249145507812
2018-02-14,21.487333297729492,61.92481994628906,236.67416381835938
2018-02-15,22.271333694458008,61.9871711730957,239.6941680908203
2018-02-16,22.365999221801758,62.11977005004883,239.7644500732422
2018-02-20,22.31800079345703,62.057411193847656,238.26318359375
2018-02-21,22.219999313354492,61.82340621948242,237.07806396484375
2018-02-22,23.077999114990234,61.901405334472656,237.3852996826172
2018-02-23,23.469999313354492,62.06517028808594,241.1690673828125
2018-02-26,23.827999114990234,62.09640884399414,243.9695587158203
2018-02-27,23.39933204650879,61.96380615234375,240.92320251464844
2018-02-28,22.87066650390625,62.04178237915039,238.48265075683594
2018-03-01,22.062000274658203,62.14729309082031,235.01492309570312
2018-03-02,22.341333389282227,62.03003692626953,236.22640991210938
2018-03-05,22.22333335876465,61.99098587036133,238.95672607421875
2018-03-06,21.8799991607666,62.01441955566406,239.5624542236328
2018-03-07,22.15333366394043,61.998802185058594,239.4747314453125
2018-03-08,21.940000534057617,62.06916046142578,240.63356018066406
2018-03-09,21.81133270263672,61.99098587036133,244.82119750976562
2018-03-12,23.034000396728516,62.05353927612305,244.51388549804688
2018-03-13,22.78933334350586,62.06916046142578,242.93365478515625
2018-03-14,21.775333404541016,62.20203399658203,241.6870574951172
2018-03-15,21.706666946411133,62.20981979370117,241.42361450195312
2018-03-16,21.42333221435547,62.155113220214844,241.68540954589844
2018-03-19,20.90399932861328,62.10822296142578,238.41537475585938
2018-03-20,20.703332901000977,62.03003692626953,238.82077026367188
2018-03-21,21.101999282836914,62.03003692626953,238.36244201660156
2018-03-22,20.606666564941406,62.13166809082031,232.404052734375
2018-03-23,20.1026668548584,62.14729309082031,227.4504852294922
2018-03-26,20.278667449951172,62.10822296142578,233.67333984375
2018-03-27,18.61199951171875,62.31924057006836,229.69815063476562
2018-03-28,17.185333251953125,62.31142044067383,229.0194091796875
2018-03-29,17.742000579833984,62.46772384643555,231.9457244873047
2018-04-02,16.832000732421875,62.459903717041016,226.93927001953125
2018-04-03,17.8353328704834,62.38938522338867,229.84793090820312
2018-04-04,19.12933349609375,62.38938522338867,232.3070831298828
2018-04-05,20.381332397460938,62.303157806396484,234.14048767089844
2018-04-06,19.953332901000977,62.459903717041016,228.9224395751953
2018-04-09,19.310667037963867,62.52256774902344,230.0506591796875
2018-04-10,20.31333351135254,62.41289520263672,233.70858764648438
2018-04-11,20.062000274658203,62.459903717041016,232.48338317871094
2018-04-12,19.60533332824707,62.34237289428711,234.3960723876953
2018-04-13,20.022666931152344,62.38938522338867,233.70858764648438
2018-04-16,19.413999557495117,62.397220611572266,235.6300811767578
2018-04-17,19.179332733154297,62.42072677612305,238.1509552001953
2018-04-18,19.55666732788086,62.21701431274414,238.32725524902344
2018-04-19,20.005332946777344,62.068180084228516,237.0050506591797
2018-04-20,19.349332809448242,61.911460876464844,234.99545288085938
2018-04-23,18.891332626342773,61.880096435546875,234.9601593017578
2018-04-24,18.8973331451416,61.77040481567383,231.7958984375
2018-04-25,18.71266746520996,61.684234619140625,232.3688201904297
2018-04-26,19.031999588012695,61.809627532958984,234.7310028076172
2018-04-27,19.60533332824707,61.90361404418945,234.95143127441406
2018-04-30,19.593332290649414,61.93495559692383,233.1444549560547
2018-05-01,19.994667053222656,61.83918380737305,233.55873107910156
2018-05-02,20.07666778564453,61.84700012207031,231.98985290527344
2018-05-03,18.963333129882812,61.901973724365234,231.47857666015625
2018-05-04,19.606000900268555,61.941287994384766,234.47537231445312
2018-05-07,20.184667587280273,61.909812927246094,235.26866149902344
2018-05-08,20.131332397460938,61.862728118896484,235.26866149902344
2018-05-09,20.456666946411133,61.79205322265625,237.54273986816406
2018-05-10,20.334667205810547,61.91766357421875,239.7639617919922
2018-05-11,20.070667266845703,61.98047637939453,240.49557495117188
2018-05-14,19.46466636657715,61.901973724365234,240.610107421875
2018-05-15,18.94533348083496,61.611392974853516,238.9530029296875
2018-05-16,19.09866714477539,61.56427764892578,239.95782470703125
2018-05-17,18.96933364868164,61.509376525878906,239.75518798828125
2018-05-18,18.454666137695312,61.674278259277344,239.15573120117188
2018-05-21,18.965999603271484,61.674278259277344,240.9537353515625
2018-05-22,18.333999633789062,61.68992233276367,240.283935546875
2018-05-23,18.60466766357422,61.87843322753906,240.94503784179688
2018-05-24,18.523332595825195,62.00406265258789,240.45135498046875
2018-05-25,18.59000015258789,62.13752746582031,239.87847900390625
2018-05-29,18.917333602905273,62.569454193115234,237.1197052001953
2018-05-30,19.447999954223633,62.380958557128906,240.283935546875
2018-05-31,18.98200035095215,62.357425689697266,238.81198120117188
2018-06-01,19.454666137695312,62.396060943603516,241.1565704345703
2018-06-04,19.78266716003418,62.261985778808594,242.3024139404297
2018-06-05,19.408666610717773,62.31718444824219,242.47866821289062
2018-06-06,21.299999237060547,62.143592834472656,244.50596618652344
2018-06-07,21.07266616821289,62.301414489746094,244.4795379638672
2018-06-08,21.17733383178711,62.22249984741211,245.2023468017578
2018-06-11,22.139999389648438,62.16730880737305,245.52845764160156
2018-06-12,22.851333618164062,62.15937423706055,245.84573364257812
2018-06-13,22.985332489013672,62.11997985839844,245.06130981445312
2018-06-14,23.847999572753906,62.2540397644043,245.6782989501953
2018-06-15,23.878000259399414,62.261985778808594,245.36483764648438
2018-06-18,24.722000122070312,62.261985778808594,244.8601531982422
2018-06-19,23.503332138061523,62.36454772949219,243.92166137695312
2018-06-20,24.148000717163086,62.22249984741211,244.33773803710938
2018-06-21,23.167333602905273,62.2540397644043,242.80609130859375
2018-06-22,22.242000579833984,62.29352569580078,243.24874877929688
2018-06-25,22.200666427612305,62.285648345947266,239.93753051757812
2018-06-26,22.799999237060547,62.388206481933594,240.46875
2018-06-27,22.96666717529297,62.53804016113281,238.47657775878906
2018-06-28,23.32866668701172,62.49073028564453,239.84017944335938
2018-06-29,22.863332748413086,62.474998474121094,240.1853485107422
2018-07-02,22.33799934387207,62.436241149902344,240.6988983154297
2018-07-03,20.724000930786133,62.56273651123047,239.84893798828125
2018-07-05,20.610666275024414,62.64973068237305,241.80555725097656
2018-07-06,20.593332290649414,62.72088623046875,243.8508758544922
2018-07-09,21.233999252319336,62.665557861328125,246.04664611816406
2018-07-10,21.49799919128418,62.625972747802734,246.9320068359375
2018-07-11,21.263999938964844,62.65762710571289,245.12582397460938
2018-07-12,21.11400032043457,62.705081939697266,247.3481903076172
2018-07-13,21.257999420166016,62.76040267944336,247.5428924560547
2018-07-16,20.67333221435547,62.6734733581543,247.32151794433594
2018-07-17,21.512666702270508,62.64973068237305,248.32203674316406
2018-07-18,21.59000015258789,62.61811828613281,248.8443145751953
2018-07-19,21.34866714477539,62.73670959472656,247.90582275390625
2018-07-20,20.905332565307617,62.594364166259766,247.62257385253906
2018-07-23,20.213333129882812,62.39665985107422,248.0829315185547
2018-07-24,19.82866668701172,62.49162292480469,249.33131408691406
2018-07-25,20.582666397094727,62.49162292480469,251.456298828125
2018-07-26,20.44333267211914,62.49162292480469,250.86302185058594
2018-07-27,19.812000274658203,62.47575378417969,249.16305541992188
2018-07-30,19.344667434692383,62.40462875366211,247.8616180419922
2018-07-31,19.875999450683594,62.45204544067383,249.08340454101562
2018-08-01,20.055999755859375,62.41800308227539,248.667236328125
2018-08-02,23.30266761779785,62.449649810791016,250.02195739746094
2018-08-03,23.211332321166992,62.58441162109375,251.09324645996094
2018-08-06,22.799333572387695,62.63993453979492,252.01402282714844
2018-08-07,25.30466651916504,62.5289421081543,252.84628295898438
2018-08-08,24.689332962036133,62.51304626464844,252.74005126953125
2018-08-09,23.496667861938477,62.63199234008789,252.394775390625
2018-08-10,23.69933319091797,62.75875473022461,250.7036895751953
2018-08-13,23.76066780090332,62.766761779785156,249.76513671875
2018-08-14,23.176000595092773,62.7270622253418,251.3588104248047
2018-08-15,22.57933235168457,62.79838943481445,249.48190307617188
2018-08-16,22.363332748413086,62.83008575439453,251.50050354003906
2018-08-17,20.366666793823242,62.90145492553711,252.38597106933594
2018-08-20,20.562667846679688,62.98069381713867,252.92596435546875
2018-08-21,21.459999084472656,62.949012756347656,253.51914978027344
2018-08-22,21.44266700744629,62.988609313964844,253.36868286132812
2018-08-23,21.34000015258789,62.988609313964844,253.03225708007812
2018-08-24,21.521333694458008,63.020328521728516,254.5550079345703
2018-08-27,21.284666061401367,62.94107437133789,256.5647888183594
2018-08-28,20.790666580200195,62.84599304199219,256.6888122558594
2018-08-29,20.333999633789062,62.80634307861328,258.0699462890625
2018-08-30,20.209999084472656,62.8538932800293,257.0251770019531
2018-08-31,20.110666275024414,62.8697509765625,257.0340881347656
2018-09-04,19.26333236694336,62.772823333740234,256.5914001464844
2018-09-05,18.715999603271484,62.78873825073242,255.90084838867188
2018-09-06,18.729999542236328,62.88404846191406,255.1305694580078
2018-09-07,17.549333572387695,62.6854248046875,254.63478088378906
2018-09-10,19.03333282470703,62.725162506103516,255.07748413085938
2018-09-11,18.62933349609375,62.59007263183594,255.91854858398438
2018-09-12,19.369333267211914,62.63774871826172,255.98049926757812
2018-09-13,19.297332763671875,62.67748260498047,257.4944763183594
2018-09-14,19.68000030517578,62.574188232421875,257.5387878417969
2018-09-17,19.6560001373291,62.5662841796875,256.1752624511719
2018-09-18,18.997333526611328,62.423248291015625,257.5652770996094
2018-09-19,19.934667587280273,62.327884674072266,257.83984375
2018-09-20,19.8886661529541,62.40735626220703,259.9292907714844
2018-09-21,19.940000534057617,62.447078704833984,259.6918029785156
2018-09-24,19.978666305541992,62.36763000488281,258.82916259765625
2018-09-25,20.06599998474121,62.3199348449707,258.5889587402344
2018-09-26,20.6386661529541,62.4788703918457,257.8152770996094
2018-09-27,20.501333236694336,62.526485443115234,258.5357666015625
2018-09-28,17.65133285522461,62.526485443115234,258.5623779296875
2018-10-01,20.713333129882812,62.40947341918945,259.4606018066406
2018-10-02,20.06800079345703,62.520973205566406,259.3092956542969
2018-10-03,19.65333366394043,62.20237350463867,259.4517517089844
2018-10-04,18.788667678833008,62.043155670166016,257.4238586425781
2018-10-05,17.463333129882812,61.931644439697266,255.98313903808594
2018-10-08,16.70400047302246,61.90775680541992,255.98313903808594
2018-10-09,17.520000457763672,62.02721405029297,255.60960388183594
2018-10-10,17.125333786010742,61.97946548461914,247.5160675048828
2018-10-11,16.815332412719727,62.15462875366211,242.0642547607422
2018-10-12,17.25200080871582,62.138694763183594,245.4261016845703
2018-10-15,17.305999755859375,62.122798919677734,244.04750061035156
2018-10-16,18.439332962036133,62.170570373535156,249.38385009765625
2018-10-17,18.118667602539062,62.05908203125,249.42828369140625
2018-10-18,17.5939998626709,62.019264221191406,245.82623291015625
2018-10-19,17.333332061767578,61.98740005493164,245.6929168701172
2018-10-22,17.39666748046875,61.96351623535156,244.5900421142578
2018-10-23,19.609333038330078,62.05113983154297,243.3448944091797
2018-10-24,19.233333587646484,62.218318939208984,235.9718780517578
2018-10-25,20.99066734313965,62.14666748046875,240.20541381835938
2018-10-26,22.059999465942383,62.25810623168945,235.9807586669922
2018-10-29,22.323333740234375,62.20237350463867,234.6734161376953
2018-10-30,21.99333381652832,62.11479187011719,238.15089416503906
2018-10-31,22.488000869750977,61.98740005493164,240.694580078125
2018-11-01,22.95199966430664,62.10237503051758,243.25599670410156
2018-11-02,23.0939998626709,61.870845794677734,241.81521606445312
2018-11-05,22.760000228881836,61.91874313354492,243.14927673339844
2018-11-06,22.737333297729492,61.91075134277344,244.68795776367188
2018-11-07,23.21066665649414,61.96665573120117,249.92640686035156
2018-11-08,23.426666259765625,61.862850189208984,249.4728546142578
2018-11-09,23.367332458496094,62.014530181884766,247.03590393066406
2018-11-12,22.0853328704834,62.11034393310547,242.41990661621094
2018-11-13,22.582000732421875,62.078399658203125,241.96632385253906
2018-11-14,22.933332443237305,62.12630081176758,240.31214904785156
2018-11-15,23.229333877563477,62.13429260253906,242.8201446533203
2018-11-16,23.62066650390625,62.27002716064453,243.4517059326172
2018-11-19,23.564666748046875,62.27002716064453,239.33380126953125
2018-11-20,23.166000366210938,62.23008728027344,234.9046173095703
2018-11-21,22.54599952697754,62.29397964477539,235.70510864257812
2018-11-23,21.722000122070312,62.28593063354492,234.13084411621094
2018-11-26,23.066667556762695,62.23806381225586,237.91075134277344
2018-11-27,22.92799949645996,62.27800750732422,238.71121215820312
2018-11-28,23.191333770751953,62.3099250793457,244.2076873779297
2018-11-29,22.744667053222656,62.35782241821289,243.67396545410156
2018-11-30,23.365333557128906,62.38175964355469,245.1591796875
2018-12-03,23.89933204650879,62.47944641113281,248.40550231933594
2018-12-04,23.979999542236328,62.6314811706543,240.3565673828125
2018-12-06,24.20400047302246,62.74351119995117,239.991943359375
2018-12-07,23.864667892456055,62.87154006958008,234.41551208496094
2018-12-10,24.343332290649414,62.93560028076172,234.86016845703125
2018-12-11,24.450666427612305,62.94359588623047,234.91355895996094
2018-12-12,24.440000534057617,62.879547119140625,236.096435546875
2018-12-13,25.119333267211914,62.927581787109375,236.01632690429688
2018-12-14,24.380666732788086,62.98362350463867,231.6584014892578
2018-12-17,23.22800064086914,63.1036376953125,227.11363220214844
2018-12-18,22.468666076660156,63.19969940185547,226.8645477294922
2018-12-19,22.197999954223633,63.311737060546875,223.46710205078125
2018-12-20,21.025333404541016,63.22366714477539,219.82955932617188
2018-12-21,21.31800079345703,63.22366714477539,215.32534790039062
2018-12-24,19.69266700744629,63.238121032714844,209.63580322265625
2018-12-26,21.73933219909668,63.10175323486328,220.2276611328125
2018-12-27,21.075332641601562,63.238121032714844,221.91845703125
2018-12-28,22.257999420166016,63.39057159423828,221.6321258544922
2018-12-31,22.18666648864746,63.55105972290039,223.5733642578125
2019-01-02,20.674667358398438,63.67942810058594,223.8059539794922
2019-01-03,20.02400016784668,63.92811584472656,218.46530151367188
2019-01-04,21.179332733154297,63.73556900024414,225.78297424316406
2019-01-07,22.33066749572754,63.63932418823242,227.56324768066406
2019-01-08,22.356666564941406,63.55909729003906,229.7012481689453
2019-01-09,22.568666458129883,63.64731979370117,230.77474975585938
2019-01-10,22.99799919128418,63.5189208984375,231.5888214111328
2019-01-11,23.150667190551758,63.64731979370117,231.6782684326172
2019-01-14,22.293333053588867,63.59116744995117,230.26480102539062
2019-01-15,22.961999893188477,63.599143981933594,232.90383911132812
2019-01-16,23.06999969482422,63.623252868652344,233.4674072265625
2019-01-17,23.15399932861328,63.55105972290039,235.23866271972656
2019-01-18,20.150667190551758,63.50288009643555,238.36973571777344
2019-01-22,19.92799949645996,63.6152458190918,235.14923095703125
2019-01-23,19.172666549682617,63.67942810058594,235.6412811279297
2019-01-24,19.43400001525879,63.8158073425293,235.76654052734375
2019-01-25,19.80266761779785,63.743614196777344,237.76138305664062
2019-01-28,19.7586669921875,63.76766586303711,235.95437622070312
2019-01-29,19.83066749572754,63.89601135253906,235.6412811279297
2019-01-30,20.584667205810547,63.96017837524414,239.37164306640625
2019-01-31,20.468000411987305,64.25708770751953,241.47389221191406
2019-02-01,20.81399917602539,64.0784912109375,241.59017944335938
2019-02-04,20.859333038330078,64.02222442626953,243.28990173339844
2019-02-05,21.42333221435547,64.15898895263672,244.3096923828125
2019-02-06,21.148000717163086,64.1347885131836,243.98760986328125
2019-02-07,20.500667572021484,64.18305969238281,241.66180419921875
2019-02-08,20.386667251586914,64.27959442138672,241.95700073242188
2019-02-11,20.856000900268555,64.25545501708984,242.09117126464844
2019-02-12,20.78733253479004,64.2474136352539,245.20437622070312
2019-02-13,20.544666290283203,64.15089416503906,246.00050354003906
2019-02-14,20.251333236694336,64.26350402832031,245.45481872558594
2019-02-15,20.525333404541016,64.28763580322266,248.12960815429688
2019-02-19,20.375999450683594,64.34392547607422,248.55899047851562
2019-02-20,20.17066764831543,64.31983947753906,249.05990600585938
2019-02-21,19.415332794189453,64.19110870361328,248.17434692382812
2019-02-22,19.6473331451416,64.33587646484375,249.7130126953125
2019-02-25,19.917999267578125,64.31177520751953,250.0529327392578
2019-02-26,19.857332229614258,64.40022277832031,249.8740234375
2019-02-27,20.982667922973633,64.27153015136719,249.76666259765625
2019-02-28,21.325332641601562,64.19915771484375,249.30142211914062
2019-03-01,19.652666091918945,64.0008544921875,250.8580322265625
2019-03-04,19.02400016784668,64.11372375488281,249.94561767578125
2019-03-05,18.43600082397461,64.1620864868164,249.60557556152344
2019-03-06,18.416000366210938,64.2426986694336,248.09384155273438
2019-03-07,18.439332962036133,64.42811584472656,246.0183868408203
2019-03-08,18.94266700744629,64.50873565673828,245.52638244628906
2019-03-11,19.39466667175293,64.47648620605469,249.0867919921875
2019-03-12,18.890666961669922,64.62964630126953,250.02606201171875
2019-03-13,19.263999938964844,64.59739685058594,251.6810760498047
2019-03-14,19.33066749572754,64.54097747802734,251.52011108398438
2019-03-15,18.36199951171875,64.661865234375,252.76271057128906
2019-03-18,17.965999603271484,64.62158203125,253.67921447753906
2019-03-19,17.83133316040039,64.5893325805664,253.74208068847656
2019-03-20,18.239999771118164,64.87150573730469,252.97830200195312
2019-03-21,18.26799964904785,64.8875961303711,255.8356475830078
2019-03-22,17.635332107543945,65.2423095703125,250.91171264648438
2019-03-25,17.3613338470459,65.32292175292969,250.72311401367188
2019-03-26,17.851333618164062,65.33908081054688,252.5919952392578
2019-03-27,18.32200050354004,65.45997619628906,251.27117919921875
2019-03-28,18.57466697692871,65.49225616455078,252.2236328125
2019-03-29,18.657333374023438,65.44388580322266,253.8140106201172
2019-04-01,19.278667449951172,65.18529510498047,256.82391357421875
2019-04-02,19.058666229248047,65.2175521850586,256.9498291015625
2019-04-03,19.45400047302246,65.12869262695312,257.3541259765625
2019-04-04,17.851999282836914,65.19336700439453,258.0370178222656
2019-04-05,18.33066749572754,65.24185943603516,259.28594970703125
2019-04-08,18.213333129882812,65.1771469116211,259.4836120605469
2019-04-09,18.15399932861328,65.27415466308594,258.15374755859375
2019-04-10,18.40399932861328,65.3630599975586,259.0343933105469
2019-04-11,17.89466667175293,65.24993896484375,258.9625549316406
2019-04-12,17.84666633605957,65.12869262695312,260.7146301269531
2019-04-15,17.7586669921875,65.14488220214844,260.54388427734375
2019-04-16,18.224000930786133,65.03172302246094,260.7146301269531
2019-04-17,18.082000732421875,65.03172302246094,260.07666015625
2019-04-18,18.21733283996582,65.12056732177734,260.5888366699219
2019-04-22,17.516666412353516,65.05591583251953,260.8134460449219
2019-04-23,17.593332290649414,65.1690902709961,263.1585693359375
2019-04-24,17.243999481201172,65.33881378173828,262.5745544433594
2019-04-25,16.5086669921875,65.3226547241211,262.4128723144531
2019-04-26,15.675999641418457,65.46809387207031,263.63482666015625
2019-04-29,16.097999572753906,65.33074188232422,264.0481262207031
2019-04-30,15.912667274475098,65.4277114868164,264.182861328125
2019-05-01,15.600666999816895,65.43174743652344,262.1971740722656
2019-05-02,16.273332595825195,65.28594207763672,261.6310729980469
2019-05-03,17.00200080871582,65.40747833251953,264.19183349609375
2019-05-06,17.022666931152344,65.48848724365234,263.10467529296875
2019-05-07,16.470666885375977,65.58567810058594,258.7109375
2019-05-08,16.32266616821289,65.53707122802734,258.3514709472656
2019-05-09,16.131999969482422,65.60189819335938,257.56976318359375
2019-05-10,15.968000411987305,65.59374237060547,258.8636169433594
2019-05-13,15.133999824523926,65.73145294189453,252.3583221435547
2019-05-14,15.487333297729492,65.77200317382812,254.64051818847656
2019-05-15,15.463333129882812,65.86920166015625,256.1322326660156
2019-05-16,15.222000122070312,65.77200317382812,258.5042724609375
2019-05-17,14.0686674118042,65.78821563720703,256.8329772949219
2019-05-20,13.690667152404785,65.70719909667969,255.1348114013672
2019-05-21,13.67199993133545,65.6748046875,257.4349670410156
2019-05-22,12.84866714477539,65.79627990722656,256.6443176269531
2019-05-23,13.03266716003418,66.03120422363281,253.5084686279297
2019-05-24,12.708666801452637,66.03120422363281,254.08352661132812
2019-05-28,12.579999923706055,66.16893005371094,251.72044372558594
2019-05-29,12.657333374023438,66.15276336669922,250.03121948242188
2019-05-30,12.54800033569336,66.33098602294922,250.714111328125
2019-05-31,12.343999862670898,66.62259674072266,247.33563232421875
2019-06-03,11.9313325881958,66.81178283691406,246.7067108154297
2019-06-04,12.90666675567627,66.69812774658203,252.06187438964844
2019-06-05,13.105999946594238,66.69812774658203,254.24522399902344
2019-06-06,13.729999542236328,66.68190002441406,255.89846801757812
2019-06-07,13.633333206176758,66.86051177978516,258.4593200683594
2019-06-10,14.192000389099121,66.72248840332031,259.6454162597656
2019-06-11,14.473333358764648,66.67376708984375,259.5824279785156
2019-06-12,13.950667381286621,66.78744506835938,259.1242370605469
2019-06-13,14.260666847229004,66.901123046875,260.19342041015625
2019-06-14,14.32800006866455,66.90925598144531,259.9059143066406
2019-06-17,15.001999855041504,66.90925598144531,260.0047302246094
2019-06-18,14.982666969299316,67.06351470947266,262.727294921875
2019-06-19,15.095333099365234,67.2908935546875,263.3202209472656
2019-06-20,14.641332626342773,67.39646911621094,265.8360900878906
2019-06-21,14.790666580200195,67.20968627929688,265.4497375488281
2019-06-24,14.909333229064941,67.33152770996094,265.12469482421875
2019-06-25,14.650667190551758,67.35582733154297,262.5244445800781
2019-06-26,14.618000030517578,67.20155334472656,262.2625427246094
2019-06-27,14.855999946594238,67.39646911621094,263.1925048828125
2019-06-28,14.897333145141602,67.45328521728516,264.5469055175781
2019-07-01,15.14466667175293,67.4483871459961,266.9484558105469
2019-07-02,14.970000267028809,67.57865142822266,267.6436767578125
2019-07-03,15.65999984741211,67.70072174072266,269.78363037109375
2019-07-05,15.539999961853027,67.38328552246094,269.4766540527344
2019-07-08,15.355999946594238,67.37516021728516,267.99591064453125
2019-07-09,15.337332725524902,67.28562927246094,268.3299865722656
2019-07-10,15.928000450134277,67.34259796142578,269.612060546875
2019-07-11,15.90666675567627,67.12284088134766,270.2440490722656
2019-07-12,16.338666915893555,67.17982482910156,271.4539489746094
2019-07-15,16.899999618530273,67.27745819091797,271.544189453125
2019-07-16,16.825332641601562,67.18795013427734,270.66839599609375
2019-07-17,16.99066734313965,67.39140319824219,268.8265380859375
2019-07-18,16.902666091918945,67.51348876953125,269.8106994628906
2019-07-19,17.211999893188477,67.44024658203125,268.3119201660156
2019-07-22,17.045333862304688,67.51348876953125,268.9709777832031
2019-07-23,17.344667434692383,67.45657348632812,270.8941650390625
2019-07-24,17.658666610717773,67.52166748046875,272.167236328125
2019-07-25,15.254667282104492,67.4483871459961,270.8670349121094
2019-07-26,15.202667236328125,67.4483871459961,272.6819152832031
2019-07-29,15.718000411987305,67.48910522460938,272.18524169921875
2019-07-30,16.150667190551758,67.4728012084961,271.51715087890625
2019-07-31,16.107332229614258,67.5542221069336,268.5467529296875
2019-08-01,15.59000015258789,68.03800201416016,266.2081604003906
2019-08-02,15.62266731262207,68.10324096679688,264.2037353515625
2019-08-05,15.221332550048828,68.39690399169922,256.25836181640625
2019-08-06,15.383333206176758,68.5682373046875,259.8517761230469
2019-08-07,15.561332702636719,68.5682373046875,260.0052490234375
2019-08-08,15.886667251586914,68.6253433227539,265.1065368652344
2019-08-09,15.667332649230957,68.50299835205078,263.30084228515625
2019-08-12,15.267333030700684,68.8048095703125,260.0955810546875
2019-08-13,15.666666984558105,68.69879913330078,264.1405334472656
2019-08-14,14.641332626342773,68.94352722167969,256.3305358886719
2019-08-15,14.37600040435791,69.27799224853516,257.00775146484375
2019-08-16,14.662667274475098,69.2046127319336,260.7998962402344
2019-08-19,15.121999740600586,68.98432159423828,263.94189453125
2019-08-20,15.057332992553711,69.1637954711914,261.9193420410156
2019-08-21,14.722000122070312,69.13115692138672,264.0502624511719
2019-08-22,14.8100004196167,69.00062561035156,263.968994140625
2019-08-23,14.09333324432373,69.25355529785156,257.18829345703125
2019-08-26,14.333333015441895,69.21273040771484,260.03240966796875
2019-08-27,14.272000312805176,69.44929504394531,259.0120849609375
2019-08-28,14.37266731262207,69.47377014160156,260.8359680175781
2019-08-29,14.780667304992676,69.43297576904297,264.16754150390625
2019-08-30,15.040666580200195,69.42483520507812,264.0502624511719
2019-09-03,15.000666618347168,69.48865509033203,262.50634765625
2019-09-04,14.711999893188477,69.61941528320312,265.4858093261719
2019-09-05,15.305333137512207,69.25971984863281,268.8987121582031
2019-09-06,15.16333293914795,69.34146881103516,269.1064147949219
2019-09-09,15.452667236328125,69.02259826660156,269.2418518066406
2019-09-10,15.702667236328125,68.67101287841797,269.1785888671875
2019-09-11,16.47333335876465,68.630126953125,271.0927734375
2019-09-12,16.391332626342773,68.49932861328125,272.0318298339844
2019-09-13,16.34666633605957,68.10686492919922,271.8511962890625
2019-09-16,16.187332153320312,68.2867202758789,271.0116271972656
2019-09-17,16.319332122802734,68.44207763671875,271.69775390625
2019-09-18,16.232667922973633,68.49114990234375,271.86016845703125
2019-09-19,16.440000534057617,68.58924102783203,271.8421325683594
2019-09-20,16.041332244873047,68.83452606201172,270.5577697753906
2019-09-23,16.082000732421875,68.88357543945312,270.49420166015625
2019-09-24,14.880666732788086,69.12067413330078,268.3717346191406
2019-09-25,15.24666690826416,68.79367065429688,269.9591369628906
2019-09-26,16.17066764831543,68.90808868408203,269.39678955078125
2019-09-27,16.142000198364258,68.98168182373047,267.9454650878906
2019-09-30,16.058000564575195,69.03076934814453,269.1881103515625
2019-10-01,16.312667846679688,69.09796905517578,265.9862060546875
2019-10-02,16.208667755126953,69.25365447998047,261.2876281738281
2019-10-03,15.535332679748535,69.48306274414062,263.4283142089844
2019-10-04,15.428667068481445,69.59776306152344,266.9930114746094
2019-10-07,15.847999572753906,69.4175033569336,265.841064453125
2019-10-08,16.003332138061523,69.45028686523438,261.71405029296875
2019-10-09,16.302000045776367,69.36833190917969,264.19927978515625
2019-10-10,16.31599998474121,69.15532684326172,265.9862060546875
2019-10-11,16.525999069213867,68.90129089355469,268.7436828613281
2019-10-14,17.130666732788086,69.01599884033203,268.44439697265625
2019-10-15,17.19266700744629,68.8357162475586,271.1020202636719
2019-10-16,17.316667556762695,68.90950775146484,270.6666259765625
2019-10-17,17.46466636657715,68.90950775146484,271.4648132324219
2019-10-18,17.1299991607666,68.94229888916016,270.276611328125
2019-10-21,16.899999618530273,68.77838897705078,272.1087646484375
2019-10-22,17.038667678833008,68.90129089355469,271.2199401855469
2019-10-23,16.978666305541992,68.9340591430664,272.00909423828125
2019-10-24,19.978666305541992,68.94229888916016,272.45355224609375
2019-10-25,21.875333786010742,68.82754516601562,273.56915283203125
2019-10-28,21.847333908081055,68.68009185791016,275.1111755371094
2019-10-29,21.08133316040039,68.69644165039062,275.02960205078125
2019-10-30,21.000667572021484,68.91771697998047,275.8731994628906
2019-10-31,20.994667053222656,69.24542999267578,275.13848876953125
2019-11-01,20.887332916259766,69.18387603759766,277.6872253417969
2019-11-04,21.1646671295166,68.98677062988281,278.8030090332031
2019-11-05,21.148000717163086,68.74864959716797,278.49456787109375
2019-11-06,21.77199935913086,68.89645385742188,278.5579833984375
2019-11-07,22.369333267211914,68.5433578491211,279.5376892089844
2019-11-08,22.47599983215332,68.47765350341797,280.22711181640625
2019-11-11,23.006000518798828,68.51869201660156,279.6918640136719
2019-11-12,23.32866668701172,68.55976104736328,280.2814025878906
2019-11-13,23.073999404907227,68.68293762207031,280.37213134765625
2019-11-14,23.290000915527344,68.87999725341797,280.7802734375
2019-11-15,23.47800064086914,68.85540771484375,282.8122253417969
2019-11-18,23.332666397094727,68.95394897460938,283.020751953125
2019-11-19,23.968000411987305,69.02784729003906,282.9391784667969
2019-11-20,23.481332778930664,69.2166748046875,281.886962890625
2019-11-21,23.655332565307617,69.10173797607422,281.4334411621094
2019-11-22,22.202667236328125,69.14280700683594,282.0592956542969
2019-11-25,22.422666549682617,69.20848083496094,284.2452697753906
2019-11-26,21.92799949645996,69.32345581054688,284.88934326171875
2019-11-27,22.086000442504883,69.2166748046875,286.1591796875
2019-11-29,21.996000289916992,69.2166748046875,285.0980224609375
2019-12-02,22.32466697692871,69.03562927246094,282.6761474609375
2019-12-03,22.413333892822266,69.40596771240234,280.7802734375
2019-12-04,22.20199966430664,69.26608276367188,282.5129089355469
2019-12-05,22.024667739868164,69.1920166015625,283.020751953125
2019-12-06,22.392667770385742,69.10148620605469,285.6059265136719
2019-12-09,22.635332107543945,69.1179428100586,284.7078857421875
2019-12-10,23.256000518798828,69.06852722167969,284.3905029296875
2019-12-11,23.51333236694336,69.29898071289062,285.19781494140625
2019-12-12,23.978666305541992,68.96981048583984,287.65594482421875
2019-12-13,23.892667770385742,69.28252410888672,287.82818603515625
2019-12-16,25.433332443237305,69.0932846069336,289.8055725097656
2019-12-17,25.266000747680664,69.10148620605469,289.869140625
2019-12-18,26.209999084472656,69.01094818115234,289.8873291015625
2019-12-19,26.93600082397461,69.06031799316406,291.075439453125
2019-12-20,27.03933334350586,69.0768051147461,292.3515625
2019-12-23,27.947999954223633,69.0331039428711,292.7982177734375
2019-12-24,28.350000381469727,69.09906005859375,292.807373046875
2019-12-26,28.729333877563477,69.16504669189453,294.3661193847656
2019-12-27,28.691999435424805,69.26399993896484,294.2931213378906
2019-12-30,27.64666748046875,69.23925018310547,292.6706848144531
2019-12-31,27.8886661529541,69.16504669189453,293.381591796875
2020-01-02,28.68400001525879,69.25579833984375,296.1252746582031
2020-01-03,29.534000396728516,69.50321197509766,293.88299560546875
2020-01-06,30.1026668548584,69.42070770263672,295.0041198730469
2020-01-07,31.270666122436523,69.36302185058594,294.174560546875
2020-01-08,32.80933380126953,69.25579833984375,295.7425231933594
2020-01-09,32.089332580566406,69.3382339477539,297.7477722167969
2020-01-10,31.876667022705078,69.45372009277344,296.8910217285156
2020-01-13,34.990665435791016,69.41249084472656,298.93280029296875
2020-01-14,35.861331939697266,69.51142883300781,298.47698974609375
2020-01-15,34.56666564941406,69.61868286132812,299.1515197753906
2020-01-16,34.232666015625,69.57740020751953,301.6399841308594
2020-01-17,34.03333282470703,69.56917572021484,302.578857421875
2020-01-21,36.47999954223633,69.74240112304688,301.98638916015625
2020-01-22,37.97066879272461,69.80014038085938,302.0228576660156
2020-01-23,38.14666748046875,69.92383575439453,302.3692626953125
2020-01-24,37.654666900634766,70.03109741210938,299.6802978515625
2020-01-27,37.201332092285156,70.2619857788086,294.87640380859375
2020-01-28,37.793331146240234,70.13825988769531,297.9665832519531
2020-01-29,38.732666015625,70.33623504638672,297.7204895019531
2020-01-30,42.72066879272461,70.35274505615234,298.68658447265625
2020-01-31,43.371334075927734,70.5341796875,293.26318359375
2020-02-03,52.0,70.47054290771484,295.4416809082031
2020-02-04,59.137332916259766,70.25559997558594,299.944580078125
2020-02-05,48.97999954223633,70.1399154663086,303.40826416015625
2020-02-06,49.930667877197266,70.20603942871094,304.42926025390625
2020-02-07,49.871334075927734,70.42092895507812,302.80670166015625
2020-02-10,51.41866683959961,70.52836608886719,305.0673522949219
2020-02-11,51.62533187866211,70.41266632080078,305.5959777832031
2020-02-12,51.15266799926758,70.32999420166016,307.56488037109375
2020-02-13,53.599998474121094,70.3961410522461,307.2366638183594
2020-02-14,53.33533477783203,70.47054290771484,307.72894287109375
2020-02-18,57.22666549682617,70.57795715332031,306.9359130859375
2020-02-19,61.16133117675781,70.5696792602539,308.4034423828125
2020-02-20,59.96066665649414,70.7432861328125,307.1365051269531
2020-02-21,60.06666564941406,70.91686248779297,303.97344970703125
2020-02-24,55.58599853515625,71.14000701904297,293.89202880859375
2020-02-25,53.32733154296875,71.19784545898438,284.9865417480469
2020-02-26,51.91999816894531,71.15652465820312,283.9383544921875
2020-02-27,45.266666412353516,71.23919677734375,271.18609619140625
2020-02-28,44.53266525268555,71.71031951904297,270.0468444824219
2020-03-02,49.574668884277344,71.66312408447266,281.7414855957031
2020-03-03,49.70066833496094,72.09376525878906,273.674560546875
2020-03-04,49.96666717529297,72.07722473144531,285.177978515625
2020-03-05,48.30266571044922,72.35052490234375,275.69818115234375
2020-03-06,46.89866638183594,72.84744262695312,271.140625
2020-03-09,40.53333282470703,72.6900405883789,249.96585083007812
2020-03-10,43.02199935913086,71.71282196044922,262.90045166015625
2020-03-11,42.28200149536133,70.3545913696289,250.08447265625
2020-03-12,37.369998931884766,66.52837371826172,226.15704345703125
2020-03-13,36.44133377075195,69.3359146118164,245.4903564453125
2020-03-16,29.67133331298828,70.0647201538086,218.6278839111328
2020-03-17,28.68000030517578,68.6153564453125,230.43211364746094
2020-03-18,24.08133316040039,66.95901489257812,218.7646484375
2020-03-19,28.50933265686035,66.91761779785156,219.2295379638672
2020-03-20,28.50200080871582,68.0522232055664,209.781982421875
2020-03-23,28.952667236328125,69.55953979492188,204.4182586669922
2020-03-24,33.66666793823242,69.63404846191406,222.93922424316406
2020-03-25,35.95000076293945,70.56990051269531,226.27659606933594
2020-03-26,35.21066665649414,70.89291381835938,239.48886108398438
2020-03-27,34.29066848754883,71.27388763427734,232.3555450439453
2020-03-30,33.47533416748047,71.34841918945312,239.90150451660156
2020-03-31,34.93333435058594,70.68586730957031,236.32566833496094
2020-04-01,32.104000091552734,71.05105590820312,225.6898193359375
2020-04-02,30.29800033569336,71.38308715820312,230.89773559570312
2020-04-03,32.000667572021484,71.34989166259766,227.56028747558594
2020-04-06,34.41600036621094,71.573974609375,242.84471130371094
2020-04-07,36.36333465576172,71.64039611816406,243.09222412109375
2020-04-08,36.589332580566406,71.82299041748047,251.25241088867188
2020-04-09,38.20000076293945,72.61154174804688,255.0758514404297
2020-04-13,43.39666748046875,72.37911987304688,252.74685668945312
2020-04-14,47.32600021362305,72.37911987304688,260.2012023925781
2020-04-15,48.65533447265625,72.73603057861328,254.67242431640625
2020-04-16,49.680667877197266,72.77754211425781,255.901123046875
2020-04-17,50.259334564208984,72.67794036865234,262.814208984375
2020-04-20,49.75733184814453,72.56175231933594,258.18402099609375
2020-04-21,45.781333923339844,72.65303802490234,250.34471130371094
2020-04-22,48.807334899902344,72.59494018554688,255.901123046875
2020-04-23,47.04199981689453,72.71115112304688,255.8827667236328
2020-04-24,48.34333419799805,72.68624877929688,259.4493408203125
2020-04-27,53.25,72.42892456054688,263.190185546875
2020-04-28,51.27466583251953,72.64473724365234,261.97998046875
2020-04-29,53.367332458496094,72.69452667236328,268.83819580078125
2020-04-30,52.12533187866211,72.63642883300781,266.335205078125
2020-05-01,46.75466537475586,72.60652923583984,259.2843017578125
2020-05-04,50.74599838256836,72.6813735961914,259.9995422363281
2020-05-05,51.2140007019043,72.61483001708984,262.4017028808594
2020-05-06,52.172000885009766,72.29047393798828,260.62286376953125
2020-05-07,52.00266647338867,72.52335357666016,263.7679138183594
2020-05-08,54.62799835205078,72.3154067993164,268.1322021484375
2020-05-11,54.08599853515625,72.09086608886719,268.18719482421875
2020-05-12,53.96066665649414,72.32373046875,262.84185791015625
2020-05-13,52.73066711425781,72.40692901611328,258.19329833984375
2020-05-14,53.55533218383789,72.60652923583984,261.2830810546875
2020-05-15,53.27799987792969,72.64810180664062,262.4842834472656
2020-05-18,54.242000579833984,72.51502227783203,270.4794616699219
2020-05-19,53.867332458496094,72.60652923583984,267.7012634277344
2020-05-20,54.37066650390625,72.79779052734375,272.2490234375
2020-05-21,55.17333221435547,72.87264251708984,270.36944580078125
2020-05-22,54.45866775512695,72.89759826660156,270.8828430175781
2020-05-26,54.591331481933594,72.8559799194336,274.2203063964844
2020-05-27,54.68199920654297,72.88927459716797,278.30047607421875
2020-05-28,53.72066879272461,72.91426086425781,277.7870178222656
2020-05-29,55.66666793823242,73.12215423583984,279.0248107910156
2020-06-01,59.87333297729492,73.06297302246094,280.1524963378906
2020-06-02,58.770668029785156,73.1213150024414,282.4720764160156
2020-06-03,58.86399841308594,72.95468139648438,286.2313232421875
2020-06-04,57.62533187866211,72.7796630859375,285.47955322265625
2020-06-05,59.04399871826172,72.77134704589844,292.7962341308594
2020-06-08,63.327999114990234,72.84632873535156,296.33544921875
2020-06-09,62.711334228515625,72.8963394165039,294.1257629394531
2020-06-10,68.336669921875,73.20464324951172,292.4844970703125
2020-06-11,64.85600280761719,73.07131958007812,275.6231384277344
2020-06-12,62.35200119018555,73.14633178710938,278.9238586425781
2020-06-15,66.05999755859375,73.29634094238281,281.5277404785156
2020-06-16,65.47533416748047,73.20464324951172,286.94659423828125
2020-06-17,66.11933135986328,73.22130584716797,285.75457763671875
2020-06-18,66.9306640625,73.30462646484375,285.86468505859375
2020-06-19,66.72666931152344,73.32965850830078,284.23095703125
2020-06-22,66.28800201416016,73.30462646484375,286.0542907714844
2020-06-23,66.78533172607422,73.27130889892578,287.3711853027344
2020-06-24,64.0566635131836,73.2796401977539,280.040771484375
2020-06-25,65.73200225830078,73.35462951660156,283.04302978515625
2020-06-26,63.982666015625,73.48796844482422,276.3203125
2020-06-29,67.29000091552734,73.53795623779297,280.3814697265625
2020-06-30,71.98733520507812,73.61293029785156,283.9731140136719
2020-07-01,74.64199829101562,73.63133239746094,285.9622497558594
2020-07-02,80.57733154296875,73.74818420410156,287.5370178222656
2020-07-06,91.43866729736328,73.7231674194336,291.9758605957031
2020-07-07,92.65733337402344,73.84005737304688,288.9644470214844
2020-07-08,91.05867004394531,73.79828643798828,291.1746520996094
2020-07-09,92.9520034790039,73.99862670898438,289.5169677734375
2020-07-10,102.97666931152344,73.91515350341797,292.47308349609375
2020-07-13,99.80400085449219,73.94854736328125,289.9405822753906
2020-07-14,101.12000274658203,74.04039764404297,293.6979675292969
2020-07-15,103.06732940673828,74.04871368408203,296.396240234375
2020-07-16,100.04266357421875,74.09883880615234,295.4200439453125
2020-07-17,100.05599975585938,74.17396545410156,296.2765197753906
2020-07-20,109.53333282470703,74.24908447265625,298.6708984375
2020-07-21,104.55733489990234,74.29082489013672,299.3063049316406
2020-07-22,106.15533447265625,74.39099884033203,301.0099182128906
2020-07-23,100.87133026123047,74.45781707763672,297.41839599609375
2020-07-24,94.46666717529297,74.44109344482422,295.5028381347656
2020-07-27,102.63999938964844,74.39099884033203,297.6578063964844
2020-07-28,98.43267059326172,74.42440032958984,295.77001953125
2020-07-29,99.94066619873047,74.54129028320312,299.40753173828125
2020-07-30,99.16600036621094,74.5830078125,298.3393859863281
2020-07-31,95.38400268554688,74.68321228027344,300.6968994140625
2020-08-03,99.0,74.65727233886719,302.78741455078125
2020-08-04,99.13333129882812,74.8161849975586,303.9569396972656
2020-08-05,99.00133514404297,74.71580505371094,305.8447570800781
2020-08-06,99.30533599853516,74.83294677734375,307.8891906738281
2020-08-07,96.84733581542969,74.74925994873047,308.1102600097656
2020-08-10,94.57133483886719,74.66560363769531,309.0311279296875
2020-08-11,91.6259994506836,74.40638732910156,306.4801940917969
2020-08-12,103.65066528320312,74.21401977539062,310.7532653808594
2020-08-13,108.06666564941406,73.97151184082031,310.19146728515625
2020-08-14,110.04733276367188,73.8878402709961,310.20074462890625
2020-08-17,122.3759994506836,73.97986602783203,311.1861267089844
2020-08-18,125.80599975585938,74.0802230834961,311.8583984375
2020-08-19,125.23533630371094,73.95480346679688,310.5599670410156
2020-08-20,133.45533752441406,74.0802230834961,311.5268249511719
2020-08-21,136.6653289794922,74.2391128540039,312.6318664550781
2020-08-24,134.27999877929688,74.15547180175781,315.7998962402344
2020-08-25,134.8893280029297,74.01333618164062,316.9050598144531
2020-08-26,143.54466247558594,73.97151184082031,320.08209228515625
2020-08-27,149.25,73.70386505126953,320.781982421875
2020-08-28,147.55999755859375,73.76241302490234,322.85406494140625
2020-08-31,166.10667419433594,73.97986602783203,321.6844787597656
2020-09-01,158.35000610351562,74.1834945678711,324.71429443359375
2020-09-02,149.1233367919922,74.34259796142578,329.41094970703125
2020-09-03,135.6666717529297,74.35098266601562,318.0745544433594
2020-09-04,139.44000244140625,73.91536712646484,315.4776306152344
2020-09-08,110.06999969482422,74.02426147460938,306.8577880859375
2020-09-09,122.09333038330078,73.97402954101562,312.91741943359375
2020-09-10,123.77999877929688,73.99076080322266,307.484130859375
2020-09-11,124.23999786376953,74.06615447998047,307.6405944824219
2020-09-14,139.8733367919922,74.06615447998047,311.6925964355469
2020-09-15,149.9199981689453,74.10802459716797,313.267333984375
2020-09-16,147.25332641601562,74.09130096435547,312.02398681640625
2020-09-17,141.14332580566406,74.09130096435547,309.27984619140625
2020-09-18,147.38333129882812,74.00748443603516,305.7191162109375
2020-09-21,149.79666137695312,74.04940795898438,302.316650390625
2020-09-22,141.41000366210938,74.07450103759766,305.3955993652344
2020-09-23,126.78666687011719,73.90696716308594,298.3130798339844
2020-09-24,129.26333618164062,73.91536712646484,299.1082458496094
2020-09-25,135.77999877929688,73.90696716308594,303.9439392089844
2020-09-28,140.39999389648438,73.97402954101562,308.9922180175781
2020-09-29,139.69000244140625,74.02426147460938,307.3094787597656
2020-09-30,143.00332641601562,73.90696716308594,309.6395568847656
2020-10-01,149.3866729736328,73.98252868652344,311.62738037109375
2020-10-02,138.3633270263672,73.93214416503906,308.668701171875
2020-10-05,141.89332580566406,73.65522766113281,314.1422424316406
2020-10-06,137.9933319091797,73.75591278076172,309.6764831542969
2020-10-07,141.76666259765625,73.65522766113281,315.06695556640625
2020-10-08,141.97332763671875,73.78107452392578,317.85919189453125
2020-10-09,144.6666717529297,73.79788208007812,320.69769287109375
2020-10-12,147.43333435058594,73.90696716308594,325.85693359375
2020-10-13,148.88333129882812,73.96574401855469,323.7303161621094
2020-10-14,153.76666259765625,74.00765991210938,321.69622802734375
2020-10-15,149.6266632080078,73.96574401855469,321.2987060546875
2020-10-16,146.55667114257812,73.90696716308594,321.1045837402344
2020-10-19,143.61000061035156,73.83984375,316.22259521484375
2020-10-20,140.64666748046875,73.71395111083984,317.4892883300781
2020-10-21,140.8800048828125,73.63001251220703,316.8882751464844
2020-10-22,141.92999267578125,73.5041732788086,318.6265563964844
2020-10-23,140.2100067138672,73.59648895263672,319.7083435058594
2020-10-26,140.0933380126953,73.70555877685547,313.8001708984375
2020-10-27,141.55999755859375,73.88179779052734,312.7183837890625
2020-10-28,135.33999633789062,73.78107452392578,302.0299987792969
2020-10-29,136.94332885742188,73.62165832519531,305.0997314453125
2020-10-30,129.34666442871094,73.49579620361328,301.9189758300781
2020-11-02,133.50332641601562,73.59747314453125,305.3030700683594
2020-11-03,141.3000030517578,73.5806884765625,310.6935119628906
2020-11-04,140.32666015625,74.08507537841797,317.6372375488281
2020-11-05,146.02999877929688,74.16069793701172,323.83209228515625
2020-11-06,143.31666564941406,73.99259185791016,323.7580871582031
2020-11-09,140.4199981689453,73.6479263305664,327.8264465332031
2020-11-10,136.7866668701172,73.5050048828125,327.3455810546875
2020-11-11,139.0433349609375,73.55546569824219,329.7773132324219
2020-11-12,137.25332641601562,73.79924774169922,326.5780944824219
2020-11-13,136.1666717529297,73.82447814941406,331.0994567871094
2020-11-16,136.02999877929688,73.86648559570312,335.23248291015625
2020-11-17,147.20333862304688,73.99259185791016,333.42950439453125
2020-11-18,162.2133331298828,74.0766830444336,329.41668701171875
2020-11-19,166.42333984375,74.22795867919922,330.80352783203125
2020-11-20,163.20333862304688,74.29521179199219,328.538330078125
2020-11-23,173.9499969482422,74.23639678955078,330.5076904296875
2020-11-24,185.1266632080078,74.16069793701172,335.83343505859375
2020-11-25,191.3333282470703,74.12708282470703,335.315673828125
2020-11-27,195.25332641601562,74.28681182861328,336.2495422363281
2020-11-30,189.1999969482422,74.38768005371094,334.7609558105469
2020-12-01,194.9199981689453,74.16288757324219,338.4222106933594
2020-12-02,189.60667419433594,74.03658294677734,339.13427734375
2020-12-03,197.7933349609375,74.17969512939453,339.04180908203125
2020-12-04,199.67999267578125,73.98605346679688,341.96356201171875
2020-12-07,213.9199981689453,74.08708953857422,341.26080322265625
2020-12-08,216.6266632080078,74.11233520507812,342.2593994140625
2020-12-09,201.4933319091797,73.98605346679688,339.1896667480469
2020-12-10,209.02333068847656,74.13762664794922,339.0787353515625
2020-12-11,203.3300018310547,74.2554931640625,338.68121337890625
2020-12-14,213.27667236328125,74.23023223876953,337.1647644042969
2020-12-15,211.0833282470703,74.26387786865234,341.7231140136719
2020-12-16,207.58999633789062,74.18814086914062,342.2593994140625
2020-12-17,218.63333129882812,74.20498657226562,344.1732482910156
2020-12-18,231.6666717529297,74.17969512939453,342.799072265625
2020-12-21,216.6199951171875,74.18814086914062,341.5733337402344
2020-12-22,213.44667053222656,74.30601501464844,340.9976501464844
2020-12-23,215.32666015625,74.22239685058594,341.3041687011719
2020-12-24,220.58999633789062,74.3490982055664,342.63189697265625
2020-12-28,221.22999572753906,74.32372283935547,345.5754699707031
2020-12-29,221.99667358398438,74.3490982055664,344.9161071777344
2020-12-30,231.5933380126953,74.3998031616211,345.4082336425781
2020-12-31,235.22332763671875,74.50118255615234,347.1632385253906
2021-01-04,243.2566680908203,74.3998031616211,342.4368896484375
2021-01-05,245.0366668701172,74.27306365966797,344.7954406738281
2021-01-06,251.9933319091797,73.943603515625,346.85687255859375
2021-01-07,272.0133361816406,73.79151916503906,352.0102233886719
2021-01-08,293.3399963378906,73.72394561767578,354.015869140625
2021-01-11,270.39666748046875,73.64794921875,351.6295471191406
2021-01-12,283.14666748046875,73.63106536865234,351.7037048339844
2021-01-13,284.8033447265625,73.8253402709961,352.65081787109375
2021-01-14,281.6666564941406,73.7323989868164,351.41595458984375
2021-01-15,275.38665771484375,73.79151916503906,348.85321044921875
2021-01-19,281.51666259765625,73.8929214477539,351.59228515625
2021-01-20,283.48333740234375,73.88443756103516,356.45794677734375
2021-01-21,281.663330078125,73.78308868408203,356.78289794921875
2021-01-22,282.21331787109375,73.81693267822266,355.52008056640625
2021-01-25,293.6000061035156,73.98582458496094,356.9221496582031
2021-01-26,294.36334228515625,73.97740173339844,356.3650817871094
2021-01-27,288.0533447265625,73.97740173339844,347.6553649902344
2021-01-28,278.4766540527344,73.91828155517578,350.64520263671875
2021-01-29,264.510009765625,73.85910034179688,343.6255798339844
2021-02-01,279.9366760253906,73.88365936279297,349.3452453613281
2021-02-02,290.92999267578125,73.79061126708984,354.28521728515625
2021-02-03,284.89666748046875,73.66368865966797,354.5636901855469
2021-02-04,283.3299865722656,73.68058013916016,358.59356689453125
2021-02-05,284.07666015625,73.57905578613281,360.0049133300781
2021-02-08,287.8066711425781,73.66368865966797,362.6048278808594
2021-02-09,283.1533203125,73.62981414794922,362.3634948730469
2021-02-10,268.2733459472656,73.74830627441406,362.20556640625
2021-02-11,270.5533447265625,73.67211151123047,362.7905578613281
2021-02-12,272.0400085449219,73.4775161743164,364.5826416015625
2021-02-16,265.40667724609375,73.13059997558594,364.2669372558594
2021-02-17,266.04998779296875,73.28292846679688,364.3504943847656
2021-02-18,262.4599914550781,73.24059295654297,362.79986572265625
2021-02-19,260.4333190917969,72.98674774169922,362.1591491699219
2021-02-22,238.1666717529297,72.78367614746094,359.3735046386719
2021-02-23,232.94667053222656,72.76678466796875,359.8100280761719
2021-02-24,247.33999633789062,72.72444915771484,363.7748107910156
2021-02-25,227.4066619873047,72.08988952636719,355.0093078613281
2021-02-26,225.1666717529297,72.71599578857422,353.1801452636719
2021-03-01,239.47666931152344,72.62194061279297,361.7413330078125
2021-03-02,228.81333923339844,72.6135025024414,358.9185485839844
2021-03-03,217.73333740234375,72.38465881347656,354.16436767578125
2021-03-04,207.14666748046875,72.15587615966797,349.7817077636719
2021-03-05,199.31666564941406,72.11348724365234,356.216552734375
2021-03-08,187.6666717529297,71.78302001953125,354.4429931640625
2021-03-09,224.52667236328125,72.02030944824219,359.5035705566406
2021-03-10,222.68666076660156,72.15587615966797,361.7413330078125
2021-03-11,233.1999969482422,72.16434478759766,365.40899658203125
2021-03-12,231.2433319091797,71.7321548461914,365.9010925292969
2021-03-15,235.97999572753906,71.81693267822266,368.08331298828125
2021-03-16,225.6266632080078,71.80842590332031,367.618896484375
2021-03-17,233.93666076660156,71.78302001953125,368.8725280761719
2021-03-18,217.72000122070312,71.4864273071289,363.50555419921875
2021-03-19,218.2899932861328,71.5457534790039,362.83294677734375
2021-03-22,223.3333282470703,71.7491226196289,365.7301940917969
2021-03-23,220.72000122070312,71.91012573242188,362.8515625
2021-03-24,210.08999633789062,72.02030944824219,361.0069885253906
2021-03-25,213.4633331298828,71.96943664550781,363.0379638671875
2021-03-26,206.23666381835938,71.84233856201172,368.88824462890625
2021-03-29,203.76333618164062,71.7491226196289,368.7019348144531
2021-03-30,211.8733367919922,71.82540893554688,367.7238464355469
2021-03-31,222.64332580566406,71.79150390625,369.21429443359375
2021-04-01,220.5833282470703,72.02249908447266,373.201416015625
2021-04-05,230.35000610351562,71.9120864868164,378.55804443359375
2021-04-06,230.5399932861328,72.16690826416016,378.33447265625
2021-04-07,223.6566619873047,72.08196258544922,378.7723388671875
2021-04-08,227.93333435058594,72.24332427978516,380.57037353515625
2021-04-09,225.67333984375,72.14986419677734,383.3370361328125
2021-04-12,233.9933319091797,72.1329116821289,383.4768371582031
2021-04-13,254.10667419433594,72.31977081298828,384.61334228515625
2021-04-14,244.07666015625,72.268798828125,383.29986572265625
2021-04-15,246.28334045410156,72.57456970214844,387.4173889160156
2021-04-16,246.5933380126953,72.37926483154297,388.7123107910156
2021-04-19,238.2100067138672,72.33675384521484,386.802490234375
2021-04-20,239.663330078125,72.45568084716797,383.9705810546875
2021-04-21,248.0399932861328,72.53209686279297,387.6037292480469
2021-04-22,239.89666748046875,72.56610107421875,384.0637512207031
2021-04-23,243.13333129882812,72.57456970214844,388.2279052734375
2021-04-26,246.06666564941406,72.52360534667969,389.0383605957031
2021-04-27,234.913330078125,72.33675384521484,388.9544982910156
2021-04-28,231.46665954589844,72.37073516845703,388.8427429199219
2021-04-29,225.6666717529297,72.31127166748047,391.3207092285156
2021-04-30,236.47999572753906,72.41321563720703,388.74957275390625
2021-05-03,228.3000030517578,72.43106079101562,389.5879821777344
2021-05-04,224.53334045410156,72.52464294433594,387.1845397949219
2021-05-05,223.64666748046875,72.567138671875,387.3056640625
2021-05-06,221.17999267578125,72.60118865966797,390.3984069824219
2021-05-07,224.1233367919922,72.60970306396484,393.23980712890625
2021-05-10,209.67999267578125,72.43959045410156,389.3457336425781
2021-05-11,205.73333740234375,72.29497528076172,385.8709411621094
2021-05-12,196.6300048828125,72.03977966308594,377.673095703125
2021-05-13,190.56333923339844,72.18439483642578,382.2098388671875
2021-05-14,196.5800018310547,72.35450744628906,388.07879638671875
2021-05-17,192.27667236328125,72.28646850585938,387.0913391113281
2021-05-18,192.6233367919922,72.20989227294922,383.75628662109375
2021-05-19,187.82000732421875,72.13334655761719,382.7501525878906
2021-05-20,195.5933380126953,72.37152099609375,386.8677673339844
2021-05-21,193.6266632080078,72.38855743408203,386.551025390625
2021-05-24,202.14666748046875,72.4736099243164,390.4916687011719
2021-05-25,201.56333923339844,72.66077423095703,389.6252136230469
2021-05-26,206.3766632080078,72.63520050048828,390.3984069824219
2021-05-27,210.28334045410156,72.53314208984375,390.6033935546875
2021-05-28,208.4066619873047,72.52464294433594,391.3021240234375
2021-06-01,207.96665954589844,72.51953887939453,390.9573669433594
2021-06-02,201.7066650390625,72.59619903564453,391.5723571777344
2021-06-03,190.94667053222656,72.45989227294922,390.1190185546875
2021-06-04,199.68333435058594,72.7495346069336,393.68701171875
2021-06-07,201.7100067138672,72.69845581054688,393.3050842285156
2021-06-08,201.19667053222656,72.83476257324219,393.38885498046875
2021-06-09,199.5933380126953,72.97955322265625,392.8019714355469
2021-06-10,203.3733367919922,73.13292694091797,394.6278991699219
2021-06-11,203.29666137695312,73.11587524414062,395.2799377441406
2021-06-14,205.89666748046875,72.92845916748047,396.1650085449219
2021-06-15,199.7866668701172,72.92845916748047,395.4383544921875
2021-06-16,201.6233367919922,72.7239761352539,393.23046875
2021-06-17,205.53334045410156,72.97106170654297,393.1000671386719
2021-06-18,207.77000427246094,73.20113372802734,387.79705810546875
2021-06-21,206.94332885742188,72.94554138183594,393.3486633300781
2021-06-22,207.90333557128906,73.04772186279297,395.4515686035156
2021-06-23,218.85667419433594,72.99662780761719,394.97491455078125
2021-06-24,226.60667419433594,73.03070831298828,397.3114929199219
2021-06-25,223.9566650390625,72.89437103271484,398.72283935546875
2021-06-28,229.57333374023438,73.09036254882812,399.52655029296875
2021-06-29,226.9199981689453,73.12443542480469,399.7415771484375
2021-06-30,226.56666564941406,73.17552947998047,400.0780944824219
2021-07-01,225.97332763671875,73.168701171875,402.2930908203125
2021-07-02,226.3000030517578,73.29671478271484,405.3680419921875
2021-07-06,219.86000061035156,73.56123352050781,404.6297912597656
2021-07-07,214.88333129882812,73.71481323242188,406.05963134765625
2021-07-08,217.60333251953125,73.78307342529297,402.75103759765625
2021-07-09,218.98333740234375,73.55267333984375,407.0503845214844
2021-07-12,228.56666564941406,73.5270767211914,408.5083923339844
2021-07-13,222.84666442871094,73.29671478271484,407.1158447265625
2021-07-14,217.7933349609375,73.54415893554688,407.7232971191406
2021-07-15,216.86666870117188,73.72334289550781,406.3306579589844
2021-07-16,214.74000549316406,73.65511322021484,403.1435852050781
2021-07-19,215.4066619873047,74.07318115234375,397.19000244140625
2021-07-20,220.1666717529297,73.99640655517578,402.8818664550781
2021-07-21,218.42999267578125,73.7574691772461,406.143798828125
2021-07-22,216.4199981689453,73.91960144042969,406.99432373046875
2021-07-23,214.4600067138672,73.83427429199219,411.1815185546875
2021-07-26,219.2066650390625,73.79161071777344,412.1908874511719
2021-07-27,214.92666625976562,73.97930145263672,410.31219482421875
2021-07-28,215.66000366210938,74.04757690429688,410.1440124511719
2021-07-29,225.78334045410156,73.91960144042969,411.844970703125
2021-07-30,229.06666564941406,74.0304946899414,409.8449401855469
2021-08-02,236.55667114257812,74.20658111572266,408.9850769042969
2021-08-03,236.5800018310547,74.22367095947266,412.3123474121094
2021-08-04,236.97332763671875,74.22367095947266,410.2842102050781
2021-08-05,238.2100067138672,74.05276489257812,412.882568359375
2021-08-06,233.03334045410156,73.70235443115234,413.5647277832031
2021-08-09,237.9199981689453,73.56562805175781,413.228271484375
2021-08-10,236.663330078125,73.45450592041016,413.7423095703125
2021-08-11,235.94000244140625,73.50577545166016,414.77044677734375
2021-08-12,240.75,73.51432037353516,416.0134582519531
2021-08-13,239.05667114257812,73.80493927001953,416.7706298828125
2021-08-16,228.72332763671875,73.8732681274414,417.751953125
2021-08-17,221.90333557128906,73.79640197753906,415.0134582519531
2021-08-18,229.663330078125,73.779296875,410.47113037109375
2021-08-19,224.49000549316406,73.94166564941406,411.106689453125
2021-08-20,226.75332641601562,73.9245376586914,414.37786865234375
2021-08-23,235.43333435058594,73.94166564941406,418.02294921875
2021-08-24,236.163330078125,73.79640197753906,418.6865234375
2021-08-25,237.06666564941406,73.67672729492188,419.56512451171875
2021-08-26,233.72000122070312,73.68524932861328,417.08831787109375
2021-08-27,237.30667114257812,73.89891815185547,420.8175354003906
2021-08-30,243.6366729736328,73.98438262939453,422.6680603027344
2021-08-31,245.24000549316406,73.8903579711914,422.0418701171875
2021-09-01,244.69667053222656,73.90320587158203,422.26611328125
2021-09-02,244.1300048828125,74.00593566894531,423.5653076171875
2021-09-03,244.52333068847656,73.85184478759766,423.46246337890625
2021-09-07,250.97332763671875,73.6378402709961,421.9483947753906
2021-09-08,251.2899932861328,73.7576904296875,421.43438720703125
2021-09-09,251.6199951171875,74.02305603027344,419.6304626464844
2021-09-10,245.42333984375,73.84327697753906,416.3218688964844
2021-09-13,247.6666717529297,73.95458221435547,417.38739013671875
2021-09-14,248.163330078125,74.13433074951172,415.1349792480469
2021-09-15,251.94332885742188,74.06582641601562,418.6023864746094
2021-09-16,252.3300018310547,73.92889404296875,417.9388427734375
2021-09-17,253.163330078125,73.83476257324219,413.8675842285156
2021-09-20,243.38999938964844,74.04014587402344,406.9667663574219
2021-09-21,246.4600067138672,74.02305603027344,406.5823059082031
2021-09-22,250.64666748046875,74.10010528564453,410.5484313964844
2021-09-23,251.2133331298828,73.70635223388672,415.5365905761719
2021-09-24,258.1300048828125,73.55224609375,416.22113037109375
2021-09-27,263.78668212890625,73.46666717529297,415.0303649902344
2021-09-28,259.1866760253906,73.14996337890625,406.66668701171875
2021-09-29,260.4366760253906,73.15851593017578,407.3511657714844
2021-09-30,258.49334716796875,73.14140319824219,402.37237548828125
2021-10-01,258.40667724609375,73.39004516601562,407.1543273925781
2021-10-04,260.510009765625,73.33859252929688,401.903564453125
2021-10-05,260.1966552734375,73.1585464477539,406.08538818359375
2021-10-06,260.9166564941406,73.19285583496094,407.77313232421875
2021-10-07,264.53668212890625,72.98711395263672,411.29852294921875
2021-10-08,261.8299865722656,72.80707550048828,410.5484313964844
2021-10-11,263.9800109863281,72.69563293457031,407.5762634277344
2021-10-12,268.5733337402344,72.9614028930664,406.57293701171875
2021-10-13,270.3599853515625,73.1585464477539,408.03558349609375
2021-10-14,272.7733459472656,73.28716278076172,414.8990478515625
2021-10-15,281.010009765625,73.10710144042969,418.05889892578125
2021-10-18,290.03668212890625,73.06424713134766,419.2965393066406
2021-10-19,288.0899963378906,72.85850524902344,422.53125
2021-10-20,288.6000061035156,72.77276611328125,424.19085693359375
2021-10-21,298.0,72.669921875,425.2972412109375
2021-10-22,303.2266540527344,72.82421112060547,424.85662841796875
2021-10-25,341.6199951171875,72.85850524902344,427.1350402832031
2021-10-26,339.4766540527344,73.00423431396484,427.5194091796875
2021-10-27,345.9533386230469,73.26997375488281,425.62548828125
2021-10-28,359.0133361816406,73.17570495605469,429.7323303222656
2021-10-29,371.3333435058594,73.19285583496094,430.6042175292969
2021-11-01,402.86334228515625,73.13614654541016,431.344970703125
2021-11-02,390.6666564941406,73.27355194091797,433.0890197753906
2021-11-03,404.6199951171875,73.14476776123047,435.7330322265625
2021-11-04,409.9700012207031,73.47964477539062,437.7864685058594
2021-11-05,407.36334228515625,73.70284271240234,439.3054504394531
2021-11-08,387.64666748046875,73.53970336914062,439.6805419921875
2021-11-09,341.1666564941406,73.74575805664062,438.2271423339844
2021-11-10,355.98333740234375,73.2477798461914,434.70166015625
2021-11-11,354.5033264160156,73.12759399414062,434.84234619140625
2021-11-12,344.47332763671875,73.13614654541016,438.1239929199219
2021-11-15,337.7966613769531,72.83566284179688,438.2740783691406
2021-11-16,351.57666015625,72.7841567993164,440.0086669921875
2021-11-17,363.0033264160156,72.93869018554688,438.93975830078125
2021-11-18,365.4599914550781,73.02456665039062,440.4305725097656
2021-11-19,379.0199890136719,73.17910766601562,439.6429138183594
2021-11-22,385.6233215332031,72.8184585571289,438.4052734375
2021-11-23,369.6766662597656,72.52658081054688,438.98663330078125
2021-11-24,372.0,72.69828033447266,440.15863037109375
2021-11-26,360.6400146484375,73.2134017944336,430.3417663574219
2021-11-29,378.9966735839844,73.20484924316406,435.62054443359375
2021-11-30,381.586669921875,73.34226989746094,427.1444396972656
2021-12-01,365.0,73.38956451416016,422.3999938964844
2021-12-02,361.5333251953125,73.39810943603516,428.8696594238281
2021-12-03,338.3233337402344,73.6819076538086,425.1379699707031
2021-12-06,336.336669921875,73.48412322998047,430.1729736328125
2021-12-07,350.5833435058594,73.32072448730469,439.071044921875
2021-12-08,356.32000732421875,73.09713745117188,440.233642578125
2021-12-09,334.6000061035156,73.13153839111328,437.2614440917969
2021-12-10,339.010009765625,73.15733337402344,441.3775634765625
2021-12-13,322.13665771484375,73.40673065185547,437.4677429199219
2021-12-14,319.5033264160156,73.28633117675781,434.4579162597656
2021-12-15,325.3299865722656,73.19171905517578,441.2463684082031
2021-12-16,308.97332763671875,73.28633117675781,437.3551940917969
2021-12-17,310.8566589355469,73.41531372070312,432.7004699707031
2021-12-20,299.9800109863281,73.29493713378906,428.0993957519531
2021-12-21,312.84332275390625,73.21757507324219,435.70196533203125
2021-12-22,336.2900085449219,73.29493713378906,440.05841064453125
2021-12-23,355.6666564941406,73.18368530273438,442.796630859375
2021-12-27,364.64666748046875,73.21814727783203,449.0630798339844
2021-12-28,362.8233337402344,73.20952606201172,448.69610595703125
2021-12-29,362.0633239746094,72.96795654296875,449.2700500488281
2021-12-30,356.7799987792969,73.13186645507812,448.028076171875
2021-12-31,352.260009765625,73.1146240234375,446.89892578125
2022-01-03,399.9266662597656,72.62287139892578,449.4864501953125
2022-01-04,383.1966552734375,72.61425018310547,449.3359069824219
2022-01-05,362.7066650390625,72.36405944824219,440.7076416015625
2022-01-06,354.8999938964844,72.28644561767578,440.2936706542969
2022-01-07,342.32000732421875,72.0880126953125,438.552978515625
2022-01-10,352.7066650390625,72.02762603759766,438.00726318359375
2022-01-11,354.79998779296875,72.17427062988281,441.99676513671875
2022-01-12,368.739990234375,72.14840698242188,443.19171142578125
2022-01-13,343.85333251953125,72.26918029785156,437.0851745605469
2022-01-14,349.8699951171875,71.87235260009766,437.263916015625
2022-01-18,343.5033264160156,71.42371368408203,429.5201721191406
2022-01-19,331.8833312988281,71.59626770019531,425.0601501464844
2022-01-20,332.0899963378906,71.67391967773438,420.3556213378906
2022-01-21,314.6333312988281,71.94134521484375,412.10382080078125
2022-01-24,310.0,71.82919311523438,413.85382080078125
2022-01-25,306.1333312988281,71.73429107666016,408.8011474609375
2022-01-26,312.4700012207031,71.33747100830078,407.7755126953125
2022-01-27,276.3666687011719,71.57040405273438,405.7619323730469
2022-01-28,282.1166687011719,71.65666198730469,415.8392028808594
2022-01-31,312.239990234375,71.6048812866211,423.3288879394531
2022-02-01,310.4166564941406,71.57637023925781,426.18939208984375
2022-02-02,301.88665771484375,71.68006134033203,430.329345703125
2022-02-03,297.0466613769531,71.37760162353516,420.2145080566406
2022-02-04,307.7733459472656,70.9369125366211,422.1903381347656
2022-02-07,302.4466552734375,70.99739074707031,420.8354797363281
2022-02-08,307.3333435058594,70.7640609741211,424.29803466796875
2022-02-09,310.6666564941406,70.81596374511719,430.50811767578125
2022-02-10,301.51666259765625,70.1678466796875,422.773681640625
2022-02-11,286.6666564941406,70.62583923339844,414.4372253417969
2022-02-14,291.9200134277344,70.22833251953125,413.0823059082031
2022-02-15,307.4766540527344,70.0814208984375,419.7440185546875
2022-02-16,307.7966613769531,70.17647552490234,420.2145080566406
2022-02-17,292.1166687011719,70.33203125,411.23809814453125
2022-02-18,285.6600036621094,70.45299530029297,408.5753173828125
2022-02-22,273.84332275390625,70.40978240966797,404.1905517578125
2022-02-23,254.67999267578125,70.05548095703125,397.02081298828125
2022-02-24,266.92333984375,70.21104431152344,402.99560546875
2022-02-25,269.9566650390625,70.27153015136719,411.8873596191406
2022-02-28,290.1433410644531,70.79000854492188,410.8335266113281
2022-03-01,288.1233215332031,71.16130065917969,404.576416015625
2022-03-02,293.2966613769531,70.28715515136719,412.0190124511719
2022-03-03,279.7633361816406,70.59873962402344,409.9678039550781
2022-03-04,279.42999267578125,70.8497314453125,406.6369934082031
2022-03-07,268.1933288574219,70.50350189208984,394.6497497558594
2022-03-08,274.79998779296875,70.17462158203125,391.6575927734375
2022-03-09,286.3233337402344,69.98422241210938,402.15826416015625
2022-03-10,279.4333190917969,69.61209869384766,400.34222412109375
2022-03-11,265.1166687011719,69.56015014648438,395.2518615722656
2022-03-14,255.4566650390625,68.91963958740234,392.36322021484375
2022-03-15,267.2966613769531,69.0322036743164,400.9915771484375
2022-03-16,280.07666015625,69.13602447509766,409.8831481933594
2022-03-17,290.5333251953125,69.19661712646484,415.0111999511719
2022-03-18,301.7966613769531,69.39569091796875,419.55670166015625
2022-03-21,307.0533447265625,68.68596649169922,419.4340515136719
2022-03-22,331.32666015625,68.51289367675781,424.3420104980469
2022-03-23,333.03668212890625,68.82445526123047,418.8771667480469
2022-03-24,337.97332763671875,68.73788452148438,425.1915283203125
2022-03-25,336.8800048828125,68.13206481933594,427.2679443359375
2022-03-28,363.9466552734375,68.33113098144531,430.30706787109375
2022-03-29,366.5233459472656,68.63404846191406,435.63037109375
2022-03-30,364.663330078125,68.78983306884766,432.9404602050781
2022-03-31,359.20001220703125,68.84178161621094,426.27691650390625
2022-04-01,361.5299987792969,68.69252014160156,427.4849853515625
2022-04-04,381.8166809082031,68.7446060180664,431.1470947265625
2022-04-05,363.7533264160156,68.05049133300781,425.7011413574219
2022-04-06,348.586669921875,67.84223175048828,421.4444274902344
2022-04-07,352.4200134277344,67.70339965820312,423.56805419921875
2022-04-08,341.8299865722656,67.33897399902344,422.4354248046875
2022-04-11,325.30999755859375,67.0266342163086,415.215087890625
2022-04-12,328.98333740234375,67.24354553222656,413.6766357421875
2022-04-13,340.7900085449219,67.32161712646484,418.41473388671875
2022-04-14,328.3333435058594,66.86176300048828,413.2045593261719
2022-04-18,334.7633361816406,66.64485931396484,413.37457275390625
2022-04-19,342.7166748046875,66.2283935546875,420.0475769042969
2022-04-20,325.73333740234375,66.64485931396484,419.73602294921875
2022-04-21,336.260009765625,66.28911590576172,413.4595031738281
2022-04-22,335.01666259765625,66.20231628417969,402.1144714355469
2022-04-25,332.67333984375,66.61882781982422,404.4458312988281
2022-04-26,292.1400146484375,66.79234313964844,392.7327575683594
2022-04-27,293.836669921875,66.58411407470703,393.8370056152344
2022-04-28,292.5033264160156,66.5580825805664,403.78515625
2022-04-29,290.2533264160156,66.10692596435547,388.8630065917969
2022-05-02,300.9800109863281,65.76876831054688,391.2037353515625
2022-05-03,303.0833435058594,65.92524719238281,392.9969482421875
2022-05-04,317.5400085449219,66.35118865966797,404.96490478515625
2022-05-05,291.09332275390625,65.6905517578125,390.57135009765625
2022-05-06,288.54998779296875,65.41236114501953,388.2400817871094
2022-05-09,262.3699951171875,65.7079086303711,375.8096923828125
2022-05-10,266.67999267578125,65.89918518066406,376.6780090332031
2022-05-11,244.6666717529297,66.12516021728516,370.6940612792969
2022-05-12,242.6666717529297,66.25554656982422,370.30706787109375
2022-05-13,256.5299987792969,66.01216888427734,379.1602478027344
2022-05-16,241.4566650390625,66.11648559570312,377.62176513671875
2022-05-17,253.8699951171875,65.72531127929688,385.3896789550781
2022-05-18,236.60333251953125,66.00347137451172,369.8539733886719
2022-05-19,236.47332763671875,66.1425552368164,367.58880615234375
2022-05-20,221.3000030517578,66.34249114990234,367.7492370605469
2022-05-23,224.96665954589844,66.10777282714844,374.6298522949219
2022-05-24,209.3866729736328,66.6467514038086,371.7700500488281
2022-05-25,219.60000610351562,66.91618347167969,375.0545349121094
2022-05-26,235.91000366210938,66.84666442871094,382.5486755371094
2022-05-27,253.2100067138672,67.03791046142578,391.9399108886719
2022-05-31,252.75332641601562,66.65543365478516,389.7406921386719
2022-06-01,246.7899932861328,66.35757446289062,386.58831787109375
2022-06-02,258.3333435058594,66.41852569580078,393.95025634765625
2022-06-03,234.51666259765625,66.32271575927734,387.4849548339844
2022-06-06,238.27999877929688,65.93080139160156,388.66473388671875
2022-06-07,238.8866729736328,66.15726470947266,392.3929748535156
2022-06-08,241.86666870117188,65.88722229003906,388.12677001953125
2022-06-09,239.7066650390625,65.80014038085938,378.89599609375
2022-06-10,232.22999572753906,65.24275207519531,367.9096984863281
2022-06-13,215.73666381835938,64.18891143798828,353.94085693359375
2022-06-14,220.88999938964844,63.84050369262695,352.8742370605469
2022-06-15,233.0,64.57209777832031,357.90496826171875
2022-06-16,213.10000610351562,64.71146392822266,346.0597229003906
2022-06-17,216.75999450683594,64.74629974365234,346.80572509765625
2022-06-21,237.0366668701172,64.4501724243164,355.53607177734375
2022-06-22,236.086669921875,64.9814453125,354.8914794921875
2022-06-23,235.07000732421875,65.29501342773438,358.370361328125
2022-06-24,245.7066650390625,65.17306518554688,369.76434326171875
2022-06-27,244.9199981689453,64.85955047607422,368.3519592285156
2022-06-28,232.663330078125,64.89435577392578,360.8254699707031
2022-06-29,228.49000549316406,65.26889038085938,360.5316467285156
2022-06-30,224.47332763671875,65.54757690429688,357.6025695800781
2022-07-01,227.26333618164062,66.07029724121094,361.384765625
2022-07-05,233.06666564941406,66.18376922607422,362.0672607421875
2022-07-06,231.73333740234375,65.7823257446289,363.2900085449219
2022-07-07,244.5433349609375,65.59906005859375,368.7311096191406
2022-07-08,250.76333618164062,65.3808822631836,368.42779541015625
2022-07-11,234.3433380126953,65.62525939941406,364.21905517578125
2022-07-12,233.07000732421875,65.73869323730469,360.9961242675781
2022-07-13,237.0399932861328,65.94812774658203,359.1002197265625
2022-07-14,238.31333923339844,65.73869323730469,358.2281799316406
2022-07-15,240.06666564941406,65.97431945800781,365.0721740722656
2022-07-18,240.54666137695312,65.77362060546875,362.05780029296875
2022-07-19,245.52999877929688,65.72123718261719,371.8403015136719
2022-07-20,247.5,65.66016387939453,374.2100830078125
2022-07-21,271.7066650390625,66.2011947631836,378.02069091796875
2022-07-22,272.24334716796875,66.7422866821289,374.5134582519531
2022-07-25,268.4333190917969,66.4979248046875,374.96844482421875
2022-07-26,258.8599853515625,66.5153579711914,370.5321960449219
2022-07-27,274.82000732421875,66.69865417480469,380.153564453125
2022-07-28,280.8999938964844,67.16118621826172,384.921630859375
2022-07-29,297.1499938964844,67.10879516601562,390.5332336425781
2022-08-01,297.27667236328125,67.39997863769531,389.3768005371094
2022-08-02,300.586669921875,66.71794128417969,386.8079528808594
2022-08-03,307.39666748046875,67.05023193359375,392.8651123046875
2022-08-04,308.6333312988281,67.21638488769531,392.5997314453125
2022-08-05,288.1700134277344,66.45560455322266,391.93621826171875
2022-08-08,290.42333984375,66.75292205810547,391.48114013671875
2022-08-09,283.3333435058594,66.60426330566406,389.9266052246094
2022-08-10,294.3566589355469,66.78787994384766,398.1165771484375
2022-08-11,286.6300048828125,66.4118881225586,398.1165771484375
2022-08-12,300.0299987792969,66.71794128417969,404.8563537597656
2022-08-15,309.32000732421875,66.78787994384766,406.524658203125
2022-08-16,306.5633239746094,66.70042419433594,407.3209228515625
2022-08-17,303.9966735839844,66.30696868896484,404.42974853515625
2022-08-18,302.8699951171875,66.42938232421875,405.60516357421875
2022-08-19,296.6666564941406,66.0096664428711,400.1546936035156
2022-08-22,289.913330078125,65.71234130859375,391.82244873046875
2022-08-23,296.4533386230469,65.6861572265625,390.87451171875
2022-08-24,297.0966796875,65.51998901367188,392.1257629394531
2022-08-25,296.07000732421875,65.87848663330078,397.66162109375
2022-08-26,288.0899963378906,65.74732971191406,384.201171875
2022-08-29,284.82000732421875,65.45001983642578,381.6607666015625
2022-08-30,277.70001220703125,65.50248718261719,377.4709777832031
2022-08-31,275.6099853515625,65.23143005371094,374.5987548828125
2022-09-01,277.1600036621094,64.87740325927734,375.77423095703125
2022-09-02,270.2099914550781,65.04390716552734,371.8118896484375
2022-09-06,274.4200134277344,64.45680236816406,370.408935546875
2022-09-07,283.70001220703125,64.92119598388672,377.0633544921875
2022-09-08,289.260009765625,64.71971893310547,379.5279235839844
2022-09-09,299.67999267578125,64.69342803955078,385.4240417480469
2022-09-12,304.4200134277344,64.61454010009766,389.56634521484375
2022-09-13,292.1300048828125,64.29033660888672,372.62701416015625
2022-09-14,302.6099853515625,64.36918640136719,374.0489807128906
2022-09-15,303.75,64.17643737792969,369.80224609375
2022-09-16,303.3500061035156,64.10633850097656,366.98114013671875
2022-09-19,309.07000732421875,64.0624771118164,369.8269958496094
2022-09-20,308.7300109863281,63.7470703125,365.5819091796875
2022-09-21,300.79998779296875,63.92231369018555,359.2047424316406
2022-09-22,288.5899963378906,63.26512908935547,356.18756103515625
2022-09-23,275.3299865722656,63.08987808227539,350.2196960449219
2022-09-26,276.010009765625,62.28373718261719,346.755126953125
2022-09-27,282.94000244140625,62.01210021972656,345.8699035644531
2022-09-28,287.80999755859375,62.975982666015625,352.67535400390625
2022-09-29,268.2099914550781,62.65174102783203,345.3083190917969
2022-09-30,265.25,62.5027961730957,339.9686584472656
2022-10-03,242.39999389648438,63.02618408203125,348.9442138671875
2022-10-04,249.44000244140625,63.18423080444336,359.7568359375
2022-10-05,240.80999755859375,62.85053634643555,358.9192810058594
2022-10-06,238.1300048828125,62.61344909667969,355.2166748046875
2022-10-07,223.07000732421875,62.288509368896484,345.3083190917969
2022-10-10,222.9600067138672,62.007511138916016,342.67169189453125
2022-10-11,216.5,62.02507781982422,340.50164794921875
2022-10-12,217.24000549316406,62.09531784057617,339.3784484863281
2022-10-13,221.72000122070312,61.87578201293945,348.3351135253906
2022-10-14,204.99000549316406,61.57720947265625,340.3968811035156
2022-10-17,219.35000610351562,61.70892333984375,349.14410400390625
2022-10-18,220.19000244140625,61.84942626953125,353.2463684082031
2022-10-19,222.0399932861328,61.34009552001953,350.7431335449219
2022-10-20,207.27999877929688,60.927337646484375,347.8020935058594
2022-10-21,214.44000244140625,61.03274154663086,356.254150390625
2022-10-24,211.25,60.94491958618164,360.61346435546875
2022-10-25,222.4199981689453,61.524513244628906,366.3719787597656
2022-10-26,224.63999938964844,61.7703857421875,363.6116638183594
2022-10-27,225.08999633789062,62.09531784057617,361.66998291015625
2022-10-28,228.52000427246094,61.97236633300781,370.2742919921875
2022-10-31,227.5399932861328,61.7791748046875,367.59979248046875
2022-11-01,227.82000732421875,61.843441009521484,365.9911804199219
2022-11-02,214.97999572753906,61.74660110473633,356.8061828613281
2022-11-03,215.30999755859375,61.50892639160156,353.1322021484375
2022-11-04,207.47000122070312,61.52656173706055,358.2149353027344
2022-11-07,197.0800018310547,61.28888702392578,361.6413879394531
2022-11-08,191.3000030517578,61.561767578125,363.59259033203125
2022-11-09,177.58999633789062,61.649803161621094,356.1018981933594
2022-11-10,190.72000122070312,62.92607879638672,375.6711120605469
2022-11-11,195.97000122070312,62.92607879638672,379.3070983886719
2022-11-14,190.9499969482422,62.723609924316406,376.0804443359375
2022-11-15,194.4199981689453,63.163761138916016,379.2879943847656
2022-11-16,186.9199981689453,63.524627685546875,376.39453125
2022-11-17,183.1699981689453,63.26057052612305,375.2427978515625
2022-11-18,180.19000244140625,63.15494918823242,376.9465637207031
2022-11-21,167.8699951171875,63.15494918823242,375.5759582519531
2022-11-22,169.91000366210938,63.48063659667969,380.6300964355469
2022-11-23,183.1999969482422,63.867897033691406,383.0286865234375
2022-11-25,182.86000061035156,63.867897033691406,382.94293212890625
2022-11-28,182.9199981689453,63.7887077331543,376.8324279785156
2022-11-29,180.8300018310547,63.55105209350586,376.1851806640625
2022-11-30,194.6999969482422,64.0439682006836,388.03515625
2022-12-01,194.6999969482422,64.57770538330078,387.74969482421875
2022-12-02,194.86000061035156,64.84233093261719,387.3022766113281
2022-12-05,182.4499969482422,64.33065032958984,380.33502197265625
2022-12-06,179.82000732421875,64.54240417480469,374.85260009765625
2022-12-07,174.0399932861328,65.10701751708984,374.2149658203125
2022-12-08,173.44000244140625,64.92174530029297,377.1464538574219
2022-12-09,179.0500030517578,64.54240417480469,374.3291320800781
2022-12-12,167.82000732421875,64.54240417480469,379.7258605957031
2022-12-13,160.9499969482422,64.98350524902344,382.6003723144531
2022-12-14,156.8000030517578,65.14229583740234,380.1541748046875
2022-12-15,157.6699981689453,65.17757415771484,370.8549499511719
2022-12-16,150.22999572753906,65.00997161865234,366.4765930175781
2022-12-19,149.8699951171875,64.62178802490234,363.3690490722656
2022-12-20,137.8000030517578,64.19835662841797,363.8662414550781
2022-12-21,137.57000732421875,64.34828186035156,369.3069152832031
2022-12-22,125.3499984741211,64.3395004272461,364.038330078125
2022-12-23,123.1500015258789,64.13788604736328,366.1324157714844
2022-12-27,109.0999984741211,63.64265823364258,364.6885681152344
2022-12-28,112.70999908447266,63.554229736328125,360.15618896484375
2022-12-29,121.81999969482422,63.793006896972656,366.6391906738281
2022-12-30,123.18000030517578,63.527706146240234,365.6733703613281
2023-01-03,108.0999984741211,63.86375045776367,364.1340026855469
2023-01-04,113.63999938964844,64.22630310058594,366.94512939453125
2023-01-05,110.33999633789062,64.15554809570312,362.75701904296875
2023-01-06,113.05999755859375,64.86300659179688,371.0758056640625
2023-01-09,119.7699966430664,65.03984069824219,370.8655090332031
2023-01-10,118.8499984741211,64.78340148925781,373.4663391113281
2023-01-11,123.22000122070312,65.1282730102539,378.1898498535156
2023-01-12,123.55999755859375,65.63232421875,379.5668029785156
2023-01-13,122.4000015258789,65.41127014160156,381.039306640625
2023-01-17,131.49000549316406,65.32286071777344,380.34130859375
2023-01-18,128.77999877929688,65.92414855957031,374.3364562988281
2023-01-19,127.16999816894531,65.79151916503906,371.6113586425781
2023-01-20,133.4199981689453,65.49969482421875,378.5341491699219
2023-01-23,143.75,65.34050750732422,383.075927734375
2023-01-24,143.88999938964844,65.63232421875,382.664794921875
2023-01-25,144.42999267578125,65.71190643310547,382.8082580566406
2023-01-26,160.27000427246094,65.58811950683594,387.0155029296875
2023-01-27,177.89999389648438,65.5173568725586,387.90472412109375
2023-01-30,166.66000366210938,65.33163452148438,383.0376892089844
2023-01-31,173.22000122070312,65.63232421875,388.66961669921875
2023-02-01,181.41000366210938,66.05424499511719,392.80035400390625
2023-02-02,188.27000427246094,66.09856414794922,398.518310546875
2023-02-03,189.97999572753906,65.51358032226562,394.2824401855469
2023-02-06,194.75999450683594,65.10580444335938,391.87286376953125
2023-02-07,196.80999755859375,65.01718139648438,396.998046875
2023-02-08,201.2899932861328,65.13240051269531,392.65692138671875
2023-02-09,207.32000732421875,64.8664779663086,389.2529296875
2023-02-10,196.88999938964844,64.59169006347656,390.1613464355469
2023-02-13,194.63999938964844,64.76898193359375,394.7413635253906
2023-02-14,209.25,64.54739379882812,394.55975341796875
2023-02-15,214.24000549316406,64.40558624267578,395.8410339355469
2023-02-16,202.0399932861328,64.15735626220703,390.3907775878906
2023-02-17,208.30999755859375,64.29920196533203,389.4154052734375
2023-02-21,197.3699951171875,63.74077606201172,381.6034851074219
2023-02-22,200.86000061035156,63.88258743286133,381.0775146484375
2023-02-23,202.07000732421875,64.1130599975586,383.1046142578125
2023-02-24,196.8800048828125,63.75849533081055,379.0121765136719
2023-02-27,207.6300048828125,63.86485290527344,380.3030090332031
2023-02-28,205.7100067138672,63.88258743286133,378.8974304199219
2023-03-01,202.77000427246094,63.50411605834961,377.44403076171875
2023-03-02,190.89999389648438,63.37087631225586,380.3795471191406
2023-03-03,197.7899932861328,63.859493255615234,386.47998046875
2023-03-06,193.80999755859375,63.708465576171875,386.7477111816406
2023-03-07,187.7100067138672,63.63737487792969,380.81939697265625
2023-03-08,182.0,63.5840950012207,381.44091796875
2023-03-09,172.9199981689453,63.79730224609375,374.4034118652344
2023-03-10,173.44000244140625,64.56137084960938,369.00091552734375
2023-03-13,174.47999572753906,65.0766372680664,368.4750061035156
2023-03-14,183.25999450683594,64.6679458618164,374.5659484863281
2023-03-15,180.4499969482422,65.33427429199219,372.2232666015625
2023-03-16,184.1300048828125,65.0233154296875,378.7540283203125
2023-03-17,180.1300048828125,65.49417114257812,374.32537841796875
2023-03-20,183.25,65.20989990234375,377.9247131347656
2023-03-21,197.5800018310547,65.0322036743164,382.88714599609375
2023-03-22,191.14999389648438,65.60966491699219,376.36016845703125
2023-03-23,192.22000122070312,65.76072692871094,377.3776550292969
2023-03-24,190.41000366210938,65.89396667480469,379.8540344238281
2023-03-27,191.80999755859375,65.20989990234375,380.5643310546875
2023-03-28,189.19000244140625,65.09440612792969,379.7099914550781
2023-03-29,193.8800048828125,65.16546630859375,385.2290344238281
2023-03-30,195.27999877929688,65.2542953491211,387.4847106933594
2023-03-31,207.4600067138672,65.5919189453125,392.9461364746094
2023-04-03,194.77000427246094,65.87067413330078,394.4434814453125
2023-04-04,192.5800018310547,66.13784790039062,392.25506591796875
2023-04-05,185.52000427246094,66.31597900390625,391.2279968261719
2023-04-06,185.05999755859375,66.29817962646484,392.7541809082031
2023-04-10,184.50999450683594,65.85286712646484,393.1572265625
2023-04-11,186.7899932861328,65.87957763671875,393.26287841796875
2023-04-12,180.5399932861328,65.95085144042969,391.6599426269531
2023-04-13,185.89999389648438,65.9151840209961,396.86224365234375
2023-04-14,185.0,65.62130737304688,395.8927917480469
2023-04-17,187.0399932861328,65.26505279541016,397.31341552734375
2023-04-18,184.30999755859375,65.36300659179688,397.572509765625
2023-04-19,180.58999633789062,65.2739486694336,397.50531005859375
2023-04-20,162.99000549316406,65.5589370727539,395.33612060546875
2023-04-21,165.0800018310547,65.44315338134766,395.64324951171875
2023-04-24,162.5500030517578,65.70145416259766,396.05596923828125
2023-04-25,160.6699981689453,66.12895202636719,389.76904296875
2023-04-26,153.75,65.89739227294922,388.11810302734375
2023-04-27,160.19000244140625,65.61238861083984,395.8447570800781
2023-04-28,164.30999755859375,65.97754669189453,399.2234802246094
2023-05-01,161.8300018310547,65.29901123046875,398.8202819824219
2023-05-02,160.30999755859375,65.94184112548828,394.337890625
2023-05-03,160.61000061035156,66.21859741210938,391.63116455078125
2023-05-04,161.1999969482422,66.12931823730469,388.8572692871094
2023-05-05,170.05999755859375,65.8882827758789,396.05596923828125
2023-05-08,171.7899932861328,65.5757827758789,396.16156005859375
2023-05-09,169.14999389648438,65.50437927246094,394.42425537109375
2023-05-10,168.5399932861328,65.9061050415039,396.2671813964844
2023-05-11,172.0800018310547,66.12037658691406,395.5760498046875
2023-05-12,167.97999572753906,65.7721939086914,395.0577392578125
2023-05-15,166.35000610351562,65.60257720947266,396.42071533203125
2023-05-16,166.52000427246094,65.44186401367188,393.7715759277344
2023-05-17,173.86000061035156,65.3257827758789,398.5516052246094
2023-05-18,176.88999938964844,65.05797576904297,402.390869140625
2023-05-19,180.13999938964844,64.8794174194336,401.80535888671875
2023-05-22,188.8699951171875,64.86155700683594,401.9685974121094
2023-05-23,185.77000427246094,64.90618133544922,397.4573669433594
2023-05-24,182.89999389648438,64.7276382446289,394.57781982421875
2023-05-25,184.47000122070312,64.486572265625,397.9947814941406
2023-05-26,193.1699981689453,64.56694030761719,403.149169921875
2023-05-30,201.16000366210938,64.9954605102539,403.3027038574219
2023-05-31,203.92999267578125,65.20973205566406,401.06634521484375
2023-06-01,207.52000427246094,65.38607025146484,404.8768615722656
2023-06-02,213.97000122070312,65.01908111572266,410.7318420410156
2023-06-05,217.61000061035156,65.02803039550781,409.9447937011719
2023-06-06,221.30999755859375,65.1175537109375,410.8374328613281
2023-06-07,224.57000732421875,64.75056457519531,409.4168395996094
2023-06-08,234.86000061035156,65.07278442382812,411.8931884765625
2023-06-09,244.39999389648438,64.93851470947266,412.6322937011719
2023-06-12,249.8300018310547,65.07278442382812,416.37567138671875
2023-06-13,258.7099914550781,64.7863540649414,419.1207275390625
2023-06-14,256.7900085449219,64.84009552001953,419.619873046875
2023-06-15,255.89999389648438,65.24285888671875,424.8221740722656
2023-06-16,260.5400085449219,65.0996322631836,423.3751525878906
2023-06-20,274.45001220703125,65.18914031982422,421.1785888671875
2023-06-21,259.4599914550781,65.29654693603516,419.0205993652344
2023-06-22,264.6099853515625,64.98328399658203,420.5331115722656
2023-06-23,256.6000061035156,65.1712646484375,417.3538818359375
2023-06-26,241.0500030517578,65.2518081665039,415.6486511230469
2023-06-27,250.2100067138672,65.12651062011719,420.20556640625
2023-06-28,256.239990234375,65.33238220214844,420.4175109863281
2023-06-29,257.5,64.84009552001953,422.0745544433594
2023-06-30,261.7699890136719,65.06381225585938,427.0553283691406
2023-07-03,279.82000732421875,64.87897491455078,427.5466613769531
2023-07-05,282.4800109863281,64.60977172851562,426.9107971191406
2023-07-06,276.5400085449219,64.19699096679688,423.56787109375
2023-07-07,274.42999267578125,64.16112518310547,422.4984436035156
2023-07-10,269.6099853515625,64.38544464111328,423.56787109375
2023-07-11,269.7900085449219,64.52001190185547,426.2653503417969
2023-07-12,271.989990234375,65.03153991699219,429.6950378417969
2023-07-13,277.8999938964844,65.42638397216797,433.1054992675781
2023-07-14,281.3800048828125,65.12125396728516,432.835693359375
2023-07-17,290.3800048828125,65.19306945800781,434.338623046875
2023-07-18,293.3399963378906,65.27378845214844,437.5660095214844
2023-07-19,291.260009765625,65.42638397216797,438.5390625
2023-07-20,262.8999938964844,65.12125396728516,435.62957763671875
2023-07-21,260.0199890136719,65.16614532470703,435.62957763671875
2023-07-24,269.05999755859375,65.05845642089844,437.57562255859375
2023-07-25,265.2799987792969,64.9866714477539,438.7702331542969
2023-07-26,264.3500061035156,65.2020263671875,438.83770751953125
2023-07-27,255.7100067138672,64.64569091796875,435.92822265625
2023-07-28,266.44000244140625,64.8699951171875,440.19610595703125
2023-07-31,267.42999267578125,64.9866714477539,441.03424072265625
2023-08-01,261.07000732421875,64.58445739746094,439.77215576171875
2023-08-02,254.11000061035156,64.37754821777344,433.6545715332031
2023-08-03,259.32000732421875,63.98164367675781,432.41180419921875
2023-08-04,253.86000061035156,64.51248168945312,430.4561462402344
2023-08-07,251.4499969482422,64.41352844238281,434.2133483886719
2023-08-08,249.6999969482422,64.64747619628906,432.3251037597656
2023-08-09,242.19000244140625,64.66545867919922,429.43487548828125
2023-08-10,245.33999633789062,64.30557250976562,429.58905029296875
2023-08-11,242.64999389648438,64.0986099243164,429.3385925292969
2023-08-14,239.75999450683594,64.01761627197266,431.7085266113281
2023-08-15,232.9600067138672,63.87367630004883,426.67962646484375
2023-08-16,225.60000610351562,63.6937255859375,423.5486145019531
2023-08-17,219.22000122070312,63.630741119384766,420.3211975097656
2023-08-18,215.49000549316406,63.76571273803711,420.5234680175781
2023-08-21,231.27999877929688,63.45977783203125,423.259521484375
2023-08-22,233.19000244140625,63.54076385498047,422.1130676269531
2023-08-23,236.86000061035156,64.1166000366211,426.81451416015625
2023-08-24,230.0399932861328,63.963645935058594,420.89923095703125
2023-08-25,238.58999633789062,63.963645935058594,423.8664855957031
2023-08-28,238.82000732421875,64.08059692382812,426.55438232421875
2023-08-29,257.17999267578125,64.47650146484375,432.7200927734375
2023-08-30,256.8999938964844,64.44953155517578,434.50244140625
2023-08-31,258.0799865722656,64.55747985839844,433.8665466308594
2023-09-01,245.00999450683594,64.24712371826172,434.6758117675781
2023-09-05,256.489990234375,63.89525604248047,432.79718017578125
2023-09-06,251.9199981689453,63.82305908203125,429.8877868652344
2023-09-07,251.49000549316406,64.03961181640625,428.56787109375
2023-09-08,248.5,64.05764770507812,429.2133483886719
2023-09-11,273.5799865722656,63.95842742919922,432.0361022949219
2023-09-12,267.4800109863281,64.00350189208984,429.6661682128906
2023-09-13,271.29998779296875,64.1027603149414,430.1671142578125
2023-09-14,276.0400085449219,63.99448776245117,433.87615966796875
2023-09-15,274.3900146484375,63.86817169189453,428.648681640625
2023-09-18,265.2799987792969,63.931339263916016,428.9001159667969
2023-09-19,266.5,63.795982360839844,428.0105895996094
2023-09-20,262.5899963378906,63.71479415893555,424.0757751464844
2023-09-21,255.6999969482422,63.31783676147461,417.0665588378906
2023-09-22,244.8800048828125,63.5794792175293,416.1286926269531
2023-09-25,246.99000549316406,63.110321044921875,417.8785705566406
2023-09-26,244.1199951171875,63.04717254638672,411.73944091796875
2023-09-27,240.5,62.821590423583984,411.9037780761719
2023-09-28,246.3800048828125,62.98401641845703,414.2917785644531
2023-09-29,250.22000122070312,62.95693588256836,413.28631591796875
2023-10-02,251.60000610351562,62.52449417114258,413.12200927734375
2023-10-03,246.52999877929688,62.01785659790039,407.59185791015625
2023-10-04,261.1600036621094,62.42496109008789,410.5599670410156
2023-10-05,260.04998779296875,62.47019958496094,410.4052429199219
2023-10-06,260.5299987792969,62.22593688964844,415.2779235839844
2023-10-09,259.6700134277344,62.85923767089844,417.9366149902344
2023-10-10,263.6199951171875,62.79591369628906,420.11187744140625
2023-10-11,262.989990234375,63.08541488647461,421.8327941894531
2023-10-12,258.8699951171875,62.54258728027344,419.2611083984375
2023-10-13,251.1199951171875,62.83210372924805,417.1728210449219
2023-10-16,253.9199981689453,62.506385803222656,421.5621032714844
2023-10-17,254.85000610351562,62.09927749633789,421.5427551269531
2023-10-18,242.67999267578125,61.82785415649414,415.9256896972656
2023-10-19,220.11000061035156,61.55646514892578,412.2711486816406
2023-10-20,211.99000549316406,61.782649993896484,407.2051696777344
2023-10-23,212.0800018310547,62.01785659790039,406.4993896484375
2023-10-24,216.52000427246094,62.22593688964844,409.5641174316406
2023-10-25,212.4199981689453,61.75548553466797,403.6860046386719
2023-10-26,205.75999450683594,62.171653747558594,398.8520202636719
2023-10-27,207.3000030517578,62.171653747558594,397.04412841796875
2023-10-30,197.36000061035156,62.01785659790039,401.79107666015625
2023-10-31,200.83999633789062,61.999752044677734,404.3144226074219
2023-11-01,205.66000366210938,62.60136795043945,408.6263427734375
2023-11-02,218.50999450683594,62.96434783935547,416.4573974609375
2023-11-03,219.9600067138672,63.336368560791016,420.25689697265625
2023-11-06,219.27000427246094,63.064151763916016,421.2236633300781
2023-11-07,222.17999267578125,63.381710052490234,422.4225158691406
2023-11-08,222.11000061035156,63.58133316040039,422.73193359375
2023-11-09,209.97999572753906,63.10951232910156,419.4351806640625
2023-11-10,214.64999389648438,63.22746276855469,425.9803466796875
2023-11-13,223.7100067138672,63.209327697753906,425.5743103027344
2023-11-14,237.41000366210938,63.9806022644043,433.8307800292969
2023-11-15,242.83999633789062,63.626731872558594,434.7491760253906
2023-11-16,233.58999633789062,64.00785827636719,435.2809143066406
2023-11-17,234.3000030517578,64.09858703613281,435.8223571777344
2023-11-20,235.60000610351562,64.18931579589844,439.1771240234375
2023-11-21,241.1999969482422,64.28005981445312,438.2200012207031
2023-11-22,234.2100067138672,64.33448028564453,439.911865234375
2023-11-24,235.4499969482422,64.02598571777344,440.1826477050781
2023-11-27,236.0800018310547,64.41615295410156,439.3898010253906
2023-11-28,246.72000122070312,64.6883773803711,439.8248291015625
2023-11-29,244.13999938964844,65.02411651611328,439.5155334472656
2023-11-30,240.0800018310547,64.81541442871094,441.2460632324219
2023-12-01,238.8300018310547,65.34410095214844,443.8564453125
2023-12-04,235.5800018310547,65.08021545410156,441.5263977050781
2023-12-05,238.72000122070312,65.49877166748047,441.439453125
2023-12-06,239.3699951171875,65.68988037109375,439.6605224609375
2023-12-07,242.63999938964844,65.67169189453125,443.01531982421875
2023-12-08,243.83999633789062,65.35318756103516,444.9198913574219
2023-12-11,239.74000549316406,65.36231994628906,446.6505126953125
2023-12-12,237.00999450683594,65.55338287353516,448.6903991699219
2023-12-13,239.2899932861328,66.39054870605469,454.8779296875
2023-12-14,251.0500030517578,66.89102935791016,456.3377990722656
2023-12-15,253.5,66.79093933105469,455.5863952636719
2023-12-18,252.0800018310547,66.65444946289062,458.14910888671875
2023-12-19,257.2200012207031,66.78184509277344,460.9350891113281
2023-12-20,247.13999938964844,67.00022888183594,454.5477294921875
2023-12-21,254.5,66.99114990234375,458.8576965332031
2023-12-22,252.5399932861328,66.94642639160156,459.7799377441406
2023-12-26,256.6099853515625,67.01029968261719,461.7213439941406
2023-12-27,261.44000244140625,67.43920135498047,462.55615234375
2023-12-28,253.17999267578125,67.27494812011719,462.7309265136719
2023-12-29,248.47999572753906,67.11978912353516,461.3912658691406
2024-01-02,248.4199981689453,66.83690643310547,458.8092346191406
2024-01-03,238.4499969482422,66.89164733886719,455.0622863769531
2024-01-04,237.92999267578125,66.59053039550781,453.5964660644531
2024-01-05,237.49000549316406,66.38973999023438,454.2176818847656
2024-01-08,240.4499969482422,66.6817626953125,460.7021179199219
2024-01-09,234.9600067138672,66.67264556884766,460.00323486328125
2024-01-10,233.94000244140625,66.55401611328125,462.6047058105469
2024-01-11,227.22000122070312,66.9007797241211,462.40087890625
2024-01-12,218.88999938964844,67.03766632080078,462.72119140625
2024-01-16,219.91000366210938,66.56312561035156,461.0224304199219
2024-01-17,215.5500030517578,66.4079818725586,458.4597473144531
2024-01-18,211.8800048828125,66.31671905517578,462.5367431640625
2024-01-19,212.19000244140625,66.31671905517578,468.3028259277344
2024-01-22,208.8000030517578,66.42626190185547,469.29296875
2024-01-23,209.13999938964844,66.27110290527344,470.66162109375
2024-01-24,207.8300018310547,66.13422393798828,471.17620849609375
2024-01-25,182.6300048828125,66.44450378417969,473.7388610839844
2024-01-26,183.25,66.34412384033203,473.1369934082031
2024-01-29,190.92999267578125,66.60877990722656,476.8839416503906
2024-01-30,191.58999633789062,66.72738647460938,476.51507568359375
2024-01-31,187.2899932861328,67.01029968261719,468.7395935058594
2024-02-01,188.86000061035156,67.41482543945312,474.8746032714844
2024-02-02,187.91000366210938,66.81075286865234,479.8737487792969
2024-02-05,181.05999755859375,66.27995300292969,478.12646484375
2024-02-06,185.10000610351562,66.59113311767578,479.5146484375
2024-02-07,187.5800018310547,66.46299743652344,483.5139465332031
2024-02-08,189.55999755859375,66.28909301757812,483.7275085449219
2024-02-09,193.57000732421875,66.23419189453125,486.52313232421875
2024-02-12,188.1300048828125,66.25249481201172,486.3096008300781
2024-02-13,184.02000427246094,65.6759033203125,479.61163330078125
2024-02-14,188.7100067138672,65.92300415039062,483.9701843261719
2024-02-15,200.4499969482422,66.10604858398438,487.3094787597656
2024-02-16,199.9499969482422,65.89555358886719,484.8827209472656
2024-02-20,193.75999450683594,65.97794342041016,482.2132263183594
2024-02-21,194.77000427246094,65.7948989868164,482.6499938964844
2024-02-22,197.41000366210938,65.82235717773438,492.6387023925781
2024-02-23,191.97000122070312,66.06031799316406,492.9784851074219
2024-02-26,199.39999389648438,65.94135284423828,491.1728820800781
2024-02-27,199.72999572753906,65.84064483642578,492.0853271484375
2024-02-28,202.0399932861328,65.987060546875,491.4350280761719
2024-02-29,201.8800048828125,66.09690856933594,493.20172119140625
2024-03-01,202.63999938964844,66.37408447265625,497.83197021484375
2024-03-04,188.13999938964844,66.21806335449219,497.29815673828125
2024-03-05,180.74000549316406,66.57598114013672,492.3280334472656
2024-03-06,176.5399932861328,66.69529724121094,494.8227844238281
2024-03-07,178.64999389648438,66.80546569824219,499.7346496582031
2024-03-08,175.33999633789062,66.86969757080078,496.735107421875
2024-03-11,177.77000427246094,66.84214782714844,496.3080139160156
2024-03-12,177.5399932861328,66.6402359008789,501.64697265625
2024-03-13,169.47999572753906,66.53009033203125,500.8606262207031
2024-03-14,162.5,66.13545227050781,499.8705139160156
2024-03-15,163.57000732421875,66.09871673583984,496.4381408691406
2024-03-18,173.8000030517578,66.01615905761719,499.3885192871094
2024-03-19,171.32000732421875,66.1905288696289,502.1636657714844
2024-03-20,175.66000366210938,66.3098373413086,506.808349609375
2024-03-21,172.82000732421875,66.3648910522461,508.483154296875
2024-03-22,170.8300018310547,66.58517456054688,507.5192565917969
2024-03-25,172.6300048828125,66.45668029785156,506.1170349121094
2024-03-26,177.6699981689453,66.5117416381836,505.1822204589844
2024-03-27,179.8300018310547,66.74121856689453,509.42767333984375
2024-03-28,175.7899932861328,66.65858459472656,509.3303527832031
2024-04-01,175.22000122070312,66.20387268066406,508.4441833496094
2024-04-02,166.6300048828125,66.13021087646484,505.21148681640625
2024-04-03,168.3800048828125,66.17623901367188,505.7664489746094
2024-04-04,171.11000061035156,66.31432342529297,499.5930480957031
2024-04-05,164.89999389648438,65.98294067382812,504.8122253417969
2024-04-08,172.97999572753906,65.92769622802734,505.0946044921875
2024-04-09,176.8800048828125,66.16704559326172,505.67889404296875
2024-04-10,171.75999450683594,65.39381408691406,500.6153869628906
2024-04-11,174.60000610351562,65.39381408691406,504.3934326171875
2024-04-12,171.0500030517578,65.54106140136719,497.4313659667969
2024-04-15,161.47999572753906,65.1084213256836,491.1994323730469
2024-04-16,157.11000061035156,64.94273376464844,490.3035888671875
2024-04-17,155.4499969482422,65.2557144165039,487.4018859863281
2024-04-18,149.92999267578125,65.0808334350586,486.3989562988281
2024-04-19,147.0500030517578,65.16365814208984,482.15350341796875
2024-04-22,142.0500030517578,65.19127655029297,486.59375
2024-04-23,144.67999267578125,65.31094360351562,492.3679504394531
2024-04-24,162.1300048828125,65.14524841308594,492.13427734375
2024-04-25,170.17999267578125,64.9611587524414,490.2646179199219
2024-04-26,168.2899932861328,65.1084213256836,494.9093933105469
2024-04-29,194.0500030517578,65.3017578125,496.6621398925781
2024-04-30,183.27999877929688,65.0531997680664,488.7943420410156
2024-05-01,179.99000549316406,65.2877197265625,487.2071838378906
2024-05-02,180.00999450683594,65.54623413085938,491.7642517089844
2024-05-03,181.19000244140625,65.87865447998047,497.8597717285156
2024-05-06,184.75999450683594,65.94327545166016,503.0010986328125
2024-05-07,177.80999755859375,66.07254028320312,503.55615234375
2024-05-08,174.72000122070312,65.91558074951172,503.6048278808594
2024-05-09,171.97000122070312,66.09102630615234,506.5065002441406
2024-05-10,168.47000122070312,65.9063491821289,507.1590270996094
2024-05-13,171.88999938964844,65.96175384521484,507.22705078125
2024-05-14,177.5500030517578,66.15564727783203,509.5543518066406
2024-05-15,173.99000549316406,66.58036804199219,515.8641357421875
2024-05-16,174.83999633789062,66.46955108642578,514.8026733398438
2024-05-17,177.4600067138672,66.30337524414062,515.5427856445312
2024-05-20,174.9499969482422,66.23875427246094,516.13671875
2024-05-21,186.60000610351562,66.37722778320312,517.402587890625
2024-05-22,180.11000061035156,66.29414367675781,515.9127807617188
2024-05-23,173.74000549316406,66.10023498535156,512.1444091796875
2024-05-24,179.24000549316406,66.17411804199219,515.5330200195312
2024-05-28,176.75,65.86019134521484,515.8932495117188
2024-05-29,176.19000244140625,65.62013244628906,512.28076171875
2024-05-30,178.7899932861328,65.9063491821289,508.8824157714844
2024-05-31,178.0800018310547,66.14641571044922,513.5173950195312
2024-06-03,176.2899932861328,66.51593780517578,513.9361572265625
2024-06-04,174.77000427246094,66.76600646972656,514.5106201171875
2024-06-05,175.0,66.95123291015625,520.6256713867188
2024-06-06,177.94000244140625,66.96049499511719,520.6159057617188
2024-06-07,177.47999572753906,66.42333984375,519.98291015625
2024-06-10,173.7899932861328,66.32144927978516,521.5897216796875
2024-06-11,170.66000366210938,66.59002685546875,522.8457641601562
2024-06-12,177.2899932861328,66.8956527709961,527.139892578125
2024-06-13,182.47000122070312,67.1920394897461,528.2012939453125
2024-06-14,178.00999450683594,67.29393768310547,528.5225830078125
2024-06-17,187.44000244140625,67.04385375976562,532.7291870117188
2024-06-18,184.86000061035156,67.27539825439453,534.0825805664062
2024-06-20,181.57000732421875,67.14571380615234,532.6317749023438
2024-06-21,183.00999450683594,67.16425323486328,531.917724609375
2024-06-24,182.5800018310547,67.20130157470703,530.1886596679688
2024-06-25,187.35000610351562,67.23833465576172,532.230224609375
2024-06-26,196.3699951171875,66.92344665527344,532.8946533203125
2024-06-27,197.4199981689453,67.04385375976562,533.7347412109375
2024-06-28,197.8800048828125,66.72898864746094,531.6343994140625
2024-07-01,209.86000061035156,66.37686157226562,532.728515625
2024-07-02,231.25999450683594,66.57196807861328,536.3136596679688
2024-07-03,246.38999938964844,66.95284271240234,538.7069702148438
2024-07-05,251.52000427246094,67.2594223022461,541.8134155273438
2024-07-08,252.94000244140625,67.2594223022461,542.438720703125
2024-07-09,262.3299865722656,67.23155975341797,542.9661865234375
2024-07-10,263.260009765625,67.28726959228516,548.3388671875
2024-07-11,241.02999877929688,67.62175750732422,543.61083984375
2024-07-12,248.22999572753906,67.79824829101562,547.0396728515625
2024-07-15,252.63999938964844,67.58456420898438,548.5441284179688
2024-07-16,256.55999755859375,67.84469604492188,551.7969970703125
2024-07-17,248.5,67.90972900390625,544.0601806640625
2024-07-18,249.22999572753906,67.73320770263672,539.8792114257812
2024-07-19,239.1999969482422,67.55672454833984,536.2940063476562
2024-07-22,251.50999450683594,67.52881622314453,541.8232421875
2024-07-23,246.3800048828125,67.5381088256836,540.9732666015625
2024-07-24,215.99000549316406,67.34303283691406,528.7135620117188
2024-07-25,220.25,67.4916763305664,525.9586181640625
2024-07-26,219.8000030517578,67.76107788085938,531.8493041992188
2024-07-29,232.10000610351562,67.84469604492188,532.1619873046875
2024-07-30,222.6199951171875,67.92829132080078,529.4656982421875
2024-07-31,232.07000732421875,68.29988098144531,538.0719604492188
2024-08-01,216.86000061035156,68.55520629882812,530.452392578125
2024-08-02,207.6699981689453,69.33795928955078,520.5762939453125
2024-08-05,198.8800048828125,69.27273559570312,505.4150695800781
2024-08-06,200.63999938964844,68.84410095214844,510.07476806640625
2024-08-07,191.75999450683594,68.67634582519531,506.6654357910156
2024-08-08,198.83999633789062,68.57383728027344,518.3782958984375
2024-08-09,200.0,68.81613159179688,520.6641235351562
2024-08-12,197.49000549316406,68.9372787475586,520.9376831054688
2024-08-13,207.8300018310547,69.19820404052734,529.5048217773438
2024-08-14,201.3800048828125,69.32864379882812,531.1752319335938
2024-08-15,214.13999938964844,69.0397720336914,540.2797241210938
2024-08-16,216.1199951171875,69.18888092041016,541.4910278320312
2024-08-19,222.72000122070312,69.27273559570312,546.6685180664062
2024-08-20,221.10000610351562,69.47772979736328,545.779541015625
2024-08-21,223.27000427246094,69.6268310546875,547.6551513671875
2024-08-22,210.66000366210938,69.3472671508789,543.3568725585938
2024-08-23,220.32000732421875,69.65476989746094,549.1302490234375
2024-08-26,213.2100067138672,69.58025360107422,547.8211669921875
2024-08-27,209.2100067138672,69.58025360107422,548.5733642578125
2024-08-28,205.75,69.53363037109375,545.3887329101562
2024-08-29,206.27999877929688,69.43115234375,545.4375610351562
2024-08-30,214.11000061035156,69.2913589477539,550.6444091796875
2024-09-03,210.60000610351562,69.58672332763672,539.3126220703125
2024-09-04,219.41000366210938,69.8951644897461,538.2088012695312
2024-09-05,230.1699981689453,70.06340789794922,536.8997192382812
2024-09-06,210.72999572753906,70.14752197265625,527.8635864257812
2024-09-09,216.27000427246094,70.2409896850586,533.773681640625
2024-09-10,226.1699981689453,70.47466278076172,536.0986938476562
2024-09-11,228.1300048828125,70.43728637695312,541.5985107421875
2024-09-12,229.80999755859375,70.36251831054688,546.1605224609375
2024-09-13,230.2899932861328,70.51204681396484,549.012939453125
2024-09-16,226.77999877929688,70.69898223876953,549.8238525390625
2024-09-17,227.8699951171875,70.60553741455078,550.0484619140625
2024-09-18,227.1999969482422,70.3905258178711,548.4171142578125
2024-09-19,243.9199981689453,70.3905258178711,557.7755126953125
2024-09-20,238.25,70.38119506835938,556.8113403320312
2024-09-23,250.0,70.33444213867188,558.2027587890625
2024-09-24,254.27000427246094,70.41858673095703,559.7999267578125
2024-09-25,257.0199890136719,70.1568832397461,558.5652465820312
2024-09-26,254.22000122070312,70.1568832397461,560.77978515625
2024-09-27,260.4599914550781,70.36251831054688,559.9664916992188
2024-09-30,261.6300048828125,70.20360565185547,562.21044921875
2024-10-01,258.0199890136719,70.41077423095703,557.1738891601562
2024-10-02,249.02000427246094,70.27953338623047,557.4090576171875
2024-10-03,240.66000366210938,69.97018432617188,556.3899536132812
2024-10-04,250.0800018310547,69.5108413696289,561.4461059570312
2024-10-07,240.8300018310547,69.30461883544922,556.3703002929688
2024-10-08,244.5,69.40773010253906,561.63232421875
2024-10-09,241.0500030517578,69.22023010253906,565.5223999023438
2024-10-10,238.77000427246094,69.19210815429688,564.5327758789062
2024-10-11,217.8000030517578,69.20148468017578,567.9132690429688
2024-10-14,219.16000366210938,69.15460968017578,572.5579223632812
2024-10-15,219.57000732421875,69.42646789550781,568.109375
2024-10-16,221.3300018310547,69.52021026611328,570.5784912109375
2024-10-17,220.88999938964844,69.18274688720703,570.6275634765625
2024-10-18,220.6999969482422,69.22023010253906,572.822509765625
2024-10-21,218.85000610351562,68.75149536132812,571.8818359375
2024-10-22,217.97000122070312,68.77965545654297,571.5780639648438
2024-10-23,213.64999389648438,68.61091613769531,566.355224609375
2024-10-24,260.4800109863281,68.72340393066406,567.5801391601562
2024-10-25,269.19000244140625,68.58277130126953,567.3841552734375
2024-10-28,262.510009765625,68.49842071533203,569.1381225585938
2024-10-29,259.5199890136719,68.55465698242188,570.0592041015625
2024-10-30,257.54998779296875,68.4890365600586,568.3346557617188
2024-10-31,249.85000610351562,68.47965240478516,557.1934814453125
2024-11-01,248.97999572753906,68.21448516845703,559.545166015625
2024-11-04,242.83999633789062,68.48719787597656,558.3399658203125
2024-11-05,251.44000244140625,68.65644073486328,565.0912475585938
2024-11-06,288.5299987792969,68.09223175048828,579.1425170898438
2024-11-07,296.9100036621094,68.60002899169922,583.6204833984375
2024-11-08,321.2200012207031,68.73167419433594,586.148681640625
2024-11-11,350.0,68.60002899169922,586.7070922851562
2024-11-12,328.489990234375,68.18624877929688,584.8846435546875
2024-11-13,330.239990234375,68.1580581665039,585.1688232421875
2024-11-14,311.17999267578125,68.13924407958984,581.4061279296875
2024-11-15,320.7200012207031,68.1580581665039,573.9590454101562
2024-11-18,338.739990234375,68.22388458251953,576.310791015625
2024-11-19,346.0,68.34613037109375,578.41748046875
2024-11-20,342.0299987792969,68.27090454101562,578.6134643554688
2024-11-21,339.6400146484375,68.2332992553711,581.7196044921875
2024-11-22,352.55999755859375,68.26148986816406,583.5226440429688
2024-11-25,338.5899963378906,68.89155578613281,585.501953125
2024-11-26,338.2300109863281,68.76930236816406,588.5592041015625
2024-11-27,332.8900146484375,68.95736694335938,586.7757568359375
2024-11-29,345.1600036621094,69.21127319335938,590.4208984375
2024-12-02,357.0899963378906,69.25183868408203,591.4791870117188
2024-12-03,351.4200134277344,69.09149169921875,591.7534790039062
2024-12-04,357.92999267578125,69.32727813720703,595.427978515625
2024-12-05,369.489990234375,69.33671569824219,594.4481201171875
2024-12-06,389.2200012207031,69.5253677368164,595.5750122070312
2024-12-09,389.7900085449219,69.31785583496094,592.5079956054688
2024-12-10,400.989990234375,69.2424087524414,590.665771484375
2024-12-11,424.7699890136719,69.09149169921875,595.2320556640625
2024-12-12,418.1000061035156,68.81793212890625,592.1651000976562
2024-12-13,436.2300109863281,68.54440307617188,592.047607421875
2024-12-16,463.0199890136719,68.61988067626953,594.5755004882812
2024-12-17,479.8599853515625,68.62930297851562,592.1258544921875
2024-12-18,440.1300048828125,68.09165954589844,574.4784545898438
2024-12-19,436.1700134277344,67.90301513671875,574.3020629882812
2024-12-20,421.05999755859375,68.11052703857422,581.199951171875
2024-12-23,430.6000061035156,67.89359283447266,584.6802978515625
2024-12-24,462.2799987792969,67.99104309082031,591.1790161132812
2024-12-26,454.1300048828125,68.03836059570312,591.2184448242188
2024-12-27,431.6600036621094,67.89643096923828,584.9949951171875
2024-12-30,417.4100036621094,68.161376953125,578.3192138671875
2024-12-31,403.8399963378906,68.04782104492188,576.21533203125
2025-01-02,379.2799987792969,68.07622528076172,574.7994995117188
2025-01-03,410.44000244140625,67.99104309082031,581.9865112304688
2025-01-06,411.04998779296875,67.9248046875,585.3389892578125
2025-01-07,394.3599853515625,67.68821716308594,578.7222900390625
2025-01-08,394.94000244140625,67.76394653320312,579.5678100585938
2025-01-10,394.739990234375,67.41380310058594,570.7192993164062
2025-01-13,403.30999755859375,67.34756469726562,571.604248046875
2025-01-14,396.3599853515625,67.3948745727539,572.3907470703125
2025-01-15,428.2200012207031,67.93427276611328,582.802490234375
2025-01-16,413.82000732421875,68.06674194335938,581.6817016601562
2025-01-17,426.5,68.08567810058594,587.521728515625
2025-01-21,424.07000732421875,68.28439331054688,592.8995971679688
2025-01-22,415.1099853515625,68.14244842529297,596.2326049804688
2025-01-23,412.3800048828125,68.03836059570312,599.48681640625
2025-01-24,406.5799865722656,68.17083740234375,597.73681640625
2025-01-27,397.1499938964844,68.53043365478516,589.2815551757812
2025-01-28,398.0899963378906,68.49258422851562,594.3449096679688
2025-01-29,389.1000061035156,68.45471954345703,591.6805419921875
2025-01-30,400.2799987792969,68.54935455322266,594.8560791015625
2025-01-31,404.6000061035156,68.45471954345703,591.6903686523438
2025-02-03,383.67999267578125,68.51644134521484,587.7085571289062
2025-02-04,392.2099914550781,68.61138153076172,591.6510620117188
2025-02-05,378.1700134277344,68.96265411376953,594.0499267578125
2025-02-06,374.32000732421875,68.8866958618164,596.1146850585938
2025-02-07,361.6199951171875,68.67782592773438,590.6580810546875
2025-02-10,350.7300109863281,68.69682312011719,594.6693725585938
2025-02-11,328.5,68.58290100097656,595.12158203125
2025-02-12,336.510009765625,68.23162841796875,593.2044067382812
2025-02-13,355.94000244140625,68.63986206054688,599.4671630859375
2025-02-14,355.8399963378906,68.85823059082031,599.4378051757812
2025-02-18,354.1099853515625,68.60187530517578,601.1976318359375
2025-02-19,360.55999755859375,68.69682312011719,602.6133422851562
2025-02-20,354.3999938964844,68.78226470947266,600.1063232421875
2025-02-21,337.79998779296875,69.08606719970703,589.8419799804688
2025-02-24,330.5299987792969,69.1810302734375,587.157958984375
2025-02-25,302.79998779296875,69.61770629882812,584.2379150390625
2025-02-26,290.79998779296875,69.7221450805664,584.5328979492188
2025-02-27,281.95001220703125,69.63670349121094,575.2025146484375
2025-02-28,292.9800109863281,69.93101501464844,584.178955078125
2025-03-03,284.6499938964844,70.09193420410156,573.9441528320312
2025-03-04,272.0400085449219,69.8919677734375,567.1505126953125
2025-03-05,279.1000061035156,69.6443862915039,573.2461547851562
2025-03-06,263.45001220703125,69.58727264404297,563.0703125
2025-03-07,262.6700134277344,69.51109313964844,566.226318359375
2025-03-10,222.14999389648438,69.8348388671875,551.1444702148438
2025-03-11,230.5800018310547,69.5682144165039,546.56298828125
2025-03-12,248.08999633789062,69.4253921508789,549.4631958007812
2025-03-13,240.67999267578125,69.6348876953125,542.1386108398438
2025-03-14,249.97999572753906,69.4634780883789,553.3369750976562
2025-03-17,238.00999450683594,69.55870819091797,557.6039428710938
2025-03-18,225.30999755859375,69.6348876953125,551.5770874023438
2025-03-19,235.86000061035156,69.84435272216797,557.5842895507812
2025-03-20,236.25999450683594,69.87293243408203,555.9718627929688
2025-03-21,248.7100067138672,69.81578826904297,556.1552734375
2025-03-24,278.3900146484375,69.51109313964844,566.1151123046875
2025-03-25,288.1400146484375,69.59678649902344,567.4760131835938
2025-03-26,272.05999755859375,69.44444274902344,560.7013549804688
2025-03-27,273.1300048828125,69.41587829589844,559.2122192382812
2025-03-28,263.54998779296875,69.81578826904297,547.95068359375
2025-03-31,259.1600036621094,69.9395980834961,551.6289672851562
2025-04-01,268.4599914550781,70.15931701660156,553.1870727539062
2025-04-02,282.760009765625,70.10198974609375,556.6878051757812
2025-04-03,267.2799987792969,70.46501922607422,529.2538452148438
2025-04-04,239.42999267578125,70.52233123779297,498.2696838378906
2025-04-07,233.2899932861328,69.6720962524414,497.38214111328125
2025-04-08,221.86000061035156,69.2708511352539,489.591796875
2025-04-09,272.20001220703125,69.4332504272461,541.0084228515625
2025-04-10,252.39999389648438,68.8791732788086,517.3019409179688
2025-04-11,252.30999755859375,68.802734375,526.5321044921875
2025-04-14,252.35000610351562,69.1944351196289,531.6401977539062
2025-04-15,254.11000061035156,69.36637878417969,530.1510620117188
2025-04-16,241.5500030517578,69.55745697021484,518.3668823242188
2025-04-17,241.3699951171875,69.40460205078125,519.1065063476562
2025-04-21,227.5,69.02246856689453,506.7503356933594
2025-04-22,237.97000122070312,69.14666748046875,519.9349365234375
2025-04-23,250.74000549316406,69.28996276855469,527.991455078125
2025-04-24,259.510009765625,69.68164825439453,539.1051635742188
2025-04-25,284.95001220703125,69.91091918945312,543.0003662109375
2025-04-28,285.8800048828125,70.0828857421875,543.2074584960938
2025-04-29,292.0299987792969,70.26438903808594,546.6292724609375
2025-04-30,282.1600036621094,70.21661376953125,546.84619140625
2025-05-01,280.5199890136719,70.02110290527344,550.7217407226562
2025-05-02,287.2099914550781,69.67608642578125,558.896728515625
2025-05-05,280.260009765625,69.58024597167969,555.6918334960938
2025-05-06,275.3500061035156,69.73360443115234,551.047119140625
2025-05-07,276.2200012207031,69.8677749633789,553.3645629882812
2025-05-08,284.82000732421875,69.49398803710938,557.2202758789062
2025-05-09,298.260009765625,69.5514907836914,556.5103149414062
2025-05-12,318.3800048828125,69.3118896484375,574.9015502929688
2025-05-13,334.07000732421875,69.28314208984375,578.6980590820312
2025-05-14,347.67999267578125,69.04354095458984,579.4376831054688
2025-05-15,342.82000732421875,69.41732788085938,582.2678833007812
2025-05-16,349.9800109863281,69.46524047851562,585.9559936523438
2025-05-19,342.0899963378906,69.44606018066406,586.5970458984375
2025-05-20,343.82000732421875,69.32147979736328,584.6246948242188
2025-05-21,334.6199951171875,68.89019775390625,574.7733154296875
2025-05-22,341.0400085449219,69.0818862915039,575.0001831054688
2025-05-23,339.3399963378906,69.18730926513672,571.0753784179688
2025-05-27,362.8900146484375,69.5131607055664,582.9483032226562
2025-05-28,356.8999938964844,69.35981750488281,579.5757446289062
2025-05-29,358.42999267578125,69.60900115966797,581.8635864257812
2025-05-30,346.4599914550781,69.74317169189453,581.2128295898438
2025-06-02,342.69000244140625,69.58932495117188,584.4867553710938
2025-06-03,344.2699890136719,69.51240539550781,587.8197631835938
2025-06-04,332.04998779296875,69.94511413574219,587.6620483398438
2025-06-05,284.70001220703125,69.81048583984375,584.8218994140625
2025-06-06,295.1400146484375,69.43547821044922,590.8274536132812
2025-06-09,308.5799865722656,69.54124450683594,591.3599853515625
2025-06-10,326.0899963378906,69.67585754394531,594.712890625
2025-06-11,326.42999267578125,69.89704132080078,593.0166625976562
2025-06-12,319.1099853515625,70.1566390991211,595.3734130859375
2025-06-13,325.30999755859375,69.9066390991211,588.7171630859375
2025-06-16,329.1300048828125,69.77202606201172,594.318359375
2025-06-17,316.3500061035156,69.9931869506836,589.2398681640625
2025-06-18,322.04998779296875,70.03164672851562,589.1510009765625
2025-06-20,322.1600036621094,70.07972717285156,587.767333984375
2025-06-23,348.67999267578125,70.25281524658203,593.5730590820312
2025-06-24,340.4700012207031,70.46435546875,600.13037109375
2025-06-25,327.54998779296875,70.48358917236328,600.4666748046875
2025-06-26,325.7799987792969,70.6855239868164,605.1646118164062
2025-06-27,323.6300048828125,70.52204895019531,608.1712646484375
2025-06-30,317.6600036621094,70.80091094970703,611.0790405273438
2025-07-01,300.7099914550781,70.7478256225586,610.8812866210938
2025-07-02,315.6499938964844,70.67069244384766,613.6505737304688
2025-07-03,315.3500061035156,70.49705505371094,618.4869995117188
2025-07-07,293.94000244140625,70.2655258178711,613.8780517578125
2025-07-08,297.80999755859375,70.22693634033203,613.5418090820312
2025-07-09,295.8800048828125,70.50668334960938,617.2210083007812
2025-07-10,309.8699951171875,70.51634216308594,618.9617919921875
2025-07-11,313.510009765625,70.22693634033203,616.7858276367188
2025-07-14,316.8999938964844,70.21730041503906,617.9627075195312
2025-07-15,310.7799987792969,70.00506591796875,615.322021484375
2025-07-16,321.6700134277344,70.14012145996094,617.3792114257812
2025-07-17,319.4100036621094,70.15941619873047,621.1573486328125
2025-07-18,329.6499938964844,70.2751693725586,620.7024536132812
2025-07-21,328.489990234375,70.47774505615234,621.87939453125
2025-07-22,332.1099853515625,70.593505859375,621.9684448242188
2025-07-23,332.55999755859375,70.44882202148438,627.2598266601562
2025-07-24,305.29998779296875,70.36199188232422,627.4674682617188
2025-07-25,316.05999755859375,70.53564453125,630.1181030273438
2025-07-28,325.5899963378906,70.41986846923828,629.9598999023438
2025-07-29,321.20001220703125,70.78644561767578,628.2982788085938
2025-07-30,319.0400085449219,70.6031723022461,627.5070190429688
2025-07-31,308.2699890136719,70.61280059814453,625.1531982421875
2025-08-01,302.6300048828125,71.22447967529297,614.9065551757812
2025-08-04,309.260009765625,71.27287292480469,624.2530517578125
2025-08-05,308.7200012207031,71.30191040039062,621.0880737304688
2025-08-06,319.9100036621094,71.24385833740234,625.8455200195312
2025-08-07,322.2699890136719,71.21481323242188,625.3212280273438
2025-08-08,329.6499938964844,71.05995178222656,630.1972045898438
2025-08-11,339.0299987792969,71.10835266113281,628.9510498046875
2025-08-12,340.8399963378906,71.1180419921875,635.6469116210938
2025-08-13,339.3800048828125,71.37934112548828,637.8228149414062
2025-08-14,335.5799865722656,71.17610168457031,637.882080078125
2025-08-15,330.55999755859375,71.07930755615234,636.388671875
2025-08-18,335.1600036621094,71.00188446044922,636.2501220703125
2025-08-19,329.30999755859375,71.13739013671875,632.79833984375
2025-08-20,323.8999938964844,71.18578338623047,631.1170043945312
2025-08-21,320.1099853515625,71.01155853271484,628.5850830078125
2025-08-22,340.010009765625,71.3696517944336,638.2381591796875
2025-08-25,346.6000061035156,71.27287292480469,635.42919921875
2025-08-26,351.6700134277344,71.3600082397461,638.0897827148438
2025-08-27,349.6000061035156,71.42774200439453,639.543701171875
2025-08-28,345.9800109863281,71.51484680175781,641.8085327148438
2025-08-29,333.8699951171875,71.42774200439453,637.9810180664062
2025-09-02,329.3599853515625,71.2752914428711,633.2533569335938
2025-09-03,334.0899963378906,71.5083236694336,636.6853637695312
2025-09-04,338.5299987792969,71.78023529052734,642.00634765625
2025-09-05,350.8399963378906,72.12010192871094,640.14697265625
2025-09-08,346.3999938964844,72.35315704345703,641.7195434570312
2025-09-09,346.9700012207031,72.21720886230469,643.203125
2025-09-10,347.7900085449219,72.34345245361328,645.0625610351562
2025-09-11,368.80999755859375,72.49880981445312,650.4231567382812
2025-09-12,395.94000244140625,72.41143035888672,650.2055053710938
2025-09-15,410.0400085449219,72.54736328125,653.6671752929688
2025-09-16,421.6199951171875,72.55708312988281,652.7671508789062
2025-09-17,425.8599853515625,72.43081665039062,651.9561157226562
2025-09-18,416.8500061035156,72.24635314941406,655.0023803710938
2025-09-19,426.07000732421875,72.27546691894531,658.2465209960938
2025-09-22,434.2099914550781,72.1395263671875,661.3606567382812
2025-09-23,425.8500061035156,72.28518676757812,657.7606201171875
2025-09-24,442.7900085449219,72.1395263671875,655.6677856445312
2025-09-25,423.3900146484375,72.06183624267578,652.6429443359375
2025-09-26,440.3999938964844,72.06183624267578,656.3819580078125
2025-09-29,443.2099914550781,72.24635314941406,658.2266845703125
2025-09-30,444.7200012207031,72.21720886230469,660.7061157226562
2025-10-01,459.4599914550781,72.39936828613281,662.95751953125
2025-10-02,436.0,72.4773178100586,663.7210693359375
2025-10-03,429.8299865722656,72.38961791992188,663.7112426757812
2025-10-06,453.25,72.2240219116211,666.0914916992188
2025-10-07,433.0899963378906,72.36039733886719,663.6219482421875
2025-10-08,438.69000244140625,72.36039733886719,667.5791625976562
2025-10-09,435.5400085449219,72.31171417236328,665.6452026367188
2025-10-10,413.489990234375,72.59420013427734,647.6542358398438
2025-10-13,435.8999938964844,72.71111297607422,657.5919189453125
2025-10-14,429.239990234375,72.8182601928711,656.78857421875
2025-10-15,435.1499938964844,72.7695541381836,659.7044067382812
2025-10-16,428.75,73.04232025146484,655.2117309570312
2025-10-17,439.30999755859375,72.94489288330078,658.9308471679688
2025-10-20,447.42999267578125,73.04232025146484,665.7840576171875
2025-10-21,442.6000061035156,73.12998962402344,665.7741088867188
2025-10-22,438.9700012207031,73.12998962402344,662.3128051757812
2025-10-23,448.9800109863281,72.98387145996094,666.2402954101562
2025-10-24,433.7200012207031,73.08128356933594,671.6851806640625
2025-10-27,452.4200134277344,73.12024688720703,679.6094970703125
2025-10-28,460.54998779296875,73.15921783447266,681.41455078125
2025-10-29,461.510009765625,72.79878234863281,681.7418823242188
2025-10-30,440.1000061035156,72.6721420288086,674.2439575195312
2025-10-31,456.55999755859375,72.65265655517578,676.4556274414062
2025-11-03,468.3699951171875,72.56859588623047,677.7251586914062
2025-11-04,444.260009765625,72.60769653320312,669.6917114257812
2025-11-05,462.07000732421875,72.40245819091797,672.0125122070312
2025-11-06,445.9100036621094,72.6858901977539,664.8021850585938
2025-11-07,429.5199890136719,72.64678955078125,665.4567260742188
2025-11-10,445.2300109863281,72.62724304199219,675.8407592773438
2025-11-11,439.6199951171875,72.83248138427734,677.3878784179688
2025-11-12,430.6000061035156,72.80316925048828,677.7647705078125
2025-11-13,401.989990234375,72.58814239501953,666.5179443359375
2025-11-14,404.3500061035156,72.48063659667969,666.408935546875
2025-11-17,408.9200134277344,72.51973724365234,660.2002563476562
2025-11-18,401.25,72.57836151123047,654.65625
2025-11-19,403.989990234375,72.54905700683594,657.185302734375
2025-11-20,395.2300109863281,72.65656280517578,647.1683349609375
2025-11-21,391.0899963378906,72.83248138427734,653.6148681640625
2025-11-24,417.7799987792969,72.95954132080078,663.2351684570312
2025-11-25,419.3999938964844,73.12570190429688,669.4734497070312
2025-11-26,426.5799865722656,73.2038803100586,674.09521484375
2025-11-28,430.1700134277344,73.08660125732422,677.7747192382812
2025-12-01,430.1400146484375,72.80128479003906,674.6803588867188
2025-12-02,429.239990234375,72.86990356445312,675.9300537109375
2025-12-03,446.739990234375,72.97776794433594,678.2706298828125
2025-12-04,454.5299987792969,72.84049987792969,678.7665405273438
2025-12-05,455.0,72.75225067138672,680.0557861328125
2025-12-08,439.5799865722656,72.64440155029297,678.0127563476562
2025-12-09,445.1700134277344,72.59539031982422,677.4275512695312
2025-12-10,451.45001220703125,72.81108093261719,681.92041015625
2025-12-11,446.8900146484375,72.81108093261719,683.5072021484375
2025-12-12,458.9599914550781,72.58556365966797,676.1580810546875
2025-12-15,475.30999755859375,72.67381286621094,675.1365356445312
2025-12-16,489.8800048828125,72.81108093261719,673.2918701171875
2025-12-17,467.260009765625,72.79146575927734,665.8832397460938
2025-12-18,483.3699951171875,72.94593048095703,670.9114990234375
2025-12-19,481.20001220703125,72.83772277832031,676.9923095703125
2025-12-22,488.7300109863281,72.81803131103516,681.2098388671875
2025-12-23,485.55999755859375,72.80821228027344,684.3233032226562
2025-12-24,485.3999938964844,72.98528289794922,686.7305297851562
2025-12-26,475.19000244140625,72.98528289794922,686.660888671875
2025-12-29,459.6400146484375,73.09349060058594,684.2138671875
2025-12-30,454.42999267578125,73.06397247314453,683.3782958984375
2025-12-31,449.7200012207031,72.86722564697266,678.3152465820312
2026-01-02,438.07000732421875,72.83772277832031,679.55859375
2026-01-05,451.6700134277344,72.9754409790039,684.0845947265625
2026-01-06,432.9599914550781,72.9754409790039,688.1529541015625
2026-01-07,431.4100036621094,73.05413818359375,685.9347534179688
2026-01-08,435.79998779296875,72.92625427246094,685.8651123046875
2026-01-09,445.010009765625,73.08364868164062,690.4010009765625
2026-01-12,448.9599914550781,73.0147933959961,691.4852294921875
2026-01-13,447.20001220703125,73.07381439208984,690.1026000976562
2026-01-14,439.20001220703125,73.22138214111328,686.7105712890625
2026-01-15,438.57000732421875,73.11315155029297,688.5806884765625
2026-01-16,437.5,72.99510192871094,688.0037231445312
2026-01-20,419.25,72.7294921875,673.9981689453125
2026-01-21,431.44000244140625,72.93608093261719,681.77685546875
2026-01-22,449.3599853515625,72.96559143066406,685.3379516601562
2026-01-23,449.05999755859375,73.0443115234375,685.5865478515625
2026-01-26,435.20001220703125,73.13284301757812,689.068115234375
2026-01-27,430.8999938964844,73.07381439208984,691.8134765625
2026-01-28,431.4599914550781,73.0443115234375,691.7438354492188
2026-01-29,416.55999755859375,73.05413818359375,690.3711547851562
2026-01-30,430.4100036621094,73.02462005615234,688.3121337890625
2026-02-02,421.80999755859375,72.95060729980469,691.73388671875
2026-02-03,421.9599914550781,72.9703369140625,685.885009765625
2026-02-04,406.010009765625,72.94072723388672,682.5626831054688
2026-02-05,397.2099914550781,73.25657653808594,674.0379638671875
2026-02-06,411.1099853515625,73.26644897460938,686.96923828125
2026-02-09,417.32000732421875,73.28617858886719,690.2816162109375
2026-02-10,425.2099914550781,73.50334167480469,688.4613037109375
2026-02-11,428.2699890136719,73.35527801513672,688.3021850585938
2026-02-12,417.07000732421875,73.69086456298828,677.668701171875
2026-02-13,417.44000244140625,73.90800476074219,678.1461181640625
2026-02-17,410.6300048828125,73.89813995361328,679.2402954101562
2026-02-18,411.32000732421875,73.81918334960938,682.662109375
2026-02-19,411.7099914550781,73.84879302978516,680.8616943359375
2026-02-20,411.82000732421875,73.83891296386719,685.7855834960938
2026-02-23,399.8299865722656,73.99684143066406,678.7827758789062
2026-02-24,409.3800048828125,73.95735931396484,683.7164916992188
2026-02-25,417.3999938964844,73.9376220703125,689.4859008789062
2026-02-26,408.5799865722656,74.04618835449219,685.6561889648438
2026-02-27,402.510009765625,74.19424438476562,682.3637084960938
2026-03-02,403.32000732421875,73.89525604248047,682.7516479492188
2026-03-03,392.42999267578125,73.81605529785156,676.7337036132812
2026-03-04,405.94000244140625,73.76655578613281,681.50830078125
2026-03-05,405.54998779296875,73.59823608398438,677.7084350585938
2026-03-06,396.7300109863281,73.4992446899414,668.8256225585938
2026-03-09,398.67999267578125,73.70714569091797,674.6845092773438
2026-03-10,399.239990234375,73.47944641113281,673.6002807617188
2026-03-11,407.82000732421875,73.15274047851562,672.7548217773438
2026-03-12,395.010009765625,72.88543701171875,662.5390625
2026-03-13,391.20001220703125,72.81613159179688,658.7890014648438
2026-03-16,395.55999755859375,73.09333801269531,665.493408203125
2026-03-17,399.2699890136719,73.24185180664062,667.2440185546875
2026-03-18,392.7799987792969,72.94483184814453,657.9335327148438
2026-03-19,380.29998779296875,73.02404022216797,656.3121337890625
2026-03-20,367.9599914550781,72.4399185180664,646.9034423828125
2026-03-23,380.8500061035156,72.71712493896484,653.6959228515625
2026-03-24,383.0299987792969,72.52902221679688,651.5015869140625
2026-03-25,385.95001220703125,72.80622863769531,655.1322021484375
2026-03-26,372.1099853515625,72.38052368164062,643.432373046875
2026-03-27,361.8299865722656,72.38052368164062,632.4606323242188
2026-03-30,355.2799987792969,72.74683380126953,630.3460693359375
2026-03-31,371.75,72.90522766113281,648.6688842773438
2026-04-01,381.260009765625,72.9350357055664,653.5562744140625
2026-04-02,360.5899963378906,73.09397888183594,654.144775390625
2026-04-06,352.82000732421875,72.98470306396484,657.23681640625
2026-04-07,346.6499938964844,73.09397888183594,657.5260009765625
2026-04-08,343.25,73.2330551147461,674.27294921875
2026-04-09,345.6199951171875,73.26285552978516,678.162841796875
2026-04-10,348.95001220703125,73.15357971191406,677.7140502929688
2026-04-13,352.4200134277344,73.31253051757812,684.3369750976562
2026-04-14,364.20001220703125,73.49134063720703,692.675537109375
2026-04-15,391.95001220703125,73.39199829101562,698.1414184570312
2026-04-16,388.8999938964844,73.28272247314453,699.8569946289062
2026-04-17,400.6199951171875,73.57080078125,708.3152465820312
2026-04-20,392.5,73.5211410522461,706.8988037109375
2026-04-21,386.4200134277344,73.29265594482422,702.2708129882812
2026-04-22,387.510009765625,73.37212371826172,709.3825073242188
2026-04-23,373.7200012207031,73.24298858642578,706.6295776367188
2026-04-24,376.29998779296875,73.37212371826172,712.10546875
2026-04-27,378.6700134277344,73.25292205810547,713.332275390625
2026-04-28,376.0199890136719,73.2330551147461,709.8612060546875
2026-04-29,372.79998779296875,72.90522766113281,709.7515258789062
2026-04-30,381.6300048828125,73.0145034790039,716.8132934570312
2026-05-01,390.82000732421875,73.11616516113281,718.7982177734375
2026-05-04,392.510009765625,72.86699676513672,716.1649780273438
2026-05-05,389.3699951171875,72.99656677246094,721.9102172851562
2026-05-06,398.7300109863281,73.30553436279297,731.9443359375
2026-05-07,411.7900085449219,73.11616516113281,729.7001342773438
2026-05-08,428.3500061035156,73.30553436279297,735.724609375
2026-05-11,445.0,73.12613677978516,737.4002685546875
2026-05-12,433.45001220703125,72.90686798095703,736.2831420898438
2026-05-13,445.2699890136719,72.936767578125,740.4025268554688
2026-05-14,443.29998779296875,72.91683197021484,746.2474975585938
2026-05-15,422.239990234375,72.49822235107422,737.2706298828125
2026-05-18,409.989990234375,72.44839477539062,736.751953125
2026-05-19,404.1099853515625,72.20919036865234,731.8446044921875
2026-05-20,417.260009765625,72.60785675048828,739.3452758789062
2026-05-21,417.8500061035156,72.6875991821289,740.8114624023438
2026-05-22,426.010009765625,72.75736236572266,743.7239990234375
2026-05-26,433.5899963378906,72.96666717529297,748.6613159179688
2026-05-27,440.3599853515625,73.03643035888672,748.5316162109375
2026-05-28,442.1000061035156,73.17596435546875,752.6609497070312
2026-05-29,435.7900085449219,73.21583557128906,754.5361328125
2026-06-01,415.8800048828125,72.936767578125,756.5908203125
2026-06-02,423.739990234375,72.95669555664062,757.6182250976562
2026-06-03,423.70001220703125,72.8171615600586,752.3018798828125
2026-06-04,418.45001220703125,72.91683197021484,755.1445922851562
2026-06-05,391.0,72.58792877197266,735.65478515625
2026-06-08,408.95001220703125,72.5679931640625,737.3204345703125
2026-06-09,396.67999267578125,72.72746276855469,735.1560668945312
2026-06-10,381.5899963378906,72.66766357421875,723.56591796875
2026-06-11,399.1499938964844,73.08626556396484,735.8642578125
2026-06-12,406.42999267578125,72.99656677246094,739.843994140625
2026-06-15,411.1499938964844,73.05636596679688,752.890380859375
2026-06-16,404.6600036621094,73.16600036621094,748.4019775390625
2026-06-17,396.3800048828125,72.89689636230469,739.0560302734375
2026-06-18,400.489990234375,73.09622955322266,746.739990234375
2026-06-22,405.04998779296875,72.89689636230469,744.3900146484375
2026-06-23,381.6099853515625,72.97663116455078,733.5800170898438
2026-06-24,375.5299987792969,73.30553436279297,733.239990234375
2026-06-25,375.1199951171875,73.3553695678711,734.2999877929688
2026-06-26,379.7099914550781,73.42513275146484,728.989990234375
2026-06-29,411.8399963378906,73.46500396728516,741.0
