Date,TSLA,BND,SPY
2015-01-05,-0.04204102817052724,0.0029043017545635763,-0.018058913420410883
2015-01-06,0.005664237314159992,0.002894674666842567,-0.009419559698313984
2015-01-07,-0.0015619306272327549,0.0006019843072926356,0.01246134430793977
2015-01-08,-0.0015643062581811584,-0.0015624692935990447,0.017744993615184335
2015-01-09,-0.018801629106854012,0.0016855038362386665,-0.00801302410241278
2015-01-12,-0.021532914950603166,0.0013220185760134395,-0.00783382880564798
2015-01-13,0.010088497728839352,0.0009609284651133088,-0.0028129000335728183
2015-01-14,-0.05659733676235856,0.002278311471587635,-0.006037123896697416
2015-01-15,-0.004255528597720826,0.0044276961830322925,-0.009160903069388548
2015-01-16,0.006254228739435819,-0.002978218469835703,0.013114572721035334
2015-01-20,-0.00590461088227523,-0.0010761806532524343,0.002132486837326697
2015-01-21,0.024175518017267583,-0.001913437217610836,0.0050482564275469155
2015-01-22,0.02569055090301542,0.00024005162827389626,0.014870762602207543
2015-01-23,-0.0016366947705445112,0.0032355314258620815,-0.0054826004138055495
2015-01-26,0.02613147671721605,-0.0011947055679567553,0.002341614542415771
2015-01-27,-0.0027596300325537504,0.0005978134497111043,-0.013190555978400909
2015-01-28,-0.03209052877530916,0.003584864542326871,-0.01282418665694518
2015-01-29,0.02924214605280495,-0.0010722750140520487,0.00924370081418302
2015-01-30,-0.007797333058199185,0.00548442437774721,-0.012575031236150447
2015-02-02,0.0360511389604945,-0.0011882524025538244,0.012383873401226042
2015-02-03,0.0351758385028933,-0.0030919347572914146,0.014461258627457951
2015-02-04,0.0008701251992371262,0.0003572800486011385,-0.0038078321725746322
2015-02-05,0.011164535201252157,-0.00214632574842355,0.010095052731634357
2015-02-06,-0.016426056915829212,-0.006454346409591749,-0.002765097555434415
2015-02-09,0.0005520394593698796,-0.0003603732411654459,-0.004475894212738196
2015-02-10,-0.005471765552931385,-0.0018057026933779863,0.010652991444349835
2015-02-11,-0.016135698387415576,0.0,0.0005804187715183762
2015-02-12,-0.04661658846022321,0.00048286003323072535,0.009616793206630003
2015-02-13,0.004386864226918918,-0.002290148684471305,0.004116418377360986
2015-02-17,0.0028462803614237586,-0.003984703181800664,0.0015729811104896463
2015-02-18,0.0005383231478952588,0.0027888457217841722,9.530502311094757e-05
2015-02-19,0.035459277020091884,-0.0008467583265528988,-0.0007139283545072317
2015-02-20,0.025506564298148016,0.00024133930042880003,0.006000543680505954
2015-02-23,-0.04500019733692018,0.0020575219197283,-0.00014175555465778533
2015-02-24,-0.015578320500655551,0.004105379311262203,0.0028405858299389575
2015-02-25,-0.001714777553045277,0.0009625803803661181,-0.0008498142557562538
2015-02-26,0.016833573717678796,-0.0027630472103550296,-0.0011813596564542728
2015-02-27,-0.0185820116516362,0.0008426387187450146,-0.0034061721314190274
2015-03-02,-0.02955644716492234,-0.0032319858150918757,0.006313695431366062
2015-03-03,0.011300918070464405,-0.001210256053390979,-0.0041041215408346154
2015-03-04,0.014431779204036044,0.0,-0.004215358847559303
2015-03-05,-0.008940979178158281,0.0006058612739698876,0.0010938001268308017
2015-03-06,-0.03364400833280279,-0.00581162012990899,-0.014064744396866335
2015-03-09,-0.015473474370690798,0.0012181321771580489,0.004144856862756896
2015-03-10,-0.0029337926038629503,0.0038920202590282393,-0.01622196605916304
2015-03-11,0.017969786081706296,0.00109063106350904,-0.0023417711594366786
2015-03-12,-0.013781390917263936,0.0007261246535312793,0.0127139087345014
2015-03-13,-0.012508496633278132,-0.0009676981129662643,-0.006132067393424978
2015-03-16,0.037205883869277256,0.0019362470594423975,0.013360506616352685
2015-03-17,-0.00495657224609003,0.00084624544209011,-0.0029725846288573
2015-03-18,0.030709164308927006,0.006157116943360297,0.012021635123587338
2015-03-19,-0.025210528438961433,-0.0030003554229139917,-0.004561590912980917
2015-03-20,0.012420115455768377,0.0026481846967125744,0.008826746530393947
2015-03-23,0.007825204316233458,0.0004801587467755386,-0.001948153711591627
2015-03-24,0.010469325694766773,0.001678924666348891,-0.005619241951868803
2015-03-25,-0.036783689389238594,-0.0015575325043586385,-0.014653839599423457
2015-03-26,-0.020020535165919506,-0.003238243612680214,-0.0023816065538780906
2015-03-27,-0.028412417028683246,0.0009632422752798853,0.0022896358944954898
2015-03-30,0.030108169094502424,0.001201781992933304,0.012200241062160888
2015-03-31,-0.009445338842494988,0.00108024202550272,-0.008739502714762648
2015-04-01,-0.0062510704017435526,0.0039797360898035095,-0.0035364931148588186
2015-04-02,0.018177920738268627,-0.001317257116627335,0.0035976809262918685
2015-04-06,0.06335084074758979,0.0008390669787681215,0.006733229264131335
2015-04-07,0.0007385693434276419,0.0005998330602607904,-0.002646271659408339
2015-04-08,0.02174665976455148,-0.0007185724940754756,0.0033767489730189837
2015-04-09,0.011653015949509848,-0.002156951663352724,0.004423660922282968
2015-04-10,0.0038555516327911654,-0.0004798590910276568,0.005456825107452268
2015-04-13,-0.005310595640134919,0.0002396328839424644,-0.004522733182908301
2015-04-14,-0.011059221524362783,0.001801947098669432,0.0019129558893429266
2015-04-15,0.0017834849910411954,0.0009595501097934278,0.004487113364729289
2015-04-16,-0.005437155028403029,-0.00024055776045783794,-0.00028491079233339267
2015-04-17,0.0004354513000803806,0.0016774853137893064,-0.011503710403379053
2015-04-20,-0.007350472676152187,-0.0010758475350884922,0.009137171929566312
2015-04-21,0.02016856020521529,-0.0011977471214632551,-0.0011914313345126049
2015-04-22,0.04789641514821552,-0.0037162863614901287,0.004913727675144086
2015-04-23,-0.0038279091473925053,0.0019250762970530744,0.002516709083308033
2015-04-24,-0.0007776197845633659,0.001561297357664193,0.0023201783401944898
2015-04-27,0.060065042656655576,-0.0007192906102283514,-0.004157790630868519
2015-04-28,-0.004621129472000773,-0.0031193383281561404,0.0031792218707009656
2015-04-29,0.00854744301337429,-0.0031294799474205215,-0.004114950010881024
2015-04-30,-0.027532837607318394,0.001086363856937389,-0.010020356701676336
2015-05-01,-8.840630703377261e-05,-0.003033543277403572,0.010841670812358206
2015-05-04,0.01982033262823535,-0.0014544849885280708,0.0028471929363991233
2015-05-05,0.010585201507501196,-0.001577247053069497,-0.011451907324045996
2015-05-06,-0.01081772507834955,-0.00279620724471763,-0.004117092846139592
2015-05-07,0.027643952080381284,0.0020724539289596056,0.003989579410584199
2015-05-08,-0.000802367109835278,0.002675853342562151,0.013166186375678679
2015-05-11,0.012171892568897835,-0.005217527612059847,-0.004772621328241411
2015-05-12,0.021921607801995036,-0.001219255739019709,-0.0029911021391436643
2015-05-13,-0.006374116918974937,-0.0004890562808179677,0.00019031834048721663
2015-05-14,0.0037831669775971744,0.001955252642980909,0.010427775761314484
2015-05-15,0.019418271142708665,0.0040247186311206384,0.0010836323418497162
2015-05-18,-0.0003617094762363715,-0.0036445810633959352,0.0031065302234616343
2015-05-19,-0.006472295749399448,-0.002194131514796527,-0.00032837511363681404
2015-05-20,-0.011289082211751178,0.0,-0.0007038427674134207
2015-05-21,0.005197378373454464,0.003176270231542988,0.002912383157385401
2015-05-22,0.008590523912465953,-0.0006084063810994911,-0.002388813201216422
2015-05-26,-0.0010898750183484518,0.002437288134940818,-0.010751654811430034
2015-05-27,-0.00012128073379813475,0.0004862852396014805,0.009492128777681685
2015-05-28,0.016246998689338543,0.00012191198415267834,-0.0011284315199603379
2015-05-29,-0.0025849904207780883,0.00036428437307023387,-0.006212908654012583
2015-06-01,-0.005382784466743784,-0.0033350952752848606,0.002036707420267847
2015-06-02,-0.004409611340134401,-0.0028078858654114747,-0.0009928575451958466
2015-06-03,0.0025769365731915794,-0.004407981504566116,0.0026495843552098997
2015-06-04,-0.01232978096437809,0.0024599794603279435,-0.008446614251236051
2015-06-05,0.013093670696398219,-0.0039271850445223855,-0.0017131306907617327
2015-06-08,0.028698768522178453,0.0012333618924240675,-0.006149413512245183
2015-06-09,-0.00113150446221999,-0.0029533589150220196,-0.0001441406601130346
2015-06-10,-0.020703187995237737,-0.0020974380842876394,0.011993367162159041
2015-06-11,0.0028321502750325855,0.0046987076102058545,0.0032236736226831653
2015-06-12,-0.0028638677326909834,-0.0007384995806463124,-0.007655314205229691
2015-06-15,-0.0012366685227346297,0.00012305561453862524,-0.004285449822047482
2015-06-16,0.010943373157369374,0.0025855965793972757,0.005452050459785918
2015-06-17,0.028800573289696096,0.0003695889941972563,0.0016169843006621498
2015-06-18,0.005683373161624372,-0.000737421411536654,0.010399376327354437
2015-06-19,0.0023674530537807215,0.0028259958049627887,-0.004439081514622245
2015-06-22,-0.010361630404811084,-0.004778399387141419,0.005122844345420097
2015-06-23,0.030332307745169373,-0.0023388102613255413,0.0007079181893256958
2015-06-24,-0.009339929636816735,0.0018498023981892153,-0.007263025745729346
2015-06-25,0.013651601690611415,-0.0013540386632844292,-0.003039996758727903
2015-06-26,-0.006324607704336294,-0.0018499271167203846,-0.00019081353192362815
2015-06-29,-0.018982328906347767,0.005066332230446724,-0.020970117852460057
2015-06-30,0.02381499635902573,-0.0009835254323155018,0.002093176000339314
2015-07-01,0.003317596250232091,-0.0024296203046719755,0.008015675541400702
2015-07-02,0.04038639915454456,0.002472413311291888,-0.0009157907354223616
2015-07-06,-0.001071274437522196,0.0034527771359682546,-0.0028459411548674707
2015-07-07,-0.04232804124569667,0.000983647092574813,0.006288820405054407
2015-07-08,-0.04823057784907436,0.0028233077032739917,-0.01677708804982092
2015-07-09,0.011609720385955313,-0.0033062787333849597,0.0018086048321031
2015-07-10,0.004768851945843755,-0.0046665541063087845,0.012591199263787267
2015-07-13,0.011614881028806812,-0.002344572292499403,0.011037481639186941
2015-07-14,0.013312443878506386,0.0018550994028365686,0.004337985435410863
2015-07-15,-0.009448430502932648,0.0028401205902335303,-0.0003320160121714766
2015-07-16,0.013452917723576485,0.0,0.008024647211412272
2015-07-17,0.029923479333326286,0.00012276336064886983,0.0008474126242583591
2015-07-20,0.027670547578698246,-0.0013546842219526178,0.0005179224599534127
2015-07-21,-0.054878507378390284,0.0018494089458840346,-0.003951408156727787
2015-07-22,0.004123425201304931,0.00036864424901095205,-0.0017944746567836178
2015-07-23,-0.0025011922264167596,0.0023367236965925464,-0.005630001321303868
2015-07-24,-0.0066990980175530845,0.000614228446278009,-0.010372098093933801
2015-07-27,-0.046720231391331746,0.0019621643032294855,-0.005817038729488577
2015-07-28,0.04667806507496031,-0.0017135957001106483,0.012282734236367165
2015-07-29,-0.003776200204621105,-0.0008588470534289794,0.006879073578573092
2015-07-30,0.011257673505236987,0.0003691932397558162,0.00023731347599298402
2015-07-31,-0.0023988239767867015,0.0034338569368179694,-0.0015182549122999545
2015-08-03,-0.023144884928617437,0.0023142377370906075,-0.0033725575367097305
2015-08-04,0.02419330078904558,-0.0034207903310194965,-0.0019543976214676517
2015-08-05,0.014458436896063187,-0.0015949749179607897,0.0032956705252513707
2015-08-06,-0.08884613070827718,0.0006149756400244399,-0.008187892005065645
2015-08-07,-0.014707655017798138,0.002086356817814883,-0.0019198561934951064
2015-08-10,-0.005649254943673188,-0.0020820129958063482,0.01259935242155441
2015-08-11,-0.015634065274604314,0.0038046614632871734,-0.009023172246149014
2015-08-12,0.0033702625495031224,-0.0003663372766092854,0.0011978944842476746
2015-08-13,0.018222278547613824,-0.0020800427323979243,-0.0012445544719250634
2015-08-14,0.0026389930841606013,-0.0003672995288214187,0.003642360493786523
2015-08-17,0.04869422505161958,0.001838904710321554,0.005586730346554436
2015-08-18,0.022471468870960187,-0.00183552934675979,-0.002896430450167742
2015-08-19,-0.02098032399177252,0.00355590868274569,-0.007905345730751634
2015-08-20,-0.05120474567775368,0.0008551403936458701,-0.02088152662466025
2015-08-21,-0.047113613026361856,0.0015866240926687425,-0.030102386175371865
2015-08-24,-0.05156653613722739,-0.00024317460912692823,-0.0421066820039675
2015-08-25,0.005299957738899019,-0.0032915338704760932,-0.011768040694479454
2015-08-26,0.021860631008791875,-0.0042817519643123525,0.038393605554758015
2015-08-27,0.08072407396744574,0.001351478340930079,0.02473506713590168
2015-08-28,0.022593474526899193,0.0004909234367413973,5.023854122709892e-05
2015-08-31,0.00233425311787383,-0.001349441168522536,-0.008078631214548992
2015-09-01,-0.04187746789935942,0.00243636229773192,-0.02984777657095594
2015-09-02,0.0379667326201818,-0.0007356116401217028,0.01898072409336593
2015-09-03,-0.008559158628931418,0.000736153162957276,0.0007164835325392804
2015-09-04,-0.014822516253377382,0.0024546023537777018,-0.015136553366432715
2015-09-08,0.0257924872165749,-0.0024485920340077127,0.025130793629917436
2015-09-09,0.002981841490309778,-0.000244819347034797,-0.01337193473309295
2015-09-10,-0.0017275792568650639,-0.0020874998605726613,0.005442312883382039
2015-09-11,0.007083127758706009,0.0020918666318749946,0.0045438859013196
2015-09-14,0.011788685834209334,0.0002448792982245873,-0.003710388399133846
2015-09-15,0.0015008533688181114,-0.004173080356759451,0.012499145652838939
2015-09-16,0.03423117949694654,-0.0006164152051314487,0.00866670595179908
2015-09-17,-0.000686427307326376,0.005674092725381774,-0.002248080208620107
2015-09-18,-0.005532854221774852,0.002820111033267292,-0.016341237775799322
2015-09-21,0.013736467307306599,-0.003669033041858283,0.005167932900431937
2015-09-22,-0.012339109416155347,0.0018411440318362171,-0.012979955200628668
2015-09-23,0.000459842504490382,0.0,-0.001598644616775946
2015-09-24,0.007890882645230857,0.00036789753372401535,-0.0036154528918074247
2015-09-25,-0.02360137483948066,-0.0018375961714870437,-0.0002595612452219731
2015-09-28,-0.03300761554870424,0.0025768967239270246,-0.025097308812305652
2015-09-29,-0.00716505256437161,0.0007344733709631068,0.0005852093021454507
2015-09-30,0.007095082009808129,0.0019567963377609132,0.018658255214757835
2015-10-01,-0.03429950833940998,0.0005378089095289251,0.0026089199618624104
2015-10-02,0.032057758124643954,0.0037888810148047902,0.014938350177360782
2015-10-05,-0.005735797824596434,-0.0038960945839779937,0.017794350233110823
2015-10-06,-0.01905337856419076,0.0013450782906911929,-0.0034259201753719104
2015-10-07,-0.03934404066335062,0.0,0.008190271606174804
2015-10-08,-0.022590068231747584,-0.0015874332642495936,0.009026738553826297
2015-10-09,-0.02659664782558413,-0.00012240242898409193,0.0005964050646380947
2015-10-12,-0.023154721971044956,0.001712569266844044,0.0009439486408016062
2015-10-13,0.017023869860745666,0.0006104680641101368,-0.006302174608923905
2015-10-14,-0.010809577491181055,0.0036593657370656008,-0.0047941130822606315
2015-10-15,0.020426012486898237,-0.001944161620763496,0.015354437210898464
2015-10-16,0.025755735523108614,-0.00036653755235938057,0.004546498699322887
2015-10-19,0.00480158072748571,0.0,0.0004920122575811092
2015-10-20,-0.06606755350432658,-0.0015830069423857784,-0.0012784416333649906
2015-10-21,-0.013800880426347861,0.0018298436213122216,-0.006203359057704749
2015-10-22,0.0077586303749297425,0.0017054498284996278,0.016893541409913615
2015-10-23,-0.01242211222596079,-0.002553407430774257,0.010961484984239878
2015-10-26,0.02950887527409196,0.0010974455959484875,-0.002457614485483317
2015-10-27,-0.022809699646425874,0.00024318637100306795,-0.001932058493717359
2015-10-28,0.012407945034625278,-0.0028002142463683377,0.011374380852461785
2015-10-29,-0.006245254663083899,-0.003540843481954936,-0.0005740514623019388
2015-10-30,-0.022208650663342766,0.0022063010922257487,-0.004309864177332812
2015-11-02,0.03315139413174362,-0.001972915370295758,0.011830860514897124
2015-11-03,-0.025445558566223325,-0.0017189172308829104,0.00289933359375949
2015-11-04,0.11173506172895453,0.0006142024189919049,-0.0030331565926307036
2015-11-05,0.0006043683865557536,-0.0018425626344760193,-0.0009978564565008563
2015-11-06,0.0025456895572166793,-0.003939960074115123,-0.0005240751857720216
2015-11-09,-0.030254799225420848,-0.0008656329636529403,-0.009331505346480085
2015-11-10,-0.0391869859962497,0.0011131029562334582,0.0023069442478118596
2015-11-11,0.011916854312549408,0.0001237048185822598,-0.00393159156389189
2015-11-12,-0.028026284636262333,0.00012388228047743866,-0.013959671922556205
2015-11-13,-0.02700290247242554,0.0018526715875077926,-0.011228389909186065
2015-11-16,0.03436451812394292,0.0,0.01520676021413725
2015-11-17,-0.0014463979691021756,0.0011104964131227746,-0.0007295394037611924
2015-11-18,0.033037326654939525,-0.0004928498971639161,0.0158662841948225
2015-11-19,0.0033021410176179433,0.0013558453044340002,-0.000862333506218782
2015-11-20,-0.008070393546729338,-0.0002458286255113684,0.003644377737168192
2015-11-23,-0.010272166508136338,0.00036924971824547903,-0.0011469106914518967
2015-11-24,0.0022961761034103745,0.0003691134232179927,0.0013392069870761247
2015-11-25,0.052187810783939304,0.00012269388432395445,-0.00014315168347167617
2015-11-27,0.008578708564050963,0.0004924422995333799,0.0011465951768372395
2015-11-30,-0.005828773569144241,-0.0004921999194733573,-0.004151755860143491
2015-12-01,0.03009640513952827,0.0037839831718926575,0.009535647353617449
2015-12-02,-0.021923391675773063,-0.0012275162186791144,-0.010204780932477897
2015-12-03,0.0031036038358105422,-0.00774507686668835,-0.014002653218848304
2015-12-04,-0.010012412396463,0.0039642979146479185,0.01950272747027726
2015-12-07,0.003255441103328094,0.0017276919944719804,-0.006058564122127019
2015-12-08,-0.01908015011055786,0.00024569333405799476,-0.006719436082252339
2015-12-09,-0.009703589724369799,-0.00036867318496369705,-0.007779630594455078
2015-12-10,0.011357503870956798,-0.00012372498525370368,0.002580853730844046
2015-12-11,-0.044259422857554354,0.002710711816846567,-0.019381085857295033
2015-12-14,0.007188217785247586,-0.00466945778435035,0.005052393066278027
2015-12-15,0.011483228662796385,-0.0011109287115418365,0.010497904080335685
2015-12-16,0.06069926383234869,-0.0011126774151501984,0.0146321519812187
2015-12-17,-0.004775935638145934,0.002103958122994243,-0.015238238106124125
2015-12-18,-0.01255404258485504,0.0022226436014312068,-0.017815106303614714
2015-12-21,0.009112170445755297,-0.0011095605525104357,0.008249302770359623
2015-12-22,-0.011222896648004466,-0.0013563414869584012,0.009074345011066631
2015-12-23,-0.001087238493853948,0.00012383835044249558,0.012383052555109186
2015-12-24,0.003787586036986701,0.000743258551366921,-0.0016503933455044306
2015-12-28,-0.007026053028503343,0.0,-0.002285031927704795
2015-12-29,0.03599040660703223,-0.00309442907982016,0.010672087499122407
2015-12-30,0.003794452891639599,0.0006209610390310871,-0.007087885945949113
2015-12-31,0.008064193426244648,0.0019849947290229153,-0.01000319219024326
2016-01-04,-0.06916383417344563,-0.0004950413211490812,-0.01397972683482196
2016-01-05,8.951501876963697e-05,0.001238408590470863,0.0016912638532777802
2016-01-06,-0.019648196488239345,0.004454754241319581,-0.012614434291083776
2016-01-07,-0.015476613580219345,0.00012289690441313894,-0.023991227255662606
2016-01-08,-0.021562746019443524,0.0012319410595649227,-0.010976375264774463
2016-01-11,-0.014928912731952182,-0.004182580109251877,0.0009899367277936832
2016-01-12,0.01019968109607805,0.0025946882212661837,0.008068150181761213
2016-01-13,-0.04600657570629507,0.0024636434072544677,-0.0249402748190114
2016-01-14,0.029304524761110118,-0.0012294304143657397,0.016416682282204054
2016-01-15,-0.005771584676250496,0.0017231302422571204,-0.021466090043058217
2016-01-19,-0.0013171814898143008,-0.0012286356334084703,0.001330779131717863
2016-01-20,-0.02940598345394596,0.0011074314832859589,-0.012814764191342531
2016-01-21,0.006391513633018819,-0.0006144249090299647,0.005601969175861976
2016-01-22,0.012901930307042342,-0.000369047001803291,0.02051538442969081
2016-01-25,-0.030461596504509303,0.0,-0.015116624382336186
2016-01-26,-0.014359893464118478,0.0014764147845385267,0.013643174867744357
2016-01-27,-0.028363311180212625,0.0,-0.010883196809646
2016-01-28,0.00866696594809202,0.0007365153975884553,0.005208908066904661
2016-01-29,0.007907252180474389,0.0029452903833937505,0.024377295316090786
2016-02-01,0.030020838930620908,-0.0020361226738743188,-0.00036129527017125795
2016-02-02,-0.07190002137704643,0.0034406635268096064,-0.018022317368722618
2016-02-03,-0.05088083130264043,0.0007349376352558945,0.005994880865722196
2016-02-04,0.010664105137480506,0.000733639745230219,0.0015684828982096555
2016-02-05,-0.07260598006471042,-0.000977111462299618,-0.01905011200141471
2016-02-08,-0.08985239514773324,0.004283285706512707,-0.013461202527415783
2016-02-09,0.0017568447590106118,-0.00012289321202840764,5.388217140467333e-05
2016-02-10,-0.03089374112383303,0.0020724494494708257,-0.0008625563292132821
2016-02-11,0.04733064290572564,0.0006079951646769111,-0.01300803191312161
2016-02-12,0.0037881413094784655,-0.0032816559605661766,0.020616962830455554
2016-02-16,0.027343852480015807,-0.0014624482532358263,0.016878061468275085
2016-02-17,0.08706565860035376,-0.00024525452361845446,0.016334794720694434
2016-02-18,-0.011323158733693717,0.0034204020700800974,-0.004095808590012684
2016-02-19,-0.0011392968371775059,-0.0013394453161249542,-0.0004685718593059329
2016-02-22,0.06699479062990088,0.000243547409974898,0.014479276124805152
2016-02-23,-0.0029818286241705128,0.0006095698693502349,-0.012629852556165444
2016-02-24,0.010101004393246793,0.000730899855901912,0.004575841117370194
2016-02-25,0.047094914915335684,0.0014605435165166991,0.012111749688133111
2016-02-26,0.015525816600528097,-0.0009721082744111875,-0.0023014307857464056
2016-02-29,0.008353468768718342,0.000608394436089954,-0.007842116737870941
2016-03-01,-0.029073080259574557,-0.003350193117627076,0.023506681723879375
2016-03-02,0.010678823954507921,-0.0006112651942297154,0.004492536755727805
2016-03-03,0.039290607872446426,0.0004896137963184,0.003919641527790674
2016-03-04,0.02707681972740761,-0.0004893741919624883,0.003253312947959053
2016-03-07,0.021140033080221166,-0.0002446808389943156,0.0007986354206728219
2016-03-08,-0.013103370952345483,0.0033029910317214917,-0.010918065065719795
2016-03-09,0.030207303417474796,-0.0017066653261342823,0.004939365872050683
2016-03-10,-0.01696052509474255,-0.0004890187931388956,0.000802659797791927
2016-03-11,0.011307091998520313,-0.0013435231340527265,0.01613719426992999
2016-03-14,0.036867487272411736,0.002202132299210069,-0.0012824672788743774
2016-03-15,0.014826854254383681,-0.0009767986412406726,-0.0016295655677586174
2016-03-16,0.01644223390939903,0.00391107782230482,0.005787094855464137
2016-03-17,0.02005139734476491,0.0021909987799970665,0.006344290725813995
2016-03-18,0.028094340456043643,0.0008510582889478258,0.003929525920170818
2016-03-21,0.023975234953553137,-0.0018210107892105976,0.001418720145799579
2016-03-22,-0.01711979903690175,-0.00024312742070009552,-0.0005372818342785912
2016-03-23,-0.04977800018235601,0.0021890549758285527,-0.006599434683756233
2016-03-24,0.0232275906570083,-0.0012135269606365906,-0.0004429618989854056
2016-03-28,0.011020873910291051,0.00048590037339191205,0.0005909367011582844
2016-03-29,-0.0005646003647661324,0.0041300248740276935,0.009249794144835954
2016-03-30,-0.014078972960765879,-0.00036331107842624277,0.004387934299934226
2016-03-31,0.012693337980441255,0.001935432823721106,-0.0024270525151969258
2016-04-01,0.03403399570678456,0.0011256858880224208,0.006811825212216904
2016-04-04,0.039563979070301736,0.0,-0.003238065518222366
2016-04-05,0.03433343457363125,0.0018130956251920516,-0.009987673537584674
2016-04-06,0.038947853163352475,-0.00048242271882770194,0.010921162932244544
2016-04-07,-0.030969800698537053,0.0032593373210512144,-0.011965722646044563
2016-04-08,-0.02772166475041915,-0.0008418877194285024,0.0026967751971904708
2016-04-11,-0.0005998457768249255,-0.00012150341714423085,-0.0023473554191427715
2016-04-12,-0.008402652353309281,-0.0015657388590372134,0.00931310582163336
2016-04-13,0.0270760454618868,0.0006038292226544506,0.010100737169918883
2016-04-14,-0.010489893292484176,-0.0008440696220117783,4.8046086845277e-05
2016-04-15,0.010521694235412493,0.0022924851694570147,-0.0011055262983852288
2016-04-18,-0.002475334060495493,-0.000360540657459274,0.007026574562016608
2016-04-19,-0.02564203697895895,0.0006015100360459158,0.0031543146056625115
2016-04-20,0.010510619221744344,-0.0027677708434280524,0.0009528239344018807
2016-04-21,-0.006720777009723511,-0.0012070612431061,-0.005378454898361196
2016-04-22,0.021990432529629622,-0.00036257464159794583,0.0
2016-04-25,-0.007605979610801672,-0.0012088340175229195,-0.0017231813211900926
2016-04-26,0.007624509088934195,-0.0014520204063291908,0.0014861961483714214
2016-04-27,-0.008946136908751234,0.0030298620254447517,0.0020584358593782603
2016-04-28,-0.014952135009967504,0.0018123139668970722,-0.009075738264921918
2016-04-29,-0.028056989923414988,0.0007240235389214256,-0.005398900638007742
2016-05-02,0.004319697802968259,-0.001763100547989227,0.007948483348495072
2016-05-03,-0.03920601056164674,0.002782194624973089,-0.008703223959182438
2016-05-04,-0.04201105333661326,0.0003620334802023617,-0.005578195131669683
2016-05-05,-0.04955961442777834,0.0018089552382920537,-0.00019507513027483547
2016-05-06,0.016073354609201562,-0.0004817888688483096,0.0036593606542170143
2016-05-09,-0.02796256243720341,0.0007227843981674198,0.0008262733208861395
2016-05-10,-0.0011008885097381071,0.0,0.012433542754208826
2016-05-11,0.0012937597581215154,0.00024046586508896794,-0.009354636100569746
2016-05-12,-0.00803978103371572,0.00011986438095612506,0.0002905449252039727
2016-05-13,0.001592002938870074,0.0010835281127630214,-0.008714077520185382
2016-05-16,0.003275341382076302,-0.0021634154269560835,0.009865210977467731
2016-05-17,-0.01742759842604591,-0.0007222898907540687,-0.009333350865495249
2016-05-18,0.03180885470243422,-0.004700164480704316,0.00029244556926055765
2016-05-19,0.01913147353519906,0.0010896798499095972,-0.003464734846464368
2016-05-20,0.023558406194412074,0.0,0.00631751595516028
2016-05-23,-0.01843105074925866,0.00024143912369201104,-0.001362773875751011
2016-05-24,0.007816075741021722,-0.00048332029810560506,0.012962263915849093
2016-05-25,0.0076637497781955055,-0.0003632088611784656,0.006783152390942959
2016-05-26,0.02522997924071091,0.0016948865105010924,0.0002865993672960254
2016-05-27,-0.00923954578720032,-0.00036297411051344763,0.004299221036060397
2016-05-31,0.0008518675345341453,0.0008461924812448451,-0.0019024805904241937
2016-06-01,-0.016440468601288782,0.000351269678416255,0.0020490670862454152
2016-06-02,-0.0027327356754038856,0.001934743788653881,0.0030434661602787294
2016-06-03,0.00013700139934802458,0.006279485918034178,-0.002986763015329519
2016-06-06,0.007717276207808599,-0.001559982823779671,0.005088357789082787
2016-06-07,0.05283668197567204,0.00011990680754281335,0.0015614972004573957
2016-06-08,0.013686831518021192,0.0012017554516898787,0.003259502707646522
2016-06-09,-0.026154878987485475,0.0009602626697380323,-0.0013655981690504637
2016-06-10,-0.0460847232525351,0.0009592800363813492,-0.009477421153162524
2016-06-13,-0.00420496739684062,0.0002394674655870066,-0.007711825994173971
2016-06-14,-0.013356605490256634,-0.00011918367707464128,-0.0019667601298123394
2016-06-15,0.012746565418183309,0.002274820750738149,-0.001394107185870852
2016-06-16,0.0010565546173815221,0.0010760384597445771,0.0029844358286925665
2016-06-17,-0.011288062840889457,-0.0014331146517401194,-0.003723829945099122
2016-06-20,0.019631474173017693,-0.002271022989622673,0.006439662533996193
2016-06-21,-0.0004096198348979563,-0.0013177858374936458,0.0028386362376904284
2016-06-22,-0.10450341756812143,0.00035960780872512643,-0.0016311385553371416
2016-06-23,-0.001322128315258908,-0.001798559825287982,0.013022825732904586
2016-06-24,-0.016547827629193046,0.005647126617791098,-0.03590910910118161
2016-06-27,0.027957518513328727,0.005017616978290063,-0.01791039119459603
2016-06-28,0.016318349791359932,0.00118895848649192,0.018036261528215247
2016-06-29,0.041627392999816326,-0.000356197065707331,0.01702795507180621
2016-06-30,0.009943412480724279,0.0013062982165914505,0.013645260161502248
2016-07-01,0.019879378262587677,0.0027811329650593297,0.0021005462497716287
2016-07-05,-0.011639738141737244,0.0034376614329130195,-0.007193481510052502
2016-07-06,0.002149711537805965,0.0017714220122355684,0.005997833831441035
2016-07-07,0.006994990541306256,-0.0016504518701183635,-0.0006200365887375492
2016-07-08,0.0038899525017721537,0.0025976823597044785,0.014890452514262131
2016-07-11,0.036903805062947104,-0.0029443729987959077,0.0035270640885318727
2016-07-12,-0.0005783013468687592,-0.004017187042593795,0.007263282686136074
2016-07-13,-0.009436981531152133,0.001779108563461529,-0.0001392562665319952
2016-07-14,-0.004493707690691684,-0.0015389055641155114,0.005583028673032953
2016-07-15,-0.005100971389125797,-0.003201986764401976,-0.0013415088704943345
2016-07-18,0.026542674288099866,0.000356344745873427,0.0026872858462752003
2016-07-19,-0.004375689688323026,0.0015459816454501674,-0.0010166405567236803
2016-07-20,0.013761894071912417,-0.001068339360283277,0.004162757099282821
2016-07-21,-0.03441934896442955,0.0011889547110044418,-0.0037769857932095086
2016-07-22,0.0080272130645338,0.00011854183707438182,0.0044852420453651565
2016-07-25,0.03482249963460071,-0.0005935492845273727,-0.002716020654554563
2016-07-26,-0.002173785411705653,-0.00011841600197337598,0.0004614546462677893
2016-07-27,-0.0044442402825445315,0.002969556984854238,-0.0010609966459348419
2016-07-28,0.0092782587991731,-0.0005922135185270072,0.0011547015472521682
2016-07-29,0.0181258915884297,0.0032005144768099125,0.0016144036271854567
2016-08-01,-0.02035866545145193,-0.0031370344916764603,-0.000829001932990292
2016-08-02,-0.012216845667703868,-0.0009502941337558024,-0.006407057779617142
2016-08-03,-0.006205976906180188,0.0,0.002922473426733463
2016-08-04,0.02134724289646428,0.0017829884550573105,0.0010641256254908527
2016-08-05,-0.00251507260151429,-0.003322511134362216,0.008178650614528715
2016-08-08,-0.01682385523320451,0.00011965320977025407,-0.0005954134445209647
2016-08-09,0.012911226187923619,0.002857001095029954,0.0005957681729009678
2016-08-10,-0.014972973712197857,0.0013044061981457578,-0.0024748410725586867
2016-08-11,-0.003279367580152681,-0.002607046797841739,0.004640964757030908
2016-08-12,0.003112321193226242,0.0022579851408837115,-0.0008691616387493939
2016-08-15,-8.864212814152506e-05,-0.001660300859123831,0.002883790830743971
2016-08-16,-0.008776982760304364,-0.0004751086401960647,-0.005157647943780264
2016-08-17,-0.0016546746205348128,0.0015450189342576248,0.0018809953799854284
2016-08-18,0.001209501174802119,0.0010676105742117858,0.00224357220664384
2016-08-19,0.006666333002271596,-0.0020151458858224114,-0.0014618917375083251
2016-08-22,-0.009199968973795603,0.0014263689445670469,-4.5574256119174095e-05
2016-08-23,0.00856766810594789,0.00047298406049156583,0.0020133099287387157
2016-08-24,-0.009873672296182856,-0.00011811451495546965,-0.005114744710658425
2016-08-25,-0.007456626175134096,-0.0010661804911047401,-0.0006884924728358666
2016-08-26,-0.004389940220988597,-0.0024931546480667643,-0.0018837355117838905
2016-08-29,-0.021773698929720697,0.003450700574709975,0.004924696747846902
2016-08-30,-0.017936898094209175,-0.0008299007198219188,-0.0016486702351076188
2016-08-31,0.003170288138355737,-0.0007118651168777079,-0.0028439421853916347
2016-09-01,-0.05301630375559707,0.0013799106911331904,4.5982251345444425e-05
2016-09-02,-0.014892723045455192,-0.0014254432668739936,0.004507866270314631
2016-09-06,0.0255334510261378,0.002974195365276877,0.0030226290712325188
2016-09-07,-0.0055218884189791595,0.0001184627986940967,-9.12717093358717e-05
2016-09-08,-0.021565611159450437,-0.0037951323174202356,-0.0022833096899488314
2016-09-09,-0.014643244819832146,-0.004406273021339557,-0.02393468673564514
2016-09-12,0.019694523621018867,0.0003593140098725467,0.014347271463458267
2016-09-13,-0.011346487834701269,-0.0028697659903964556,-0.014375438124086148
2016-09-14,0.0018362791436163928,0.0013193162267715053,-0.0003755215401928247
2016-09-15,0.020416452841336197,0.000837411042606595,0.009993129660327948
2016-09-16,0.02484780383791363,0.0008373195976527636,-0.0038656558730019164
2016-09-19,0.00457645297210707,-0.0007171281564808396,0.0001874463409790028
2016-09-20,-0.008238786856348712,0.00023957975773392093,4.710335260615928e-05
2016-09-21,0.0028341798567572685,0.002870370832764424,0.011245479251532853
2016-09-22,0.005896172409194822,0.0020272284908706695,0.00630132076515677
2016-09-23,0.004941130603694166,-0.00023762638332824881,-0.00547935559817192
2016-09-26,0.007423489184726462,0.001666810937315466,-0.008102208001452338
2016-09-27,-0.015216031256459872,0.0011886758803067998,0.00620819602671796
2016-09-28,0.002235048163077513,0.0,0.004963429515489448
2016-09-29,-0.027003426930455432,0.00011895615250834268,-0.009047383790645624
2016-09-30,0.016591937232549814,-0.0013060653954981571,0.007546165708794295
2016-10-03,0.047394990482537924,-0.0010598955996177217,-0.0024037934649316917
2016-10-04,-0.010715983364832038,-0.0033377244649236415,-0.0050981089229833465
2016-10-05,-0.013953932130380098,-0.0016740559919181663,0.0044252662428367895
2016-10-06,-0.03578625635704735,-0.00035977576635926045,0.0006958870915547699
2016-10-07,-0.021840779371141483,0.0008382156154660425,-0.0034295212728612245
2016-10-10,0.02207415798926582,-0.0010772291968365044,0.005208234045794402
2016-10-11,-0.004229886150648454,-0.0015581563141000565,-0.012629489995187981
2016-10-12,0.007046466386483763,0.0006007799888887444,0.0013116718333525679
2016-10-13,-0.006302456879140883,0.0011994359742126814,-0.0032754261060484735
2016-10-14,-0.018627583354229538,-0.0020376155500507753,0.0005165160029174665
2016-10-17,-0.012976444351751049,0.0021617654849421797,-0.0034722431297773415
2016-10-18,0.02650023191602613,0.0013184389741012215,0.006262231051149314
2016-10-19,0.02240090564098618,0.0007180468104970306,0.0026673614388590394
2016-10-20,-0.021910099567979402,-0.0005983481700786442,-0.0018667523283874
2016-10-21,0.00497237481730628,0.0008384322199279648,0.000467831734908275
2016-10-24,0.013344029700076643,-0.0014356308794741812,0.004252496011254658
2016-10-25,-0.0020714054958987926,0.0,-0.0033506655920781947
2016-10-26,-0.0004941818395456377,-0.0017955517195931137,-0.002007604496920945
2016-10-27,0.008751979915121444,-0.002758765646223349,-0.0026669030427894924
2016-10-28,-0.0198029875608402,-0.0004815032927685259,-0.0029553005153339917
2016-10-31,-0.011201655407329203,0.0010830328221509422,4.704458140758483e-05
2016-11-01,-0.03509842661102913,-0.0003250043038633965,-0.007245447120520665
2016-11-02,-0.014518503789442305,0.0009640243822697236,-0.006018575025033779
2016-11-03,-0.0031911467456550158,-0.000601973116466703,-0.004576826466819006
2016-11-04,0.01675382136299608,0.001806029698082634,-0.0011018531655805353
2016-11-07,0.013906348645120303,-0.001322017884682336,0.022056927637350565
2016-11-08,0.008954005217394645,-0.0018055266456227237,0.004503857026496139
2016-11-09,-0.025033363190080093,-0.00988951318158271,0.010601896537443478
2016-11-10,-0.024781658082167812,-0.004262877442273494,0.002495901050261873
2016-11-11,0.017318643404319323,-0.0018352386418278854,-0.0023048975539919914
2016-11-14,-0.03770682709596174,-0.0037984367034855637,0.0007855019627667215
2016-11-15,0.012785831275339055,0.0013533781385315358,0.007802607156035313
2016-11-16,0.0008706682793555576,0.0020879531248665373,-0.0018782697023167483
2016-11-17,0.025716307636262092,-0.004044892844757508,0.005140582303186703
2016-11-18,-0.019293934240147914,-0.002461366602583559,-0.00223769598864465
2016-11-21,-0.0027024465131613162,-0.0001248647376911327,0.00755176641705102
2016-11-22,0.03603947721674805,0.0008645224306982335,0.0019531518811382043
2016-11-23,0.010304965252273535,-0.002589763467060857,0.0005441196255158154
2016-11-25,0.018173287121064252,0.00037121347364443835,0.00371526733813643
2016-11-28,-0.0026950938729078944,0.0023481195518233466,-0.00469470082697343
2016-11-29,-0.03339797817354062,0.0007397875240180429,0.0019500668736400772
2016-11-30,-0.0008967014020552222,-0.0034500604515129707,-0.0023990541586779157
2016-12-01,-0.03970439621692412,-0.003715771625207087,-0.0036755342796321866
2016-12-02,-0.002254227571355849,0.0036058293706511257,0.0005009218878431199
2016-12-05,0.029371246552803765,0.0012392032224299854,0.006009026683554186
2016-12-06,-0.0050855909965381585,-0.00012445593589671677,0.0031672191208031997
2016-12-07,0.03927898836940713,0.00235086246420968,0.013080851172617702
2016-12-08,-0.004452545532701246,-0.0019747477521917522,0.0024486761618831565
2016-12-09,-0.0005720111783587001,-0.0029690471790702055,0.006040359837750087
2016-12-12,0.0013008438960526725,-0.0011166297440041717,-0.00114787832930352
2016-12-13,0.02972509618020802,0.0011178779998288757,0.006674294371642242
2016-12-14,0.0027252272268023514,-0.005086289621938023,-0.008254609196481688
2016-12-15,-0.005586619127426196,-0.0014969981443763158,0.0041173912178944505
2016-12-16,0.02485070240083087,0.0008744843706465222,-0.001955837166909835
2016-12-19,0.0011852284519540124,0.0026198344492027736,0.002177612284388175
2016-12-20,0.02989199578262669,0.00012493205283958808,0.0038575563912284228
2016-12-21,-0.005220520683151264,0.001493642899344172,-0.0027829681628410707
2016-12-22,0.00361092210958347,-0.0006858585453232147,-0.0017272276787136942
2016-12-23,0.023458878645067793,0.0004990112301443972,0.001464174195219048
2016-12-27,0.029014693821664217,-0.0007478918672170209,0.0024809980388464936
2016-12-28,0.0009565849240522617,0.002494356077876736,-0.00826458771501326
2016-12-29,-0.02302717301331647,0.002735652160697377,-0.000222748856704591
2016-12-30,-0.0046115136580925364,0.002109210599577027,-0.003654890280631262
2017-01-03,0.015442882835696947,0.0001231850824927605,0.0076501009996601255
2017-01-04,0.04608509628379487,0.0007423939768602672,0.005949072278585099
2017-01-05,-0.0010573016932267087,0.005070823236803079,-0.0007942899335774412
2017-01-06,0.009966895409707854,-0.003937778379745183,0.003577576440839003
2017-01-09,0.009912262252654847,0.002471246551426276,-0.003301001779838053
2017-01-10,-0.006096497424114444,-0.0002464594553041044,0.0
2017-01-11,-0.0006090579683538655,0.0004925425301824937,0.002826282155003801
2017-01-12,-0.0006094291460314594,0.0002467098817446889,-0.0025098171394419833
2017-01-13,0.03554165910672369,-0.0016011664023969363,0.0022954778296748746
2017-01-17,-0.009127294759965876,0.0030845691065195524,-0.0035236325380056943
2017-01-18,0.011800718170465796,-0.005165711055143296,0.0022098228218145888
2017-01-19,0.02265484584252664,-0.0017309487646656185,-0.0037043508403535874
2017-01-20,0.003979211340805033,0.0007432286839499369,0.0036739662058169476
2017-01-23,0.017121013222806347,0.0027221481864341257,-0.0026020292499127073
2017-01-24,0.022858758549190616,-0.0014805109573015063,0.006411844502977049
2017-01-25,-0.0005499330562692695,-0.0029665979554893696,0.008655369483592468
2017-01-26,-0.007702287210641479,0.0003719202816228062,-0.001045517038894439
2017-01-27,0.0017424922931057463,0.0011155962990483381,-0.0015699169332450413
2017-01-30,-0.009171674163915622,-0.00024799513309547994,-0.006201245526761157
2017-01-31,0.005186895116227497,0.0021046681535896727,-8.838002069566642e-05
2017-02-01,-0.010677646659077555,-0.001758326708780622,0.000395915189421725
2017-02-02,0.009268250070681772,0.0006206791262022282,0.0006590266489328034
2017-02-03,-0.0008746279419173941,0.00024781786935457184,0.006892818213189766
2017-02-06,0.02562376061798921,0.0030978300266981673,-0.0017877218070306844
2017-02-07,-0.0011251188300628323,0.0016060661270744792,4.3652743969779806e-05
2017-02-08,0.01786550436031553,0.002713169598952625,0.0013102991057614144
2017-02-09,0.027167272901938322,-0.002705828228064311,0.005932610295970475
2017-02-10,0.00011148636943625334,-0.0002472788912508683,0.003946475280685258
2017-02-13,0.04223151490536248,-0.001110264058972743,0.005442469894018309
2017-02-14,0.0013542446986194445,-0.002099655473544848,0.003995320346118936
2017-02-15,-0.004341936732680907,-0.0016084873353059415,0.0052204220752265496
2017-02-16,-0.03864027372388368,0.0018598018584901066,-0.0008516233225769332
2017-02-17,0.012195542272078752,0.0023506277765361627,0.0015764421580928278
2017-02-21,0.01895455321252637,-0.00012365300330008377,0.005955018469149476
2017-02-22,-0.013987544509128647,0.0006172217432252047,-0.0008876277636657992
2017-02-23,-0.06405612128285887,0.0018510203987744944,0.0006769422099677236
2017-02-24,0.003945460066550499,0.003694828580357301,0.0012689606879980886
2017-02-27,-0.04190663914295778,-0.0020863089537616064,0.0015629907033376522
2017-02-28,0.015270331412970961,-0.0007376359702673252,-0.002699336494690119
2017-03-01,0.00011993887695105343,-0.004092977011934007,0.013997558012196487
2017-03-02,0.0018399484050042325,-0.0018570199825286293,-0.00629736193452024
2017-03-03,0.004351614767985623,0.000744214917193009,0.0006293469315303835
2017-03-06,-0.0014310232140101187,-0.0006196971193712653,-0.002977763535194189
2017-03-07,-0.010429562301419115,-0.0018606806913280538,-0.0029868807129097563
2017-03-08,-0.006918982373962046,-0.0023596770940564893,-0.0018566647903641709
2017-03-09,-0.007979851500776736,-0.0031133455820485656,0.0012683170242779873
2017-03-10,-0.0049408426009909245,0.0019983443564033365,0.0035040443768319385
2017-03-13,0.010176830680722393,-0.0019943589404699535,0.0005050491120193179
2017-03-14,0.04805628371511106,-0.0001251438887721612,-0.0038268240839643974
2017-03-15,-0.008798421425113223,0.006247359130316932,0.008653659239289624
2017-03-16,0.024713450219121746,-0.0014904044404049355,-0.001967053868371149
2017-03-17,-0.002098847828182704,0.0019894008265897156,-0.0017561322531935986
2017-03-20,0.0016061116267274134,0.0019862622994608614,-0.001096945722920184
2017-03-21,-0.04291381746799239,0.0023523679956369836,-0.0128395218478492
2017-03-22,0.017273078068332337,0.0013596887971174532,0.0023530329964305263
2017-03-23,-0.00090202828464514,-0.0004941501876505328,-0.0010668990430213743
2017-03-24,0.03289120992821504,-0.00024629699269940186,-0.0007263234937041618
2017-03-27,0.026827796887382016,0.0020994119957244983,-0.0010263428759206272
2017-03-28,0.0267559948391054,-0.0018491721516743498,0.007276888075764543
2017-03-29,-0.0002523309678981178,0.0019755291178984447,0.0009345835731455754
2017-03-30,0.0019467497819007917,-0.0016015228284853578,0.0031843992226217033
2017-03-31,0.0013673037946848599,0.0006174692214959698,-0.0023276889712967597
2017-04-03,0.07265538500445645,0.003633185016734153,-0.0017392129507604048
2017-04-04,0.017352355705321898,-0.0011084558133952482,0.0006374480606901045
2017-04-05,-0.02864668535390913,0.000863508330965379,-0.0029727377049512116
2017-04-06,0.012542335863124032,0.0003689167829319384,0.0028112519208443043
2017-04-07,0.012855637977449375,-0.0022159594311532693,-0.0010193054336030682
2017-04-10,0.03255773135831275,0.0009869205162975625,0.0005953452953957328
2017-04-11,-0.011780116939354768,0.00320606159709258,-0.00119005710474962
2017-04-12,-0.03845036378853883,0.002334450183111958,-0.004381776068591692
2017-04-13,0.024120725067491966,0.0014713151685930015,-0.006494847249307045
2017-04-17,-0.008421007061268249,-0.0006119169348565157,0.008859890849896024
2017-04-18,-0.0039477635540767775,0.0035526437688049306,-0.002984044357838944
2017-04-19,0.017552054419372798,-0.0018303721591328426,-0.0018388891139379249
2017-04-20,-0.00985204376039106,-0.001345900306413128,0.008139361589891703
2017-04-21,0.010214507204857837,0.00024464229682807925,-0.0031868792212356167
2017-04-24,0.007951603024820342,-0.0013468930685600622,0.010997666874430045
2017-04-25,0.018699422064641924,-0.0030648800514014862,0.005818682177796797
2017-04-26,-0.011536362728744365,0.0009842038035599021,-0.0006289915169345184
2017-04-27,-0.004965028404995131,0.0007373191888058184,0.0008390351909326466
2017-04-28,0.017626304762964118,0.0011049175112791687,-0.0021795295907168777
2017-05-01,0.027891854114518555,-0.0018675363006253054,0.0025204147817403655
2017-05-02,-0.012204567888302154,0.0017233159600216208,0.00037689368937021683
2017-05-03,-0.02467931806646917,-0.0011065687224104392,-0.00121448668265145
2017-05-04,-0.05002899014132822,-0.00110680877161351,0.0011741663285909087
2017-05-05,0.04362697085089429,0.0006155134050418454,0.003937031146599601
2017-05-08,-0.003761964382840155,-0.0017234129889417416,-0.00016692635441817316
2017-05-09,0.045802257580723316,-0.0004935007885082943,-0.0009179537772362467
2017-05-10,0.012326461540900224,-0.00012306543392825997,0.0017958911566471336
2017-05-11,-0.00651863161783095,0.0007402135336860294,-0.002042810242014359
2017-05-12,0.005292405210798323,0.002959343250661828,-0.0016709791681452923
2017-05-15,-0.027492985952879856,-0.0002458073321132126,0.005523763514857283
2017-05-16,0.0035773656379796126,0.000983778946342495,-0.000915802347916328
2017-05-17,-0.03438380701321975,0.005404328408467052,-0.017744007382515914
2017-05-18,0.02270424662501913,-0.0008546114849186104,0.004028382941686948
2017-05-19,-0.007123221570720428,0.000610888923602726,0.006504331464659785
2017-05-22,-0.0015442325945463908,-0.0008553098579663354,0.005077197716737869
2017-05-23,-0.020911878559512043,-0.0020797117485461536,0.0022128474492004724
2017-05-24,0.020930680784285283,0.002084045963420822,0.0023329738037263237
2017-05-25,0.02130743638162036,0.0,0.0047794420640761
2017-05-26,0.026228617616507632,0.0004890268775517015,-0.00020673405725035732
2017-05-30,0.030632936854847692,0.0014671594134667565,-0.0008690026971490683
2017-05-31,0.017636485991062267,0.00048807176806819896,-0.00024837720198256363
2017-06-01,-0.0018767257398862869,0.0002690906166928908,0.007952310251678085
2017-06-02,-0.001527722510787366,0.0033006654963601,0.003328479150210617
2017-06-05,0.021980248714097206,-0.00158450652774067,-0.0007373447295061508
2017-06-06,0.0159218742715026,0.0018301509874565358,-0.003196819203937662
2017-06-07,0.019271708483604266,-0.0013390624274324248,0.0018503842907748869
2017-06-08,0.028777999979157753,-0.000731958850856862,0.0004922782760254929
2017-06-09,-0.03427033634338705,-0.0008545470104852626,-0.0015176479127764209
2017-06-12,0.004729671679755576,-0.0002439464975759753,-0.00020540515623479472
2017-06-13,0.04718532194258196,0.0002440060219903728,0.004889995047225426
2017-06-14,0.012528228772248573,0.0036648748971424006,-0.0012677338822205675
2017-06-15,-0.013975690849574174,-0.0010951497487268202,-0.0019241313797888626
2017-06-16,-0.010497150563255842,0.001096350416610159,0.00021827343828650925
2017-06-19,-0.004308019545855357,-0.0014599158161033854,0.008324923753017854
2017-06-20,0.006598147050542957,0.0014620502864404195,-0.006743734501028387
2017-06-21,0.01117554424882039,0.00048678052980055675,-0.0002470808338674857
2017-06-22,0.016498465012477537,0.0003651357492155949,-0.00045265989719478483
2017-06-23,0.0021954374532506815,0.0002430311176460087,0.001194192571685626
2017-06-26,-0.015543088109582714,0.0010946806068674597,0.000658051604012444
2017-06-27,-0.040054017543423526,-0.0034011060103725788,-0.008056173769558916
2017-06-28,0.024477666146892174,0.0,0.008950066099555842
2017-06-29,-0.028256648657213446,-0.002071049519325019,-0.008788619246765439
2017-06-30,0.0023839082899164143,-0.0007327305174967824,0.0018645427716597052
2017-07-03,-0.024861017541874753,0.00011029246740923426,0.0016956730785289142
2017-07-05,-0.07240087231100589,0.0006132586358302827,0.002312037585234572
2017-07-06,-0.05582559174516721,-0.002329723490577029,-0.00914466515759782
2017-07-07,0.014214882525563466,-0.0002454075092006569,0.0064854208309002015
2017-07-10,0.0090352135473033,0.000491180231207089,0.0010736484708413485
2017-07-11,0.03534252795483339,0.000982917790206539,-0.0007426204985423457
2017-07-12,0.007028925342357439,0.002332542195462306,0.007514725534734978
2017-07-13,-0.018542123378747166,-0.00036698674745694326,0.0016803874928230655
2017-07-14,0.013512209263288222,0.0003671214761733488,0.004664078664352367
2017-07-17,-0.0250472625679502,0.0013476294612646544,-0.00012225753471040157
2017-07-18,0.027130254389051922,0.002323556152992623,0.0005293468976181881
2017-07-19,-0.009078761803985369,0.00012157744610852284,0.0054141625682389005
2017-07-20,0.014327017051524393,0.0006107886441766297,0.00044546900024089453
2017-07-21,-0.004607190366594627,0.0010969158132891899,-0.0008903991918483012
2017-07-24,0.04299636569936682,-0.0004869368122351059,-0.0002429943733681661
2017-07-25,-0.008525099770780753,-0.003778585617273733,0.00243110338505792
2017-07-26,0.012514701075326817,0.0024473007887357845,3.9949435226338537e-05
2017-07-27,-0.027308396738741525,-0.0012201468767288892,-0.0009295855117205098
2017-07-28,0.001823831604937487,0.001832334576413741,-0.0011729882870912256
2017-07-31,-0.034619599719763694,-0.00012156402588492377,-0.0005669891574522357
2017-08-01,-0.01205677008226358,0.004066729100994815,0.0022288328643569333
2017-08-02,0.019776573954314758,-0.0006106308159093965,0.0004853371325499456
2017-08-03,0.0650526513735219,0.002075332469664959,-0.001939910111798282
2017-08-04,0.028292383368331286,-0.001584016243274422,0.001822187305812406
2017-08-07,-0.004875225943531958,0.0003664477069569294,0.001859462684542068
2017-08-08,0.02829631263376431,-0.0013416585992284125,-0.002461389698172889
2017-08-09,-0.004627365110779436,0.0007330060103225566,-4.04013264699854e-05
2017-08-10,-0.02236403470594972,0.0014640915668628907,-0.014115189048568566
2017-08-11,0.006949935317051015,0.0008532577265265573,0.0014770596602315944
2017-08-14,0.016570221297372845,-0.0007308954023759195,0.009912944757616504
2017-08-15,-0.004040664276399042,-0.0017055228036918502,-0.00012191398982264179
2017-08-16,0.0016007926501722114,0.001464572939240405,0.001744679411508132
2017-08-17,-0.030283041893870877,0.0018280539761790227,-0.015590802782871394
2017-08-18,-0.012673311114715258,-0.0004871501708973991,-0.0015635359355432588
2017-08-21,-0.027629053784943403,0.00048738760185096375,0.0007830283718124331
2017-08-22,0.010329693388882788,-0.001217121884719563,0.010457049316259015
2017-08-23,0.03345540420719151,0.0029232639736400667,-0.00358539926193302
2017-08-24,0.00045360154190454693,-0.0014574619760279184,-0.0023306684918041887
2017-08-25,-0.013827155730014362,0.001217007439397122,0.002336113197226375
2017-08-28,-0.006866784012039551,0.000485838040823694,4.0990935403772966e-05
2017-08-29,0.004918102123601331,0.001092018141580109,0.0011446841745581526
2017-08-30,0.016754972691134018,-0.0001209225234607425,0.004737629554697476
2017-08-31,0.0077014640323460615,0.0008485435939646901,0.006015914791501542
2017-09-01,-0.001404947921586297,-0.0016515064869330187,0.001414221968295326
2017-09-05,-0.016347760005731682,0.004136107509920217,-0.007181902498262116
2017-09-06,-0.01447411322118497,-0.0016961900873556646,0.003413614845667823
2017-09-07,0.01764727961577761,0.003154682226781169,-0.00012138070228873143
2017-09-08,-0.02056417827336232,-0.0010883343041381277,-0.0011746270877242004
2017-09-11,0.05908562240162629,-0.00302667752134389,0.010666027196788663
2017-09-12,-0.00258466740618446,-0.001458405090259629,0.0033705369392715845
2017-09-13,0.009593398738436676,-0.001216541133473692,0.00047975740410022283
2017-09-14,0.031155332074128017,0.0006091620281856169,-0.00031980186179847436
2017-09-15,0.005746213391062849,0.0001212887303809751,0.001346447649195781
2017-09-18,0.013664753291859899,-0.0007299913663730839,0.0021266719718375793
2017-09-19,-0.025714352807659213,-0.0007309462501542408,0.0010010909162647685
2017-09-20,-0.0031724481425279283,-0.0008521487553493357,0.0003601301472473395
2017-09-21,-0.019871143403731972,-0.00024419579531997915,-0.002679429300352032
2017-09-22,-0.041994069357169206,0.0009758149702276953,0.00020041307088303206
2017-09-25,-0.017374506834339942,0.002194046097814484,-0.0020444900705450797
2017-09-26,0.0007536733698372267,-0.00048684592709835606,0.000602560778037553
2017-09-27,-0.012396827077865047,-0.0030419522703131197,0.0038944376368508227
2017-09-28,-0.004017951352455751,0.0002444053567569604,0.0011999331810135239
2017-09-29,0.004416978099188951,0.00012220299226539666,0.0035150272789339354
2017-10-02,0.001260661839917132,-0.00039082077431151774,0.004338618790385329
2017-10-03,0.019354062073632994,0.0004886415144156331,0.002140101972985642
2017-10-04,0.019733448385671926,0.0,0.0011862529791910603
2017-10-05,0.0009013983077243992,-0.0007332377966255965,0.005925134340791782
2017-10-06,0.004362107763772327,-0.0011011165794272415,-0.0011387662085533545
2017-10-09,-0.03906072378558045,0.0009793858115205722,-0.001650964453339121
2017-10-10,0.03688687271526536,0.0004899685964792067,0.0026381104005417377
2017-10-11,-0.0027841047196057733,0.0004890043727323601,0.0015708523357638171
2017-10-12,0.003045706658163727,0.0008565157544786484,-0.001489815064408706
2017-10-13,-0.00030928456166490204,0.002075083334543759,0.0012174090941179383
2017-10-16,-0.013977550178338238,-0.0009753934505962736,0.0013335131359368813
2017-10-17,0.014689141609866452,0.00012258510061191608,0.0007051822788410878
2017-10-18,0.010962764159067495,-0.0015858256015656158,0.0009784903089182784
2017-10-19,-0.021798981582458632,0.0004884662629660586,0.0002736056241019469
2017-10-20,-0.019072835359806528,-0.002441862111963289,0.0051605458376811075
2017-10-23,-0.023413464914415094,0.0008572301310982855,-0.003889336053556125
2017-10-24,0.0009494297097303317,-0.0017123278368658124,0.0017570042279833054
2017-10-25,-0.034090140970734484,-0.0008580859682294495,-0.004950040988186077
2017-10-26,0.0010127374519863785,-0.0012261722938802233,0.0012925946690955925
2017-10-27,-0.0162492452064249,0.0022097106810803346,0.008175978729552114
2017-10-30,-0.002462011664685293,0.002327390119919004,-0.003724910458166253
2017-10-31,0.03577226121725574,-0.0006105505082160123,0.001558092688790147
2017-11-01,-0.03152052936995098,0.0006494306406565897,0.0013220365558732627
2017-11-02,-0.06795811899941895,0.0009793644644204846,0.0003881492952046983
2017-11-03,0.022822982448676532,0.0008566854486278253,0.003338986137235933
2017-11-06,-0.010813823575954284,0.0007333120484191991,0.0015473706865318793
2017-11-07,0.010799941188298634,0.00036632718582696455,-0.0006951465274394053
2017-11-08,-0.005423931052012332,-0.0007324462188178504,0.0017011870285923436
2017-11-09,-0.004599405105758847,-0.0009781132417044924,-0.0036279888178926134
2017-11-10,0.0,-0.004036408279787795,-0.0003099857430918229
2017-11-13,0.040958453553772145,0.00012333350814142108,0.0009298394600392168
2017-11-14,-0.021242868646299873,0.0012275583678391655,-0.002322270090020062
2017-11-15,0.008422362244802972,0.0023304496686600285,-0.005005315898586771
2017-11-16,0.0038547989871628996,-0.0013462039705725015,0.008500741736262363
2017-11-17,0.008160004160156609,0.0009806295786727315,-0.002938491359176343
2017-11-20,-0.02002852395999022,-0.0006126397060582933,0.0017063953886200522
2017-11-21,0.02937742586698744,0.0008576905153654391,0.006542743346354296
2017-11-22,-0.016393380639855182,0.002081814841073504,-0.000884609138156911
2017-11-24,0.009436982537875505,-0.0002454012379410342,0.002309619793082529
2017-11-27,0.003993010599430358,-0.0003663873479530233,-0.0004989446743091097
2017-11-28,0.0023357961917807035,0.0,0.0101447232213705
2017-11-29,-0.031522607487023624,-0.0024440794207248873,-0.0006088201768097434
2017-11-30,0.004259625415678148,-0.0014700405482865886,0.008755101667611509
2017-12-01,-0.00751174839672486,0.0026801304380899005,-0.002075462071134959
2017-12-04,-0.004338902370729869,0.00012298851856074045,-0.0012101875063993406
2017-12-05,-0.004914735046491203,0.001225275328452291,-0.003596336731299221
2017-12-06,0.03147841020585318,0.0011023370532445842,0.00019003741938350416
2017-12-07,-0.006448398065581062,-0.0013451761087874825,0.0031528404930689646
2017-12-08,0.01249845338924227,-0.0003674150963544065,0.005453093033294554
2017-12-11,0.04372799282987505,-0.0007354013528302339,0.0030129778731806667
2017-12-12,0.036848923969736935,-0.0001229282596100223,0.001765082692946729
2017-12-13,-0.0058645813181393835,0.002820586144583137,-0.0001128285911710103
2017-12-14,-0.003362543847205468,0.00036701146834206,-0.004085798962082499
2017-12-15,0.016455137466531822,0.00012201192436767094,0.008327238489096
2017-12-18,-0.013335307046188238,-0.001588484344464125,0.006341420498800154
2017-12-19,-0.02292913127888241,-0.0030604939385735497,-0.0038405882710897954
2017-12-20,-0.006402953688585233,-0.0019651033183409883,-0.0005240235694156103
2017-12-21,0.008146410493583334,0.0006150658356869343,0.0020595713537461258
2017-12-22,-0.019477747277796942,0.0004919556697240424,-0.0002615778738506158
2017-12-26,-0.02432353347942262,0.0009987086549112512,-0.0011962830759730814
2017-12-27,-0.01780707079988264,0.0030766464439115904,0.0004869705138899061
2017-12-28,0.011936903626468931,-0.0006133336669894573,0.0020570114069626833
2017-12-29,-0.012715657450566908,0.001595790656727658,-0.003770313197419828
2018-01-02,0.029484572024129463,-0.00281925359159918,0.007157079019201262
2018-01-03,-0.010233112708571857,0.0008605276814319662,0.006325477348364306
2018-01-04,-0.008289977599700404,-0.0004911610874692718,0.0042147477163074765
2018-01-05,0.006229740634655645,-0.0013521549446068315,0.006664086500084654
2018-01-08,0.06263821959024418,0.000123243166549436,0.0018286143500902963
2018-01-09,-0.00808538113492141,-0.002953008038409033,0.0022634800701506474
2018-01-10,0.003326413914539472,0.00012329047144321592,-0.0015299951410134849
2018-01-11,0.009408646715617364,0.0,0.007296224257366646
2018-01-12,-0.005119110235858537,-0.0001232752727767794,0.006518666084952329
2018-01-16,0.011421116241414841,0.0007405897700729636,-0.0034182123419248533
2018-01-17,0.02087858455510405,-0.0011101230051835387,0.009531868909739893
2018-01-18,-0.007460532163804823,-0.0019753149777108625,-0.0016808422461795924
2018-01-19,0.015816873268893028,-0.002103168657281107,0.004549588723829379
2018-01-22,0.004399674810198428,-0.0007437127289116052,0.008131120918354773
2018-01-23,0.0034987229726255453,0.0026057528211456127,0.0021224293749635414
2018-01-24,-0.019558338950656062,-0.001113952770974147,-0.0003880629743072683
2018-01-25,-0.02385156263182675,0.0027255060882145354,0.0004233216404820883
2018-01-26,0.015430662178036458,-0.0018539091717122425,0.011577797637997156
2018-01-29,0.019483745784611983,-0.0013606024920375104,-0.006629838275104216
2018-01-30,-0.010614261699658623,-0.001859032586196796,-0.010256934070730472
2018-01-31,0.024550343604870628,0.00024856801028305675,0.0004967036323890728
2018-02-01,-0.014281293846785892,-0.0027748240786968914,-0.0011350319990361957
2018-02-02,-0.015747955382294898,-0.0029937896438089195,-0.02177029288633192
2018-02-05,-0.03089455173037159,0.004379195997632479,-0.04182226370845665
2018-02-06,0.002521527021648984,-0.0032387259268629176,0.01970209485852359
2018-02-07,0.03302687941110416,-0.002250101051893383,-0.005424622189362904
2018-02-08,-0.0862898619278617,-0.0007514187900650171,-0.03750908428816846
2018-02-09,-0.015258637910555595,-0.0025067967652676604,0.015021418690742472
2018-02-12,0.017105860055229627,0.0002514141585390206,0.014684527129672498
2018-02-13,0.025116342037434514,0.0008792981936900368,0.0024874631177618234
2018-02-14,-0.004171050736881843,-0.003263832297621061,0.013496226182082793
2018-02-15,0.036486630791516594,0.0010068858796961067,0.01276017721469036
2018-02-16,0.004250554934988271,0.002139134186053493,0.0002932152374905961
2018-02-20,-0.002146044443117834,-0.0010038487932413354,-0.006261422321088839
2018-02-21,-0.004391140631703427,-0.0037707820849032236,-0.004973993929867637
2018-02-22,0.03861385365210501,0.001261643765038123,0.00129592638237086
2018-02-23,0.016985883239315713,0.0026455773132840754,0.015939351363602583
2018-02-26,0.015253507120131848,0.0005033186207852314,0.011612149781060177
2018-02-27,-0.017990057260484416,-0.002135432533361681,-0.012486624221509257
2018-02-28,-0.022593189478732012,0.0012584157050476996,-0.010129998822608677
2018-03-01,-0.03535822749677753,0.001700639595186404,-0.014540796364548192
2018-03-02,0.012661277814635996,-0.0018867461271310226,0.005154935697053276
2018-03-05,-0.0052816914935877035,-0.0006295507441760329,0.01155804790465731
2018-03-06,-0.015449266428910424,0.00037801762584876997,0.0025348863761462948
2018-03-07,0.012492436638843696,-0.000251834504255144,-0.0003661791602720399
2018-03-08,-0.009629843215428147,0.0011348328336597824,0.004839043887251204
2018-03-09,-0.005864531827206032,-0.0012594755669852464,0.017402549029144287
2018-03-12,0.05605653312252623,0.00100907260762928,-0.0012552508314011002
2018-03-13,-0.010621995702379428,0.0002517372173280741,-0.0064627442718513395
2018-03-14,-0.044494497652946774,0.0021407335650822645,-0.0051314310120659234
2018-03-15,-0.003153405592199232,0.0001251694939681247,-0.001090016966131424
2018-03-16,-0.01305288982206032,-0.0008793880719755176,0.0010843804343059205
2018-03-19,-0.024241461624452176,-0.0007544071011974518,-0.01353012908881468
2018-03-20,-0.00959942757640797,-0.0012588676897873352,0.001700374853037978
2018-03-21,0.019256145072983122,0.0,-0.0019191305955688076
2018-03-22,-0.02347326010471351,0.0016384185724664935,-0.024997181736422958
2018-03-23,-0.024458090225057294,0.00025148206188774225,-0.021314462663628575
2018-03-26,0.00875508689287341,-0.0006286698495047149,0.027359161744496152
2018-03-27,-0.08218823758246674,0.003397579234776016,-0.01701173617684615
2018-03-28,-0.0766530355251378,-0.00012548499184195094,-0.0029549278181058014
2018-03-29,0.032392000767142104,0.0025084230893201998,0.012777586485349879
2018-04-02,-0.05129071230255955,-0.00012518671904482304,-0.02158459475310337
2018-04-03,0.05960860827013281,-0.0011290202106588598,0.012816913037666522
2018-04-04,0.07255264788199489,0.0,0.01069904006515432
2018-04-05,0.06544916484533281,-0.0013820847357839394,0.007892159448235958
2018-04-06,-0.020999583742291605,0.0025158582030722076,-0.022285970904090124
2018-04-09,-0.03220844689083846,0.0010032681488960637,0.004928392369860202
2018-04-10,0.05192293313418306,-0.0017541273548931091,0.01590053460329255
2018-04-11,-0.012372820864378187,0.0007531859281912912,-0.0052424452182592285
2018-04-12,-0.022762782382571456,-0.0018817003510980257,0.008227208253908103
2018-04-13,0.021286738456213206,0.000754099129035124,-0.002933004526090466
2018-04-16,-0.030398916175858104,0.00012558848200772132,0.00822174978516399
2018-04-17,-0.012087505392479714,0.00037671813456419123,0.010698438887123629
2018-04-18,0.019674020987929586,-0.003263538793925602,0.0007402869691617298
2018-04-19,0.02294182395058919,-0.0023921788944658573,-0.005547853049632123
2018-04-20,-0.032791263163394424,-0.0025249525207763357,-0.008479134823207501
2018-04-23,-0.023670076256160577,-0.0005066015318319073,-0.00015018834904634293
2018-04-24,0.0003176334310297513,-0.00177264784949549,-0.01346722301202552
2018-04-25,-0.009772049765610302,-0.0013950078001000454,0.0024716647567608607
2018-04-26,0.017065024181957433,0.0020328194812269107,0.01016566084576942
2018-04-27,0.030124724287798443,0.0015205804497098185,0.0009390683981251868
2018-04-30,-0.0006121312704419068,0.0005062960090180813,-0.0076908504389952
2018-05-01,0.02048323157183285,-0.0015463285414147876,0.0017769074676254881
2018-05-02,0.0041011301765416786,0.00012639744278675202,-0.006717274779579063
2018-05-03,-0.055454155423032336,0.0008888644911866361,-0.0022038733104673414
2018-05-04,0.03389002165305066,0.0006351052745843244,0.0129463196877031
2018-05-07,0.029514774071228045,-0.0005081435688183422,0.0033832516257035206
2018-05-08,-0.002642361564227369,-0.0007605386952944659,0.0
2018-05-09,0.016160606885176954,-0.0011424471307570627,0.009665878807025408
2018-05-10,-0.0059638132116135445,0.00203279135441381,0.00935083061288644
2018-05-11,-0.012982751883414467,0.0010144569667183134,0.003051389181725428
2018-05-14,-0.030193360898847388,-0.0012665706947582178,0.0004762352518392632
2018-05-15,-0.02668080078854762,-0.004694208149252366,-0.0068870942702419224
2018-05-16,0.008093479277920368,-0.0007647177519093384,0.0042051021122317955
2018-05-17,-0.006771859790704271,-0.0008917691418383056,-0.0008444680601576993
2018-05-18,-0.027131554566867888,0.0026809202549640254,-0.0025002870308636904
2018-05-21,0.027707543542699442,0.0,0.007518131141411644
2018-05-22,-0.033322787235185114,0.000253656369038735,-0.0027797859357118204
2018-05-23,0.014763174167753412,0.0030557810359777005,0.002751337884562499
2018-05-24,-0.004371756014124761,0.0020302618941054895,-0.002048943882597354
2018-05-25,0.003599112439287566,0.0021525172306890994,-0.002382502592297886
2018-05-29,0.017608039140968756,0.006951141200983724,-0.011500714091429609
2018-05-30,0.028051857754248344,-0.0030125823921134387,0.013344442816374924
2018-05-31,-0.023961312441811322,-0.0003772444023938393,-0.006125895775566659
2018-06-01,0.024900736382056587,0.0006195774357091732,0.009817720290270504
2018-06-04,0.016859761047419486,-0.002148776104890726,0.004751450494566711
2018-06-05,-0.018905466401010762,0.000886554913775095,0.0007274144305646768
2018-06-06,0.09744783937389845,-0.00278561387691878,0.00836072710467417
2018-06-07,-0.01067291441269691,0.0025396287545493834,-0.0001080882526853788
2018-06-08,0.004966987221204366,-0.0012666589190679645,0.0029565207947892524
2018-06-11,0.045457353862759176,-0.0008869949001472088,0.0013299662262507006
2018-06-12,0.03212891816285279,-0.00012763252044711848,0.0012922168127642575
2018-06-13,0.005863940944921264,-0.0006337640805692546,-0.003190715643109021
2018-06-14,0.037531198826580514,0.0021580803199139353,0.0025176929651169466
2018-06-15,0.001257995940245893,0.00012763853453323648,-0.0012759014737988572
2018-06-18,0.03534633777963303,0.0,-0.002056873564619366
2018-06-19,-0.04929487816484701,0.0016472643684695143,-0.003832766618132588
2018-06-20,0.027428816276547474,-0.002277702432738171,0.001705779871322033
2018-06-21,-0.0406106959223671,0.0005068892614332743,-0.006268563918206516
2018-06-22,-0.039941282796361555,0.0006342709894155973,0.001823090468272115
2018-06-25,-0.0018583828407574554,-0.0001264553541564517,-0.013612478084000568
2018-06-26,0.02699616299368457,0.0016465773209375367,0.002213990788668907
2018-06-27,0.007309997535504653,0.002401634662195562,-0.008284536935510123
2018-06-28,0.01576195226568089,-0.0007564975711804589,0.005717969023983249
2018-06-29,-0.019946872439894237,-0.0002517463222390104,0.0014391628132697232
2018-07-02,-0.022977114068266302,-0.000620365348785179,0.002138139598737876
2018-07-03,-0.07225349003910242,0.002025992580565905,-0.0035312181862776626
2018-07-05,-0.005468763302039603,0.00139051096537246,0.008157714931349425
2018-07-06,-0.0008410200885162755,0.0011357678208778754,0.00845852604368691
2018-07-09,0.031110407612896296,-0.0008821362781341602,0.00900456172641384
2018-07-10,0.012432888210448967,-0.0006316885203988543,0.0035983449957217584
2018-07-11,-0.010884699093960615,0.0005054509578259481,-0.007314494724566689
2018-07-12,-0.007054158152785206,0.0007573672380587482,0.00906622687472547
2018-07-13,0.006820076610119186,0.0008822369421237486,0.0007871581683915885
2018-07-16,-0.027503397391944295,-0.0013850982080702012,-0.0008942874890178754
2018-07-17,0.040599864560402654,-0.0003788313381893893,0.00404541750812526
2018-07-18,0.0035947868010812734,-0.0005045894993628286,0.002103227884569181
2018-07-19,-0.011177999356501767,0.0018938817045228706,-0.0037714015001354406
2018-07-20,-0.020766382110007697,-0.0022689336018152373,-0.0011425665529782858
2018-07-23,-0.03310157507722111,-0.0031585002550775787,0.0018591102533720427
2018-07-24,-0.01903033212777827,0.0015219255959713074,0.005032117932168179
2018-07-25,0.03802573929879505,0.0,0.008522735096443634
2018-07-26,-0.006769469139103035,0.0,-0.002359364153150856
2018-07-27,-0.030882068378310756,-0.0002539402864299989,-0.006776472746455875
2018-07-30,-0.023588372374675926,-0.0011384421349004414,-0.005223235747114807
2018-07-31,0.027466588287701876,0.0007598264417034706,0.004929308977626556
2018-08-01,0.009056163722604094,-0.000545095971768883,-0.001670798637337989
2018-08-02,0.1618801307070199,0.0005070128320816547,0.005447927476655234
2018-08-03,-0.003919521066382159,0.002157927397688164,0.0042847799195371294
2018-08-06,-0.017749896605615545,0.000887168501915836,0.003667069426076086
2018-08-07,0.10988623587715551,-0.001771911679922189,0.0033024358029742906
2018-08-08,-0.024316999264261008,-0.00025421577544626484,-0.00042014337015328085
2018-08-09,-0.04830689844604441,0.0019027400286317775,-0.001366130445775826
2018-08-10,0.008625279557523235,0.0020239239628272454,-0.0067001617320027185
2018-08-13,0.0025880310425296926,0.00012758458313855137,-0.003743673888627841
2018-08-14,-0.024606514038646665,-0.0006324932706046615,0.006380689182611032
2018-08-15,-0.02574509095993638,0.0011371042567946965,-0.007467044204501061
2018-08-16,-0.0095662528859215,0.0005047314089636767,0.008091169896402794
2018-08-17,-0.08928302310985059,0.001135907587673346,0.0035207385942903624
2018-08-20,0.009623619556435647,0.0012597306643442607,0.0021395534935833016
2018-08-21,0.043638852919460236,-0.0005030281324464037,0.0023452927275231517
2018-08-22,-0.0008076457486387856,0.0006290258716281638,-0.0005935130307739289
2018-08-23,-0.004787970396720964,0.0,-0.0013278112253286567
2018-08-24,0.008497354291167936,0.0005035705361515763,0.006018010794609063
2018-08-27,-0.010996885063753514,-0.0012575965922376753,0.007895271438956186
2018-08-28,-0.02320917226401842,-0.0015106403933422552,0.0004834000724387444
2018-08-29,-0.021964997834462707,-0.0006309067843420779,0.005380577443423906
2018-08-30,-0.006098187840544389,0.000757092342671406,-0.00404839580173022
2018-08-31,-0.004915032852453649,0.0002522945788345776,3.467027205839024e-05
2018-09-04,-0.04213355721254075,-0.0015417214370453403,-0.0017222929125616515
2018-09-05,-0.028413192133419196,0.00025353196091848496,-0.00269125059303732
2018-09-06,0.000748019836589231,0.0015179507318818786,-0.003010067905262037
2018-09-07,-0.06303609176210712,-0.003158569813564993,-0.0019432738901966617
2018-09-10,0.08456157301917577,0.0006339225033542562,0.001738581216335744
2018-09-11,-0.021225884732538947,-0.0021536791435882163,0.0032972900606684785
2018-09-12,0.039722289113205855,0.0007617196213562938,0.00024207187769897942
2018-09-13,-0.003717242227533002,0.0006343441060991939,0.005914423384254297
2018-09-14,0.019830074248618157,-0.0016480300143768556,0.00017208727764206344
2018-09-17,-0.001219520705005639,-0.00012631490647574406,-0.005294446720245483
2018-09-18,-0.03350969709584439,-0.0022861496498830514,0.005426029957527279
2018-09-19,0.049340296066073375,-0.001527693921001605,0.0010660080173945374
2018-09-20,-0.0023076098021079794,0.0012750567190005224,0.00810366230096804
2018-09-21,0.0025810871734046614,0.0006365025696659643,-0.0009136630668435952
2018-09-24,0.0019391058399589323,-0.001272256470582045,-0.003321785173676539
2018-09-25,0.004371346808820453,-0.0007647422213794552,-0.0009280401598148469
2018-09-26,0.028539129305709343,0.002550316319655632,-0.0029919360996468747
2018-09-27,-0.006654156583666082,0.0007620984657839003,0.0027945958441972785
2018-09-28,-0.13901536785757185,0.0,0.00010293093475932658
2018-10-01,0.17347133498487532,-0.0018713993453579603,0.0034739155949339295
2018-10-02,-0.0311554076004682,0.0017865843159425854,-0.0005831565613052536
2018-10-03,-0.0206631011122842,-0.005095885182084259,0.0005493673272609634
2018-10-04,-0.043995894024528526,-0.0025596745831697465,-0.007816070051748336
2018-10-05,-0.07053903829718033,-0.0017973171942053945,-0.005596682499008576
2018-10-08,-0.043481542224090175,-0.00038570967222750774,0.0
2018-10-09,0.04885057241581614,0.0019296006031765955,-0.0014592178127577071
2018-10-10,-0.02252663592700077,-0.0007698002627541944,-0.03166366307853841
2018-10-11,-0.01810191714594478,0.002826150042975817,-0.02202609632214314
2018-10-12,0.025968466473239804,-0.0002563604802735542,0.01388824189325688
2018-10-15,0.003130010700919561,-0.0002558123173722615,-0.005617173824447486
2018-10-16,0.06548787831763603,0.0007689842487488274,0.021866028023064032
2018-10-17,-0.017390290644313078,-0.0017932655533849928,0.00017817350134174958
2018-10-18,-0.028957302566477883,-0.0006416113283554958,-0.014441228267867423
2018-10-19,-0.014815721435600171,-0.0005137785276865259,-0.0005423181995706239
2018-10-22,0.0036539667315824698,-0.0003853011992583921,-0.004488834150812693
2018-10-23,0.12718904700256473,0.0014141159429783556,-0.005090753876629495
2018-10-24,-0.019174515010206283,0.0026942149349693523,-0.03029862769598235
2018-10-25,0.09136917152114976,-0.0011516135434362917,0.017940848721274216
2018-10-26,0.05094321706509364,0.0017931573121876543,-0.017587676664780894
2018-10-29,0.011937184073759655,-0.0008951882802759048,-0.005540038673838454
2018-10-30,-0.01478273485251358,-0.0014080111350566193,0.01481837220668969
2018-10-31,0.022491681222557736,-0.002050909475023621,0.010680984096256063
2018-11-01,0.020633172207841666,0.001854812034123965,0.010641771099063169
2018-11-02,0.006186833410645631,-0.003728186494092567,-0.005922898753451977
2018-11-05,-0.014462615214999586,0.0007741503813627482,0.005516859900948967
2018-11-06,-0.0009959108490508184,-0.00012906900830089718,0.006328133280694592
2018-11-07,0.020817452625894184,0.0009029835241090023,0.021408691888871623
2018-11-08,0.00930604908804078,-0.0016751838673120245,-0.0018147431949725457
2018-11-09,-0.0025327462564075365,0.002451875272669435,-0.00976840020274683
2018-11-12,-0.05486289846261738,0.001545020996525981,-0.018685532106898495
2018-11-13,0.022488583932654294,-0.0005143148931319175,-0.001871062364486309
2018-11-14,0.015558041777538723,0.0007716235249006775,-0.0068363844123019435
2018-11-15,0.012907039788430774,0.0001286378018174883,0.010436407877861154
2018-11-16,0.016846485069498707,0.002184535341437588,0.00260094268619504
2018-11-19,-0.0023707949075066903,0.0,-0.016914667520241955
2018-11-20,-0.01691797240752324,-0.0006413981524057144,-0.018506303482694886
2018-11-21,-0.026763395900558984,0.0010267117931908043,0.0034077292399616876
2018-11-23,-0.03654747725516738,-0.00012921009825295204,-0.0066789580227316625
2018-11-26,0.061903481591741416,-0.0007685013421518949,0.01614442232432367
2018-11-27,-0.00601162087941387,0.0006417888446665909,0.003364542421525174
2018-11-28,0.011485270415007243,0.000512501496097606,0.023025626530201793
2018-11-29,-0.019260070246266525,0.0007686951766703309,-0.0021855246636939274
2018-11-30,0.027288440954263526,0.00038386884617702677,0.006095087879538719
2018-12-03,0.022854306277042546,0.0015659508185774662,0.013241693156152534
2018-12-04,0.00337530335871139,0.002433356379649254,-0.03240240196521971
2018-12-06,0.009341156591416766,0.0017887175459194715,-0.001517012942096052
2018-12-07,-0.014019689883274622,0.0020405117147637153,-0.023235910324138076
2018-12-10,0.020057450635827756,0.0010189063463492687,0.0018968726434329675
2018-12-11,0.004409180127082246,0.00012704423939835507,0.00022732889651089216
2018-12-12,-0.00043622097525497505,-0.0010175581199016737,0.005035369572327086
2018-12-13,0.027795937737711274,0.0007639156159591209,-0.0003393047522829429
2018-12-14,-0.029406295404663663,0.0008905747835485922,-0.018464508249067757
2018-12-17,-0.04727787408573181,0.001905482472995379,-0.01961840907945711
2018-12-18,-0.03269048317800338,0.0015222847691727104,-0.0010967394173615475
2018-12-19,-0.012046381459097089,0.0017727561958644777,-0.014975657116606755
2018-12-20,-0.052827576903363926,-0.0013910519575108804,-0.016277754941229627
2018-12-21,0.013919750202525005,0.0,-0.020489562184392685
2018-12-24,-0.07624231754928879,0.00022861514670369232,-0.026423013979600563
2018-12-26,0.10393032040182759,-0.002156417610526651,0.050525042704210765
2018-12-27,-0.030543696163891743,0.0021610777967453476,0.00767749105512161
2018-12-28,0.05611616189772173,0.0024107383178664232,-0.0012902539995467421
2018-12-31,-0.0032048222381534375,0.0025317349982170168,0.008758831310379467
2019-01-02,-0.06814899980682931,0.002019925053103222,0.0010403284060773732
2019-01-03,-0.03147171266518323,0.003905307436929295,-0.023862870360945254
2019-01-04,0.0576973909120706,-0.003011927411564752,0.033495812281357784
2019-01-07,0.05436123871697496,-0.0015100643725538543,0.007884887881681735
2019-01-08,0.0011642764023440666,-0.0012606497510260217,0.009395192369909822
2019-01-09,0.009482625353500751,0.001388038965681293,0.004673468670594705
2019-01-10,0.019023398389568458,-0.0020173496021489434,0.0035275594757859796
2019-01-11,0.0066383165769237085,0.0020214275281686955,0.0003862320337368885
2019-01-14,-0.03703280470952408,-0.0008822420791952945,-0.006100992625631907
2019-01-15,0.029994027272290946,0.00012543458946079333,0.01146088361827613
2019-01-16,0.004703414429845898,0.0003790756480244184,0.0024197459234023277
2019-01-17,0.0036410765019605495,-0.0011346974965424916,0.007586735614214524
2019-01-18,-0.1297111611448507,-0.0007581246744731152,0.013310197234785992
2019-01-22,-0.011050140026936717,0.0017694586841670024,-0.013510543824049925
2019-01-23,-0.03790309945117787,0.0010089135185715747,0.0020925017228243803
2019-01-24,0.013630522645296628,0.0021416530583149296,0.0005315681480533296
2019-01-25,0.018970237843449533,-0.0011312737197612943,0.008461092591149688
2019-01-28,-0.0022219544588429896,0.00037731883519365184,-0.007600085483633889
2019-01-29,0.0036439960027925267,0.002012704836611423,-0.0013269306456116237
2019-01-30,0.038021902704256094,0.0010042414439774827,0.015830680942747755
2019-01-31,-0.005667655087972956,0.004642096689184916,0.008782365022763416
2019-02-01,0.01690437546773982,-0.002779405400303081,0.0004815726883768967
2019-02-04,0.002178046704109926,-0.0008780915968003011,0.007035560360753701
2019-02-05,0.027038217137097087,0.002136203913450263,0.004191668631325252
2019-02-06,-0.012851945460094494,-0.0003771948381385837,-0.0013183370515917892
2019-02-07,-0.030609661584522496,0.0007526520367224787,-0.00953247447837935
2019-02-08,-0.005560810155770368,0.0015040530860725987,0.001221527473823647
2019-02-11,0.02302159754165345,-0.000375537595004527,0.000554522216015263
2019-02-12,-0.003292499161602569,-0.00012514706858424152,0.012859638539446827
2019-02-13,-0.011673755836671518,-0.0015023090386611093,0.0032467908265199075
2019-02-14,-0.014277820308407851,0.001755390392401024,-0.002218226412550095
2019-02-15,0.013529981687833148,0.00037551290218651445,0.010897278132890431
2019-02-19,-0.007275592114103446,0.0008755909615942858,0.0017304759694447558
2019-02-20,-0.010077140160173803,-0.0003743321278107947,0.002015278249961616
2019-02-21,-0.03744719150082565,-0.0020014162810642055,-0.0035556067463159424
2019-02-22,0.011949336815981981,0.002255261891469962,0.006199938835566465
2019-02-25,0.013776227055194656,-0.0003746161340848486,0.0013612428134053278
2019-02-26,-0.0030458399535449043,0.0013752935681743406,-0.0007154857165557749
2019-02-27,0.05667104122280353,-0.001998325803873602,-0.0004296598676677421
2019-02-28,0.016330846005180755,-0.001126041909271347,-0.001862700464813738
2019-03-01,-0.07843566043230532,-0.003088875769010291,0.006243887797310554
2019-03-04,-0.03198883658491347,0.0017635586835655914,-0.0036371749498425032
2019-03-05,-0.03090829156245878,0.0007543272968904002,-0.001360464397895167
2019-03-06,-0.0010848588017886573,0.0012563834350016734,-0.006056491347952497
2019-03-07,0.0012669741182240735,0.0028861984183923273,-0.008365603510851027
2019-03-08,0.02729675994497449,0.0012513141344381307,-0.001999868387274617
2019-03-11,0.023861458586003748,-0.000499923775520883,0.014501128190072654
2019-03-12,-0.025986510550194186,0.0023754410984087038,0.0037708543757739577
2019-03-13,0.019762826693860758,-0.0004989885065015409,0.006619366096356716
2019-03-14,0.0034607328163371864,-0.000873400095194099,-0.0006395592721816223
2019-03-15,-0.05011042604829263,0.0018730388207834903,0.0049403583751193025
2019-03-18,-0.021566273770704303,-0.0006229823865888662,0.0036259458690663937
2019-03-19,-0.007495627621330492,-0.0004990507763799057,0.00024781774520610256
2019-03-20,0.02291845522943481,0.004368726931592182,-0.0030100592083547317
2019-03-21,0.0015350810461096653,0.0002480348326052706,0.011294824727824393
2019-03-22,-0.03463255713040714,0.0054665831544864485,-0.01924647711545291
2019-03-25,-0.015536892576059724,0.001235581375768291,-0.0007516533637400569
2019-03-26,0.028223624718877183,0.0002473719359692428,0.0074539646371973856
2019-03-27,0.026365922874079573,0.0018502768058938912,-0.005229049474778424
2019-03-28,0.013790332193247767,0.0004931252673376907,0.0037905406275269282
2019-03-29,0.004450491478388496,-0.0007385661169863056,0.006305427409331932
2019-04-01,0.03330240519756256,-0.003951334720858735,0.011858695060795732
2019-04-02,-0.011411640419352831,0.0004948520985625926,0.0004902796067212112
2019-04-03,0.020743017324461155,-0.0013625098631933064,0.001573446755787522
2019-04-04,-0.08234816239503528,0.0009930243466094169,0.0026535103842295626
2019-04-05,0.02681314318395822,0.0007438246230992984,0.004840126797721167
2019-04-08,-0.0064009870820075365,-0.0009918865736423532,0.0007623334536213111
2019-04-09,-0.003257712404775681,0.0014883706339030578,-0.005125042353899434
2019-04-10,0.013771070245990558,0.001362029656784447,0.003411322749646395
2019-04-11,-0.027675107337592375,-0.0017306569294501806,-0.0002773314307344954
2019-04-12,-0.00268238221889483,-0.0018581831617643374,0.006765747255525145
2019-04-15,-0.004930856117047799,0.00024857823091961606,-0.0006549147223776641
2019-04-16,0.026203202008537207,-0.0017370386722991293,0.000655343916756923
2019-04-17,-0.007791933226055425,0.0,-0.002447004874227665
2019-04-18,0.007484354720840525,0.0013661686202859347,0.001969329017698751
2019-04-22,-0.03846152638080802,-0.0009927967755309908,0.0008619301496959331
2019-04-23,0.004376739071872082,0.001739648685723294,0.008991573580956036
2019-04-24,-0.019855977462206353,0.0026043559920265746,-0.0022192509027991747
2019-04-25,-0.0426428039397303,-0.00024731176894587925,-0.0006157570342221197
2019-04-26,-0.05043819414148287,0.0022264733202204123,0.004656609772705211
2019-04-29,0.026920128922461872,-0.0020979989124854104,0.0015676971278140162
2019-04-30,-0.011512753335668258,0.0014842875145495427,0.00051026723556169
2019-05-01,-0.019607038171323476,6.168563159736351e-05,-0.007516336396224732
2019-05-02,0.043117745928183515,-0.002228358015780807,-0.002159066268436316
2019-05-03,0.044776827893111326,0.0018615991592536574,0.009787677238421777
2019-05-06,0.0012155112018303882,0.0012385267433943081,-0.004115033340502783
2019-05-07,-0.03242735395158203,0.0014840907314286333,-0.016699580834419914
2019-05-08,-0.008985714919320764,-0.0007411202257304739,-0.001389452476219244
2019-05-09,-0.011681069548660883,0.0009891648210289539,-0.0030257530983108794
2019-05-10,-0.010166102021160528,-0.0001243229689766867,0.005023313853976585
2019-05-13,-0.052229494360313766,0.0020994467812340822,-0.025130201287530074
2019-05-14,0.02334699863237777,0.000616907585618609,0.009043474475249003
2019-05-15,-0.00154966432150061,0.0014778094270786468,0.005858119077636115
2019-05-16,-0.01560679096708617,-0.0014756287290319525,0.009260996830550816
2019-05-17,-0.07576748791335908,0.0002464949005134276,-0.006465251618880563
2019-05-20,-0.02686823480397693,-0.0012314749646671341,-0.006611946454230799
2019-05-21,-0.0013634997375607805,-0.0004930115668455581,0.00901545197621001
2019-05-22,-0.06022036210467108,0.0018496472171416478,-0.0030712588237343796
2019-05-23,0.014320552722358215,0.003570480226807504,-0.012218657432273905
2019-05-24,-0.02486063325357668,0.0,0.002268397527352306
2019-05-28,-0.010124341109633561,0.002085768867877702,-0.009300417532998928
2019-05-29,0.006147333130873456,-0.000244324443490207,-0.006710715340250917
2019-05-30,-0.008637920413351985,0.002694107504807919,0.0027312263129251058
2019-05-31,-0.016257608189742534,0.0043962970439266336,-0.013475424203325481
2019-06-03,-0.03343059616543187,0.0028396686026463946,-0.0025427856992503717
2019-06-04,0.08174561896341825,-0.001701123447183872,0.02170659872412295
2019-06-05,0.01544420373527533,0.0,0.008661958952189242
2019-06-06,0.0476117502048552,-0.00024330101482950006,0.006502556832929995
2019-06-07,-0.007040519976872828,0.002678564277648121,0.010007297310608898
2019-06-10,0.0409780333593881,-0.0020643481898470206,0.004589102033900616
2019-06-11,0.01982334850283829,-0.0007302082797340237,-0.0002425934651855144
2019-06-12,-0.03611234292213106,0.0017049880856805366,-0.001765107605845584
2019-06-13,0.022221120858935794,0.0017020860492458212,0.004126141814204454
2019-06-14,0.004721603986466594,0.0001215664879739009,-0.0011049706908898838
2019-06-17,0.04704074421740101,0.0,0.0003801988047573701
2019-06-18,-0.0012886872369679558,0.002305491605976373,0.010471212177231237
2019-06-19,0.007519764691878983,0.0033904999790106416,0.0022568116706980224
2019-06-20,-0.030075551830091918,0.0015689427788270205,0.00955440919643169
2019-06-21,0.010199478262568729,-0.00277140389345909,-0.0014533487117371902
2019-06-24,0.008023076459826362,0.0018128552208640514,-0.0012244981954430134
2019-06-25,-0.01734926938308201,0.00036089514687231983,-0.00980765011672946
2019-06-26,-0.002229738728571129,-0.0022904326608154113,-0.000997628452800603
2019-06-27,0.016281291255971775,0.0029004652687789623,0.003545920620390053
2019-06-28,0.002782256239630465,0.0008430130215910658,0.005146045611628125
2019-07-01,0.016602537125377292,-7.261427331939352e-05,0.009077975371778457
2019-07-02,-0.011533195712382427,0.0019313179712452389,0.0026043265362023504
2019-07-03,0.0460921555160565,0.001806344310224306,0.007995532116447768
2019-07-05,-0.0076628280158580475,-0.0046888158663569435,-0.001137861173923449
2019-07-08,-0.011840412851381266,-0.00012058339264375828,-0.005494885682799655
2019-07-09,-0.0012156304463569745,-0.0013288420322190575,0.0012465709903219935
2019-07-10,0.038511763106394925,0.000846669483228979,0.004777975026149628
2019-07-11,-0.0013393830898483783,-0.0032632700063636166,0.0023440662265208356
2019-07-12,0.027158434061185455,0.0008489501785933218,0.004477063996403574
2019-07-15,0.034356089485530594,0.0014533137301977472,0.0003324338395389592
2019-07-16,-0.004418164415035952,-0.001330431604395943,-0.003225233649061132
2019-07-17,0.009826533897421275,0.0030281183390508115,-0.006804850279538477
2019-07-18,-0.00517938756868408,0.0018115896908976747,0.003660953207820894
2019-07-19,0.01830088813133579,-0.0010848526544083859,-0.005554929066410641
2019-07-22,-0.009683129904604848,0.0010860308378455308,0.0024563113587339203
2019-07-23,0.017561027246856264,-0.0008430209168631686,0.00715016642951527
2019-07-24,0.018103499372800647,0.0009649762918038096,0.0046995153582540805
2019-07-25,-0.13613708110635003,-0.0010852862082212367,-0.004777215044532768
2019-07-26,-0.003408795800965758,0.0,0.006700262996870876
2019-07-29,0.03389755018959728,0.0006036923985319742,-0.0018214393993402078
2019-07-30,0.02752683338998274,-0.0002415799714490241,-0.0024545446187371756
2019-07-31,-0.002683168467668695,0.0012067217749847092,-0.010940001173419533
2019-08-01,-0.032117800120570084,0.0071613570867676835,-0.00870832547325262
2019-08-02,0.002095391899579857,0.0009588605000943051,-0.0075295402132428135
2019-08-05,-0.025689260005491543,0.004312027162488796,-0.030072903869370893
2019-08-06,0.010643000906475075,0.002504986380802876,0.014022622642125171
2019-08-07,0.011570931609834023,0.0,0.0005906170920992881
2019-08-08,0.020906599400388748,0.0008328348563584331,0.019619941754856818
2019-08-09,-0.013806206102418894,-0.00178279575415341,-0.006811203531341237
2019-08-12,-0.025530805242072074,0.004405810337098748,-0.012173380087396102
2019-08-13,0.02615610421639536,-0.0015407416672432728,0.015551792061117897
2019-08-14,-0.06544687260065951,0.003562334297926295,-0.029567584560636795
2019-08-15,-0.018122136062087457,0.004851289748782905,0.0026419621596156517
2019-08-16,0.01994065540164347,-0.00105920385709668,0.014754982111538917
2019-08-19,0.03132666502806747,-0.0031831857588542345,0.01204754425255361
2019-08-20,-0.00427633574634001,0.002601661838595337,-0.0076628702458407805
2019-08-21,-0.022270402776456533,-0.00047190223703497125,0.008135788649860531
2019-08-22,0.00597746887764683,-0.001888169052104649,-0.00030777591278441374
2019-08-23,-0.048390759958635954,0.00366561440947355,-0.02568748919042152
2019-08-26,0.017029312154725806,-0.0005894988345527263,0.011058497930477085
2019-08-27,-0.004279025860254748,0.0034179353254368827,-0.003923836679951109
2019-08-28,0.007053461155446694,0.00035241679041897456,0.007041690957839686
2019-08-29,0.028387214669075345,-0.000587190999933429,0.012772676681245043
2019-08-30,0.01759049641281729,-0.00011724348372910143,-0.0004439570890000244
2019-09-03,-0.0026594540634046204,0.0009192659235759404,-0.005847048893607432
2019-09-04,-0.01924359313509616,0.001881748793398197,0.01135005570921832
2019-09-05,0.04032988367532808,-0.005166596603937479,0.012855311704582428
2019-09-06,-0.009277824735237306,0.00118032476280594,0.0007724196038416675
2019-09-09,0.019081180789296548,-0.004598554802791366,0.0005032842187056019
2019-09-10,0.016178436782244843,-0.005093772141488873,-0.00023496696010905094
2019-09-11,0.04907867630625118,-0.0005953884117794184,0.0071112066467402535
2019-09-12,-0.004977786258313466,-0.0019058443521907664,0.003463966909102778
2019-09-13,-0.0027249944407460314,-0.0057294530038055624,-0.0006640162110150838
2019-09-16,-0.009747197346762881,0.0026407814669879848,-0.0030883406189029516
2019-09-17,0.008154522822672039,0.002275074278164091,0.002531724251391365
2019-09-18,-0.005310523689140867,0.00071698971333789,0.000597776567697661
2019-09-19,0.012772552981913154,0.0014321722679229154,-6.634252003245855e-05
2019-09-20,-0.024249895148037104,0.003576144457993813,-0.004724664204308948
2019-09-23,0.002535231296753704,0.0007125694073526478,-0.0002349520965047036
2019-09-24,-0.0747005313345035,0.00344202071880062,-0.007846626759424047
2019-09-25,0.02459568391983602,-0.00473090696964662,0.005914938642859635
2019-09-26,0.060603458159791845,0.0016632057672882894,-0.0020830834563924094
2019-09-27,-0.0017728055869207227,0.0010679898550929323,-0.0053873116502639595
2019-09-30,-0.005203793381044264,0.0007116023140678607,0.004637679772875769
2019-10-01,0.015859214917846032,0.000973474693470866,-0.011894672066657286
2019-10-02,-0.006375418940066435,0.0022531114435559996,-0.01766474265922402
2019-10-03,-0.041541666813759925,0.0033125799047395432,0.008192833507341124
2019-10-04,-0.006866001099940178,0.0016507665732177212,0.013531944264719487
2019-10-07,0.027178790132110553,-0.0025900215274231586,-0.004314521249534353
2019-10-08,0.009801398882838708,0.00047226573580738673,-0.01552436666865642
2019-10-09,0.018662857531057897,-0.0011800520883912258,0.009495972758839288
2019-10-10,0.0008587865860343324,-0.0030706384319122426,0.006763554658378856
2019-10-11,0.012870745566869735,-0.0036734111644471934,0.010366991760744515
2019-10-14,0.036588871936986234,0.0016648156411838144,-0.0011136480883396915
2019-10-15,0.0036192563678525413,-0.002612185519339061,0.009900088513623562
2019-10-16,0.007212409177860479,0.001071994422791711,-0.0016060163870631472
2019-10-17,0.008546610329575488,0.0,0.0029489681373886523
2019-10-18,-0.019162530722660276,0.0004758579587242906,-0.0043770015352949665
2019-10-21,-0.01342671065408474,-0.002377494147285386,0.0067788082413398065
2019-10-22,0.00820521085401027,0.0017869263635255095,-0.0032664308481168414
2019-10-23,-0.0035214826899614415,0.000475582519380513,0.002909646142516209
2019-10-24,0.1766923235319593,0.00011953084144722403,0.0016339821617257222
2019-10-25,0.09493463935290936,-0.001664489362749877,0.004094645038541511
2019-10-28,-0.0012799748887760698,-0.0021423589603523086,0.00563668340934953
2019-10-29,-0.03506152059118439,0.00023805723082448438,-0.0002965109874902838
2019-10-30,-0.0038263988223681267,0.003221059552341199,0.0030672967775795534
2019-10-31,-0.0002857299073112385,0.004755134485817436,-0.0026632188077342356
2019-11-01,-0.005112447684490151,-0.0008889244399902241,0.009263467949046422
2019-11-04,0.013277626893232641,-0.002849007875877385,0.004018131154693405
2019-11-05,-0.0007874639488315571,-0.003451691252405076,-0.0011063049971338224
2019-11-06,0.029506271080336877,0.0021499223784025023,0.00022770830981921897
2019-11-07,0.027435877533706687,-0.005125024417533819,0.003517062403289861
2019-11-08,0.004768428440276917,-0.0009585807839725957,0.002466295723388079
2019-11-11,0.02358073903734903,0.0005992978889317602,-0.0019100500278682597
2019-11-12,0.014025304743831235,0.000599384336638753,0.0021078145275972293
2019-11-13,-0.010916495379750035,0.001796630747034511,0.0003237059573981682
2019-11-14,0.009361251460125342,0.0028691206021498328,0.0014557156158208073
2019-11-15,0.008072121852793046,-0.0003569909923740733,0.007236804350321258
2019-11-18,-0.006190230846208622,0.0014311331968830387,0.0007373323804376053
2019-11-19,0.02722937893509192,0.0010717053414430744,-0.0002882243996780165
2019-11-20,-0.020304890883314552,0.002735526632534624,-0.0037188754907456767
2019-11-21,0.00741013246629163,-0.0016605366978058589,-0.0016088779838022704
2019-11-22,-0.06140963459164972,0.0005943270309052284,0.0022238099694307234
2019-11-25,0.009908688492819007,0.0009498287814451167,0.007750051690453619
2019-11-26,-0.022061027047189374,0.0016612844870864674,0.002265907491924457
2019-11-27,0.0072054427979364455,-0.0015403301034385697,0.004457297037659513
2019-11-29,-0.0040749864522633406,0.0,-0.0037082760291713424
2019-12-02,0.014942111414791182,-0.002615634639159259,-0.008494885299780819
2019-12-03,0.003971701615311352,0.005364453744309383,-0.0067068765457102275
2019-12-04,-0.009428951066637326,-0.0020154599574219167,0.006170787843585934
2019-12-05,-0.007987205077007897,-0.0010692991310347066,0.0017975922569046787
2019-12-06,0.016708539482365836,-0.0013083936551397946,0.009134222641649314
2019-12-09,0.010836776557687555,0.0002381512310001277,-0.0031443352119704393
2019-12-10,0.027420335973247223,-0.0007149458790274288,-0.0011147664971506988
2019-12-11,0.011065180701923305,0.0033365919396439736,0.0028387446254432014
2019-12-12,0.019790216517877823,-0.004750000990844994,0.008619034768262646
2019-12-13,-0.0035864603168681564,0.004534065279345301,0.0005987750784803847
2019-12-16,0.06448273954410277,-0.0027314175455805945,0.006870023752183263
2019-12-17,-0.006579228102730705,0.00011870327438834316,0.00021934745658569454
2019-12-18,0.03736239645598238,-0.0013102182004069984,6.274719869558965e-05
2019-12-19,0.02769941872802484,0.0007153910113235629,0.004098524606938714
2019-12-20,0.003836223506470837,0.00023873509507543744,0.004384166006148105
2019-12-23,0.0336053629419828,-0.0006326461075090162,0.0015278019026749856
2019-12-24,0.014383871042812801,0.0009554273523213475,3.126820069843106e-05
2019-12-26,0.013380370052541224,0.0009549570319020706,0.005323453168787129
2019-12-27,-0.0012995234173469594,0.0014306828637173918,-0.0002479838611439966
2019-12-30,-0.03643287242176041,-0.00035732495785956164,-0.005512995057654457
2019-12-31,0.008753267375039453,-0.0010716969206729932,0.002429033788855728
2020-01-02,0.0285181750157113,0.0013121027497238202,0.009351925744638168
2020-01-03,0.02963325829792085,0.003572460951786649,-0.007572062382457889
2020-01-06,0.01925463704513497,-0.0011870569735755732,0.0038148660669132806
2020-01-07,0.03880052465815398,-0.0008309602993084031,-0.0028120262406127194
2020-01-08,0.04920482578812169,-0.0015458310189131463,0.005330041603765823
2020-01-09,-0.021945011900097344,0.0011903062254172703,0.0067803878920937866
2020-01-10,-0.006627297633174267,0.0016655478290166226,-0.0028774371069263394
2020-01-13,0.09768895885093332,-0.0005936218821943617,0.00687719875315107
2020-01-14,0.024882822120200876,0.00142536288609163,-0.0015247926839352388
2020-01-15,-0.03610201351305786,0.0015429696975151064,0.002259906299211467
2020-01-16,-0.009662477636014799,-0.0005929824023075403,0.00831840786681326
2020-01-17,-0.005822894156913949,-0.0001182063037733494,0.0031125624599168678
2020-01-21,0.07189030619278935,0.0024899734837837695,-0.001958062327179322
2020-01-22,0.04086264444061727,0.00082789317377574,0.00012076208454558923
2020-01-23,0.004635122144013071,0.0017721364578957566,0.0011469497109386495
2020-01-24,-0.012897603180825445,0.0015339784575263415,-0.008892983432841839
2020-01-27,-0.012039272835579595,0.003296940576848595,-0.01603006296179077
2020-01-28,0.015913383222044608,-0.0017609222076754305,0.010479575182845924
2020-01-29,0.024854513769903885,0.00282264143718991,-0.0008259105679374601
2020-01-30,0.10296225866535558,0.00023472979119132376,0.003244973069603807
2020-01-31,0.015230690473505337,0.002578927534424569,-0.018157497393066713
2020-02-03,0.19894859376394902,-0.0009022119498248715,0.007428471885754906
2020-02-04,0.13725640223576474,-0.00305011034767233,0.015241245433209372
2020-02-05,-0.1717583947927872,-0.001646623319956575,0.011547746857533125
2020-02-06,0.01940931694254422,0.0009427436854283489,0.0033650899278441226
2020-02-07,-0.001188323805631053,0.00306084103470039,-0.005329837849347041
2020-02-10,0.031026496329857656,0.0015256420979279373,0.007465655886648159
2020-02-11,0.004019260937028868,-0.001640471408633215,0.001732815669407417
2020-02-12,-0.009155657933695438,-0.0011741086293192149,0.006442828868930439
2020-02-13,0.047843652551780025,0.0009405212006170505,-0.0010671457428376163
2020-02-14,-0.004937755668348531,0.0010569024715934017,0.0016022796453272203
2020-02-18,0.0729597130158357,0.0015242431968507386,-0.002577039968217898
2020-02-19,0.06875580895325561,-0.00011728722961512617,0.004781223813532964
2020-02-20,-0.019631105097986157,0.00246007739270504,-0.004108051603025742
2020-02-21,0.0017678087791648256,0.0024536088789344213,-0.010298532955613449
2020-02-24,-0.07459490327646512,0.003146565195103035,-0.03316546530018971
2020-02-25,-0.040633739641448896,0.0008130226909581761,-0.03030190065599514
2020-02-26,-0.026390470576789893,-0.0005803658876876172,-0.0036780237039616415
2020-02-27,-0.1281458395846271,0.001161834695240227,-0.04491206664766423
2020-02-28,-0.016215047800994142,0.006613251735160697,-0.004200996013380753
2020-03-02,0.11322034293215233,-0.0006581400680801819,0.043305972101601364
2020-03-03,0.0025416095259802596,0.006009243663572139,-0.028632364991516
2020-03-04,0.0053520173720666975,-0.00022943075984971362,0.04203320157256529
2020-03-05,-0.033302230445070524,0.0037917687857258464,-0.03324168791932802
2020-03-06,-0.029066704869448956,0.0068681979195051035,-0.016530961986380932
2020-03-09,-0.13572525720249962,-0.002160707814827023,-0.07809517356508966
2020-03-10,0.061398023823663106,-0.013443638495999388,0.05174547157991927
2020-03-11,-0.017200452670558586,-0.018939856969642066,-0.048748409989318287
2020-03-12,-0.11617242301113506,-0.05438476120577562,-0.09567738830434247
2020-03-13,-0.0248505535904755,0.04220065419672259,0.08548622980187881
2020-03-16,-0.18577806455584012,0.010511227061364536,-0.10942373836246311
2020-03-17,-0.03341046380880208,-0.020686070040876525,0.053992334029662414
2020-03-18,-0.1603440409986845,-0.02413951684495741,-0.05063298263978533
2020-03-19,0.1838768421567878,-0.0006182452772487412,0.002125066959801858
2020-03-20,-0.0002571736151377735,0.016955257001860513,-0.04309435502960968
2020-03-23,0.015811747064244486,0.02214940994362946,-0.025568085938363794
2020-03-24,0.16281749323562988,0.0010711495103599145,0.09060328415351337
2020-03-25,0.06782176450892674,0.013439575487171451,0.014969872787086391
2020-03-26,-0.020565621439638027,0.004577210727482184,0.058389887616127734
2020-03-27,-0.026128393930185068,0.005373933661326102,-0.029785585883835952
2020-03-30,-0.02377714859552571,0.0010457063259718957,0.032475917332762894
2020-03-31,0.04355446239344318,-0.00928614659455207,-0.01490543458177096
2020-04-01,-0.08099239055277141,0.0051663594510831246,-0.04500505202823968
2020-04-02,-0.05625466454987249,0.004673136039371251,0.02307554800251621
2020-04-03,0.05619734693587186,-0.0004650330621299714,-0.014454226289862704
2020-04-06,0.0754775752334993,0.003140620701107766,0.06716648145280968
2020-04-07,0.05658223700690801,0.0009280120204524511,0.0010192225972476265
2020-04-08,0.006214994497730331,0.002548761721183679,0.0335682755673552
2020-04-09,0.04402015748241661,0.01097909354627058,0.015217527816885124
2020-04-13,0.13603839302984921,-0.003200894367543894,-0.009130596792383816
2020-04-14,0.09054457315006381,0.0,0.02949332704178409
2020-04-15,0.028088878270565276,0.004931128013057284,-0.021248088115405128
2020-04-16,0.021073401625000487,0.0005707148893652203,0.004824624156960944
2020-04-17,0.011647723586206471,-0.0013685780353656085,0.027014676040455265
2020-04-20,-0.009988248360573104,-0.0015986700878843907,-0.017617723205203606
2020-04-21,-0.07990777996173748,0.0012580416355529866,-0.03036326439621695
2020-04-22,0.06609682849410836,-0.0007996615273755392,0.022195043443211437
2020-04-23,-0.03616946277907396,0.0016008131861942054,-7.173209333211084e-05
2020-04-24,0.02766324531628772,-0.0003424831455062227,0.013938313010863235
2020-04-27,0.10149622245552825,-0.0035402049640962385,0.014418401352398469
2020-04-28,-0.037095477323576875,0.002979647763857951,-0.004598215072535328
2020-04-29,0.040812876924676944,0.0006853824599013514,0.026178394699320595
2020-04-30,-0.023272674923369818,-0.0007992051398493238,-0.009310398454358992
2020-05-01,-0.1030337133662409,-0.0004116336340915794,-0.02647379387281612
2020-05-04,0.08536758793631605,0.0010308213481524664,0.002758518250687292
2020-05-05,0.009222447764407393,-0.0009155520294824582,0.009239095668667652
2020-05-06,0.018705825945557253,-0.004466802153571425,-0.0067790684732552675
2020-05-07,-0.003245695176505081,0.0032214429645549547,0.012067437228413302
2020-05-08,0.05048456274844226,-0.002867307799327534,0.01654594096340145
2020-05-11,-0.0099216488475673,-0.0031050189771087977,0.00020509537959489954
2020-05-12,-0.002317270311292141,0.00323015095415502,-0.019931365170384296
2020-05-13,-0.02279437261341355,0.0011503630526805697,-0.017685765909863038
2020-05-14,0.01563919280204029,0.002756645288493731,0.011966936147106644
2020-05-15,-0.005178425650618879,0.0005725734481225597,0.004597321754356898
2020-05-18,0.018093785504579962,-0.0018318376598853714,0.03045964549821334
2020-05-19,-0.006907343337870575,0.0012619034668046591,-0.01027138336136535
2020-05-20,0.00934395713390801,0.0026342161444277146,0.01698819031159826
2020-05-21,0.01476284478490908,0.0010282178786453766,-0.006903891198530743
2020-05-22,-0.012953077701596039,0.00034245704080060335,0.0018988729117532799
2020-05-26,0.0024360442933191173,-0.0005709152037597365,0.01232068942324882
2020-05-27,0.0016608447192643094,0.00045699306729796163,0.014879166796039511
2020-05-28,-0.017580381620416863,0.0003427975820575746,-0.0018449779863696225
2020-05-29,0.03622440280883765,0.0028512031681848793,0.004455906465513637
2020-06-01,0.07556883131087,-0.0008093472354223641,0.004041524277637043
2020-06-02,-0.018416628784101885,0.0007985163697421527,0.008279705190730624
2020-06-03,0.0015880436011630472,-0.002278865006071995,0.013308383872377538
2020-06-04,-0.021042854169221026,-0.0023990004095242323,-0.0026264421762643986
2020-06-05,0.024618805538279664,-0.00011426323902108404,0.0256294393963008
2020-06-08,0.0725560681818036,0.0010303738009114216,0.012087638689741054
2020-06-09,-0.009737634144336038,0.0006865230138644041,-0.007456705855213852
2020-06-10,0.08970205725269786,0.004229345883148827,-0.005580149976452398
2020-06-11,-0.0509341048991272,-0.0018212460783282314,-0.05764872604008375
2020-06-12,-0.03860863311078977,0.001026561549214211,0.011975483022479194
2020-06-15,0.059468762792361796,0.0020508089962738563,0.00933545752812126
2020-06-16,-0.008850490655781473,-0.001251054168490806,0.019248027745170537
2020-06-17,0.009835722116904755,0.00022761667725723633,-0.004154140963850028
2020-06-18,0.012270733625858066,0.0011379285948505125,0.0003853216378391089
2020-06-19,-0.0030478518902198326,0.0003414797218703747,-0.005715039711914338
2020-06-22,-0.0065740925163715325,-0.0003413631532758199,0.006414972384707118
2020-06-23,0.0075025599927995845,-0.0004545083649521997,0.004603652431496075
2020-06-24,-0.040857298187609414,0.00011370479050154536,-0.02550852066339593
2020-06-25,0.02615401198303724,0.001023330882156115,0.010720789993784008
2020-06-26,-0.026613159231048233,0.0018177302387230032,-0.02375157335709388
2020-06-29,0.05169110801188981,0.000680217374716019,0.01469728081087962
2020-06-30,0.0698073149894527,0.0010195287426286725,0.012809848991133688
2020-07-01,0.03687680726581788,0.00024998460915659493,0.00700466221633822
2020-07-02,0.0795173412803385,0.0015869848179557167,0.00550690892854111
2020-07-06,0.1347939370342961,-0.00033921899146338585,0.015437465433342012
2020-07-07,0.013327688522591696,0.0015855253878100939,-0.010313912828528782
2020-07-08,-0.01725350030984496,-0.0005656947806468304,0.007648709385901231
2020-07-09,0.020792456491456113,0.0027147008510073345,-0.005693092836957514
2020-07-10,0.10784776505418647,-0.0011280372255377813,0.010210509406030965
2020-07-13,-0.030809585105470272,0.0004517863831769997,-0.008658920644699086
2020-07-14,0.013185863099901995,0.0012420836383775224,0.012959156060248889
2020-07-15,0.019257581163604875,0.00011231760368235477,0.009187236560664891
2020-07-16,-0.029346504366899673,0.0006769209021530997,-0.00329355152511579
2020-07-17,0.00013330494375263235,0.0010138707860962715,0.002899179820840647
2020-07-20,0.09472028755869433,0.001012741035143483,0.008081567394961242
2020-07-21,-0.045429074387502544,0.0005621674364999496,0.002127446957385981
2020-07-22,0.015283476518254346,0.0013484027178787272,0.005691872350096716
2020-07-23,-0.04977615338574293,0.0008982032550484131,-0.011931574341868534
2020-07-24,-0.06349339370613127,-0.00022460546748315213,-0.006440616609852512
2020-07-27,0.08652080631985237,-0.000672942889122341,0.0072925467495372764
2020-07-28,-0.040991122577997974,0.0004489990694909185,-0.006342137933785019
2020-07-29,0.015320072049045619,0.0015705864353039445,0.012298448006313079
2020-07-30,-0.007751257440881121,0.000559656656577534,-0.0035675313368095374
2020-07-31,-0.03813804798718812,0.0013435294541264131,0.007902119326083312
2020-08-03,0.03790989277703116,-0.00034733296298106175,0.006952233763608318
2020-08-04,0.0013467807962437295,0.0021285623451403612,0.0038625289238638505
2020-08-05,-0.001331501252462397,-0.0013416875486358393,0.006210805335429281
2020-08-06,0.003070674289896047,0.0015678305754531774,0.006684546804948788
2020-08-07,-0.024751944680411975,-0.0011183152904866711,0.0007180159051822788
2020-08-10,-0.02350091468597615,-0.0011191590537824592,0.002988760971129878
2020-08-11,-0.031144060652225414,-0.0034716964166199293,-0.008254617762878058
2020-08-12,0.1312363947417745,-0.0025853634427928096,0.013942405974144645
2020-08-13,0.042604650478076156,-0.0032676835900314893,-0.001807859026081604
2020-08-14,0.01832819678811437,-0.0011311323473321977,2.9908442779502664e-05
2020-08-17,0.11203058154519474,0.0012454790463276577,0.0031765948249316
2020-08-18,0.028028374195693928,0.001356545517753549,0.0021603525055098327
2020-08-19,-0.004536059116861502,-0.00169302428473872,-0.00416352871364023
2020-08-20,0.06563643667445929,0.00169589547696547,0.0031132728386351616
2020-08-21,0.024052926729070556,0.0021448338557070734,0.003547179296933489
2020-08-24,-0.017453806448256226,-0.0011266440159458657,0.010133419286646683
2020-08-25,0.004537751185374361,-0.0019167246416712524,0.0034995691492503145
2020-08-26,0.06416619165356252,-0.0005650919547480759,0.010025186952089982
2020-08-27,0.039746079206424145,-0.0036182414403903573,0.0021865957314950446
2020-08-28,-0.011323299439907841,0.0007943677525199533,0.006459472891485962
2020-08-31,0.1256890549105465,0.002948019106374433,-0.003622646603049229
2020-09-01,-0.04669690804684601,0.002752485925866077,0.009418594535581581
2020-09-02,-0.05826756524083643,0.002144727671316682,0.014463962178289602
2020-09-03,-0.09023849203316048,0.00011278465939801308,-0.034414142194587494
2020-09-04,0.027813247275265907,-0.005858907628801147,-0.008164512979259575
2020-09-08,-0.21062824320390794,0.0014732301600859365,-0.027323149703155636
2020-09-09,0.10923349433825735,-0.0006785874332698727,0.01974736044815395
2020-09-10,0.013814582587770685,0.0002261775154177581,-0.01736333050442973
2020-09-11,0.003716263443279244,0.001018960691028914,0.0005088510506527921
2020-09-14,0.12583177074233998,0.0,0.01317122000736659
2020-09-15,0.07182685140266343,0.000565307021560324,0.00505221351689622
2020-09-16,-0.01778729846250804,-0.00022566561318293488,-0.003968965267316271
2020-09-17,-0.04149312452942333,0.0,-0.008794646376384607
2020-09-18,0.04421041843491591,-0.001131260043073512,-0.011512971259902582
2020-09-21,0.016374511668703073,0.0005664767998627696,-0.011129385242514278
2020-09-22,-0.055986946823462835,0.0003388694022670169,0.010184516700059598
2020-09-23,-0.10341090738483938,-0.0022616942694853037,-0.023191295309988202
2020-09-24,0.0195341463945935,0.0001136559068968257,0.0026655419067360686
2020-09-25,0.05041385121376596,-0.0001136429906994918,0.0161670345985927
2020-09-28,0.034025594039789775,0.0009073891204560702,0.01660924321021806
2020-09-29,-0.005056919415549199,0.0006790482268632658,-0.00544589526755257
2020-09-30,0.02371912031427703,-0.0015845387604936922,0.007582187618825564
2020-10-01,0.04463774876849502,0.00102238701353774,0.00641979825293415
2020-10-02,-0.0737906918190171,-0.0006810327029759256,-0.009494285116075085
2020-10-05,0.025512531789757986,-0.0037455494769377262,0.017732738171978735
2020-10-06,-0.02748539351192436,0.0013669785950853885,-0.014215723561327609
2020-10-07,0.027344297266189477,-0.001365112515496758,0.017406786454054357
2020-10-08,0.0014577830589765917,0.0017085937656993178,0.008862358552026883
2020-10-09,0.01897077543397918,0.00022780308176306718,0.00893005786506973
2020-10-12,0.01912439516394837,0.0014781600763209557,0.016087551726572613
2020-10-13,0.009834932884270176,0.0007952816591574319,-0.006526230417094325
2020-10-14,0.032799718116372834,0.000566693326902401,-0.006283279733823366
2020-10-15,-0.02692390743031925,-0.0005663723674612653,-0.0012357060419820876
2020-10-16,-0.02051768046956881,-0.000794649688834359,-0.0006041801936795821
2020-10-19,-0.020106014344170586,-0.0009082149581083332,-0.015203733526706786
2020-10-20,-0.020634587544658856,-0.0017049418412421469,0.004005700839858628
2020-10-21,0.0016590325709362475,-0.001138707088249813,-0.0018930187747591143
2020-10-22,0.007453064711647084,-0.0017090752684250088,0.005485470389197777
2020-10-23,-0.012118551755604834,0.0012559242517831137,0.003395156767877383
2020-10-26,-0.0008320996760948773,0.0014819976573738902,-0.01847988245359511
2020-10-27,0.010469159823756513,0.002391122414598934,-0.003447375781465478
2020-10-28,-0.043938975190562446,-0.0013633028650322787,-0.0341789468219279
2020-10-29,0.011846701366300838,-0.002160665180862553,0.010163668107215917
2020-10-30,-0.05547305218949494,-0.0017095800942988904,-0.010425297984257731
2020-11-02,0.03213582666134873,0.0013834388654867524,0.011208617242348673
2020-11-03,0.05840061701119437,-0.00022806038375511317,0.01765603566752305
2020-11-04,-0.006888484603579825,0.006854881522563305,0.022349116793809465
2020-11-05,0.040643300543862226,0.00102075294122983,0.019502923473750045
2020-11-06,-0.01858065570474754,-0.002266781243676297,-0.0002285293172485936
2020-11-09,-0.02021165833954497,-0.004658108584783993,0.012566047108537592
2020-11-10,-0.02587474253102262,-0.0019406038278988458,-0.0014668294263651127
2020-11-11,0.0164977197153513,0.0006864949605831505,0.0074286390850288875
2020-11-12,-0.012873745767280065,0.0033142614371737267,-0.00970114868922245
2020-11-13,-0.007917146283160204,0.00034187892813153375,0.013844658846005053
2020-11-16,-0.0010037182511209997,0.0005690178561648107,0.012482733022737502
2020-11-17,0.08213879250177958,0.0017072189260127768,-0.005378292998259981
2020-11-18,0.10196775866118779,0.0011364811586127566,-0.012034979898072673
2020-11-19,0.025953518324515645,0.0020421491425970384,0.004209989581563489
2020-11-20,-0.019348255020757876,0.0009060347878300234,-0.00684756226377492
2020-11-23,0.06584827501609536,-0.0007916392055798971,0.005994309251813101
2020-11-24,0.06425217853318599,-0.0010196999829296116,0.016113829672109503
2020-11-25,0.03352658623835669,-0.0004532739475191505,-0.0015417203185216222
2020-11-27,0.020487795852708768,0.0021547995391100194,0.0027850425169262394
2020-11-30,-0.031002439645386293,0.0013578214304090785,-0.0044270288544661085
2020-12-01,0.030232565079099327,-0.003021904706618672,0.010936923256021913
2020-12-02,-0.027258998689319136,-0.0017030705059873918,0.002104077769989665
2020-12-03,0.04317707064578702,0.0019329928114060202,-0.0002726597336105696
2020-12-04,0.00953853028069096,-0.0026104402594251397,0.008617677382026345
2020-12-07,0.07131413268972531,0.0013656096932199713,-0.0020550692153522565
2020-12-08,0.01265269756091203,0.0003407566238753379,0.002926196568654005
2020-12-09,-0.06985904262531573,-0.0017039233473322701,-0.008969023703281565
2020-12-10,0.03737095767859411,0.002048672338231583,-0.0003270482781740913
2020-12-11,-0.027237767375868138,0.001589833953991926,-0.0011723588984254851
2020-12-14,0.048918853305726984,-0.00034018931417179044,-0.004477511343130902
2020-12-15,-0.010284031966116491,0.00045326046905769246,0.013519650006811101
2020-12-16,-0.016549539644792777,-0.0010198363145763611,0.0015693565298868783
2020-12-17,0.053197818564255206,0.00022706733081112596,0.005591808085415817
2020-12-18,0.059612778969587055,-0.0003408321197722053,-0.003992686916295951
2020-12-21,-0.06494968189377415,0.00011385514231831984,-0.0035756763205031517
2020-12-22,-0.01464926902636221,0.001588854284888086,-0.0016853879881261191
2020-12-23,0.008807772074100217,-0.0011253216047989456,0.0008988875863391588
2020-12-24,0.02444349518922251,0.001707050167559565,0.0038901613084219022
2020-12-28,0.002901307404113318,-0.00034130025546208476,0.00859106529209619
2020-12-29,0.003465523985226371,0.0003414167810966706,-0.0019080138790656953
2020-12-30,0.0432288658824449,0.0006819848159353992,0.0014268004729340866
2020-12-31,0.01567398119122254,0.0013626298756599375,0.005080958448224315
2021-01-04,0.03415197180829077,-0.0013607756421160078,-0.013614197450826704
2021-01-05,0.007317368906131216,-0.00170349243636847,0.006887549492147427
2021-01-06,0.028390302267496503,-0.004435795802804288,0.005978709813381
2021-01-07,0.07944656360858104,-0.00205676141485045,0.014857283328608695
2021-01-08,0.07840299470467449,-0.0009157359562167455,0.005697691767714952
2021-01-11,-0.07821411721500826,-0.0010308238156417904,-0.006740720485997387
2021-01-12,0.047152947996006445,-0.00022925078399005372,0.00021089727939904712
2021-01-13,0.005850950889994211,0.0026384909870726947,0.0026929288036827703
2021-01-14,-0.011013523157297866,-0.001258934721310112,-0.00350166005201602
2021-01-15,-0.02229585445953386,0.0008018208960383078,-0.007292623192410641
2021-01-19,0.022259629183487784,0.0013741725859857112,0.00785165400514476
2021-01-20,0.00698599786790699,-0.00011481325345552573,0.01383893170161965
2021-01-21,-0.006420156263490129,-0.001371721573564133,0.0009116115233587241
2021-01-22,0.0019526425140830028,0.00045869581694435446,-0.003539456039151956
2021-01-25,0.040347806114603646,0.002287983266312299,0.003943712798340826
2021-01-26,0.0025999188207492807,-0.00011384412635462304,-0.0015607545556565183
2021-01-27,-0.02143608477064074,0.0,-0.024440432696708925
2021-01-28,-0.033246240146660666,-0.0007991653780395902,0.008600004336387412
2021-01-29,-0.05015373491403896,-0.0008006302653928987,-0.020019161106296313
2021-02-01,0.058321672867634566,0.0003325117809780398,0.016645051657991017
2021-02-02,0.039270726531715816,-0.0012593866696047895,0.014140658816520268
2021-02-03,-0.020738065332563282,-0.0017200373495006582,0.0007860133214829812
2021-02-04,-0.005499119810906672,0.00022930537147325403,0.011365734339225497
2021-02-05,0.0026353496607176563,-0.0013778983937910994,0.003935782919279207
2021-02-08,0.0131302972383458,0.001150230491964388,0.007221886297972491
2021-02-09,-0.016168321643152184,-0.00045985359048816843,-0.0006655537633707409
2021-02-10,-0.052550944303998315,0.0016092954713529117,-0.00043582885426196594
2021-02-11,0.008498789811735685,-0.0010331730589184795,0.0016150813497493033
2021-02-12,0.005494900903412869,-0.0026413704307144403,0.004939719905608486
2021-02-16,-0.024383660823671716,-0.0047213925673188495,-0.000865933562597121
2021-02-17,0.0024238672272682837,0.0020829651508642577,0.00022938433428998373
2021-02-18,-0.013493691045324274,-0.000577699487993133,-0.004255870888079216
2021-02-19,-0.007721833533733569,-0.0034659087890559492,-0.0017660330481604758
2021-02-22,-0.08549845855559934,-0.0027823077547851627,-0.007691769040309437
2021-02-23,-0.021917429429917368,-0.00023207785572643136,0.0012146789673292968
2021-02-24,0.06178807266392261,-0.000581797181874677,0.011019100095799539
2021-02-25,-0.08059082496045267,-0.008725533691860798,-0.02409595900999084
2021-02-26,-0.009850152211020369,0.008685077287821752,-0.005152435604225736
2021-03-01,0.06355291148192554,-0.0012934592280730017,0.02424028603801931
2021-03-02,-0.044527636486599076,-0.000116192300568696,-0.0078033228891959405
2021-03-03,-0.048423758283395624,-0.003151530790807766,-0.013245849028865941
2021-03-04,-0.04862218183112754,-0.0031606511318665875,-0.012374649490773937
2021-03-05,-0.037799313531283074,-0.0005874631183443446,0.018396745249613877
2021-03-08,-0.05844967282854319,-0.004582599410350663,-0.0049788802813860444
2021-03-09,0.1964120760817838,0.0033056484478692916,0.014277549535972156
2021-03-10,-0.00819506910832657,0.0018823400296996695,0.006224590336354696
2021-03-11,0.04721134236531421,0.00011736574178589088,0.010138912088709429
2021-03-12,-0.008390501992574073,-0.00598896785771863,0.0013466990464618966
2021-03-15,0.020483461206222797,0.0011818665173664034,0.005963962676087453
2021-03-16,-0.04387377195940434,-0.00011845082468864288,-0.0012617157244534383
2021-03-17,0.03683074261011732,-0.0003538008732187903,0.0034101391516747626
2021-03-18,-0.06932072763951169,-0.004131794849556947,-0.014549670871247034
2021-03-19,0.0026180050626212203,0.0008298942066318205,-0.0018503360240442746
2021-03-22,0.023103830299388672,0.002842504701340287,0.007985072304448337
2021-03-23,-0.01170146456365928,0.0022439732628718456,-0.007870915878152362
2021-03-24,-0.04816058727810224,0.0015322420131804737,-0.005083549763160722
2021-03-25,0.016056627401557888,-0.0007063674555707333,0.005625861565984769
2021-03-26,-0.03385438241576755,-0.0017660008111793912,0.01611479058388232
2021-03-29,-0.01199266702111268,-0.0012975070724118298,-0.0005050576080041225
2021-03-30,0.039801078851212424,0.0010632369168106504,-0.002652788842560483
2021-03-31,0.05083220558444013,-0.0004720478421125218,0.004053171999842231
2021-04-01,-0.009252455923119962,0.0032175837759897963,0.010798936125016034
2021-04-05,0.04427659122771899,-0.001533029248634521,0.014353183530644742
2021-04-06,0.0008247761127986308,0.003543518062022466,-0.00059058783885646
2021-04-07,-0.029857428208930892,-0.0011770724387970555,0.001157352138342782
2021-04-08,0.01912159613436426,0.002238586305757906,0.004747006271224041
2021-04-09,-0.009915155733034697,-0.001293684695984676,0.007269779231516171
2021-04-12,0.03686741230129442,-0.00023496253024402058,0.00036469480434497825
2021-04-13,0.0859569036478478,0.0025904836849344193,0.0029636865041844374
2021-04-14,-0.03947166704647498,-0.0007048139712042545,-0.0034150571966538035
2021-04-15,0.009040931223980753,0.004231021948360336,0.010742302728430131
2021-04-16,0.0012587029151958085,-0.002691092367574699,0.0033424464467719517
2021-04-19,-0.03399658468630862,-0.0005873365310778977,-0.004913198022347687
2021-04-20,0.006101017267521991,0.0016440743554460013,-0.007321331302628242
2021-04-21,0.034951793439894185,0.0010546587200828128,0.009462048325108219
2021-04-22,-0.03283069676699324,0.000468816053809995,-0.00913298237406368
2021-04-23,0.013491908213451476,0.00011670225910331844,0.010842351144827012
2021-04-26,0.012064715006025573,-0.0007022343456931646,0.00208757616661992
2021-04-27,-0.04532647907368281,-0.0025764232289838818,-0.0002155630734179681
2021-04-28,-0.014672094304228334,0.0004697656645595849,-0.0002873224800967744
2021-04-29,-0.02505755171974844,-0.000821651194203743,0.006372669552699106
2021-04-30,0.04791723957558203,0.0014097936238122166,-0.006570407376799259
2021-05-03,-0.034590632711300695,0.0002464350416089278,0.002156682560160217
2021-05-04,-0.01649874089928205,0.0012920168819607891,-0.006169190254221024
2021-05-05,-0.003948959080373515,0.000585948800488012,0.00031283342987364904
2021-05-06,-0.011029338520784915,0.00046922048211017753,0.007985276764304716
2021-05-07,0.013307460953421169,0.00011727637596670171,0.0072782063032657
2021-05-10,-0.06444373139784076,-0.0023428357738003447,-0.00990254144095748
2021-05-11,-0.018822278764288325,-0.0019963554795561222,-0.008924696433578072
2021-05-12,-0.044248212926854213,-0.0035299219162149287,-0.02124504486991252
2021-05-13,-0.030853203980896415,0.0020074349757339682,0.01201235464129713
2021-05-14,0.03157303299711356,0.002356639689904849,0.015355328206426933
2021-05-17,-0.02189098294684022,-0.0009403552429707585,-0.00254447623674503
2021-05-18,0.0018029458511532592,-0.001059343947670488,-0.008615673235910837
2021-05-19,-0.02493638386588848,-0.0010600447241035926,-0.0026218046929262773
2021-05-20,0.04138712802336375,0.0033018631443408886,0.010757970227453395
2021-05-21,-0.010054917128925145,0.00023540251405251844,-0.000818734384469777
2021-05-24,0.0440022264046771,0.0011749438481603036,0.01019436775924909
2021-05-25,-0.002885668382965889,0.002582516682087199,-0.002218882366957886
2021-05-26,0.023879957500782645,-0.0003519606106516804,0.0019844541172919783
2021-05-27,0.018929840154243482,-0.0014050819704675144,0.000525070206740974
2021-05-28,-0.008924522802159385,-0.00011717602826699647,0.0017888489457074108
2021-06-01,-0.002111268599623961,-7.037697442124902e-05,-0.0008810508783679838
2021-06-02,-0.030100952337768105,0.0010570965761034223,0.0015730365670896251
2021-06-03,-0.05334476431283097,-0.0018776019200177352,-0.0037115455072513903
2021-06-04,0.045754470575515294,0.003997278009927552,0.009145909310654066
2021-06-07,0.010149431698305955,-0.0007021185312414691,-0.0009701297702633394
2021-06-08,-0.002544921741878703,0.0018749609077053364,0.00021299178503486615
2021-06-09,-0.007968981371759054,0.001987933293095656,-0.0014918662221659051
2021-06-10,0.018938501740255687,0.0021015984818897326,0.004648468865117827
2021-06-11,-0.0003770180312155924,-0.00023316032176745605,0.0016522870673620904
2021-06-14,0.012789221849023313,-0.002563274747575117,0.0022390987152860475
2021-06-15,-0.029675082579620482,0.0,-0.001834220683455401
2021-06-16,0.009193155632698069,-0.0028038852672996883,-0.005583387946833884
2021-06-17,0.019392614586788648,0.0033975806112351847,-0.00033161624464816963
2021-06-18,0.010882243306208794,0.0031529213924503807,-0.013490226729807264
2021-06-21,-0.003978800587379316,-0.003491644639563085,0.014315748684972096
2021-06-22,0.004638983624974058,0.00140077760780688,0.005346160974933456
2021-06-23,0.05268476618207507,-0.0006994613093034285,-0.0012053411607838571
2021-06-24,0.035411302984154513,0.0004668778051077904,0.005915763971486854
2021-06-25,-0.011694312026312215,-0.0018668486643883542,0.0035522416559727876
2021-06-28,0.025079265670401973,0.0026887057716065144,0.002015713318051171
2021-06-29,-0.011557681931348984,0.000466174674585762,0.000538204170188683
2021-06-30,-0.0015570796861552605,0.0006987275167180673,0.0008418372098917271
2021-07-01,-0.0026188230779431443,-9.331409221080555e-05,0.005536409937055398
2021-07-02,0.0014456370513082906,0.0017495678997927477,0.007643559489438179
2021-07-06,-0.028457809785947474,0.0036088757671761673,-0.0018211863194586009
2021-07-07,-0.02263562857139878,0.0020877805409726946,0.0035336994921679743
2021-07-08,0.012658037290573132,0.000926003741688497,-0.008148048943006803
2021-07-09,0.006341837079579804,-0.0031226685844485402,0.010674949342087459
2021-07-12,0.0437628194032984,-0.0003480039200489671,0.0035818853585263266
2021-07-13,-0.0250255268170938,-0.003133021857377516,-0.003408859239012574
2021-07-14,-0.022676262535623493,0.0033759241947688423,0.0014920873271000445
2021-07-15,-0.004254796226577984,0.0024364132047247633,-0.003415647744429262
2021-07-16,-0.009806316575730722,-0.0009254826573678043,-0.007843544885131393
2021-07-19,0.003104482057777691,0.005676020494041811,-0.014767896556367899
2021-07-20,0.02209778342837665,-0.0010364695558311432,0.014330330518607548
2021-07-21,-0.007888019850240235,-0.003229040287943241,0.008096498365012916
2021-07-22,-0.009202007847976312,0.0021981809434645783,0.002094147207954089
2021-07-23,-0.009056424875986235,-0.0011543237081204083,0.010288091455033843
2021-07-26,0.022133069927244398,-0.0005778288556074207,0.002454801227526726
2021-07-27,-0.01952494819687245,0.0025435240271571846,-0.004557821834854758
2021-07-28,0.0034120354402995545,0.0009228993829288878,-0.00040988879971970427
2021-07-29,0.04694118807422987,-0.0017282869908435972,0.004147221952083502
2021-07-30,0.014541928508582602,0.0015001873298936541,-0.00485627034406555
2021-08-02,0.032697928666004517,0.00237856611007059,-0.0020980209755931956
2021-08-03,9.862621233169833e-05,0.00023030091796516494,0.008135432551714006
2021-08-04,0.001662548831768751,0.0,-0.00491893395810461
2021-08-05,0.005218642492307302,-0.002302581705879936,0.0063330688573126626
2021-08-06,-0.021731523084098314,-0.004731902474324756,0.001652187513119685
2021-08-09,0.020969779282747014,-0.0018551154905404044,-0.0008135517277587656
2021-08-10,-0.005281893495678203,-0.0015105169940161645,0.0012439567217679137
2021-08-11,-0.0030563570472872392,0.0006979766674293231,0.002484969951704885
2021-08-12,0.020386528392057013,0.00011624830596645985,0.0029968660599308805
2021-08-13,-0.007033557040173943,0.003953228364320216,0.0018200652306801235
2021-08-16,-0.0432254973537064,0.0009258033147603317,0.0023545882838802434
2021-08-17,-0.02981764971635026,-0.0010405137318378888,-0.006555313153084108
2021-08-18,0.03497015710402862,-0.00023178775767773718,-0.010945013446050145
2021-08-19,-0.02252568828990298,0.002200736267372605,0.0015483648788081616
2021-08-20,0.010082056516856674,-0.00023164193790092824,0.007957007957156481
2021-08-23,0.03827951753459802,0.00023169560832059233,0.008796513622363333
2021-08-24,0.0031006472789958384,-0.001964571268434079,0.0015874109782492152
2021-08-25,0.0038250458739306215,-0.0016216872287839745,0.0020984699173149934
2021-08-26,-0.01411697599720807,0.0001156679185450038,-0.0059032710202199246
2021-08-27,0.015346011908018431,0.00289975029180245,0.008941074035186514
2021-08-30,0.02667435264494311,0.0011565051245194802,0.0043974519754341745
2021-08-31,0.00658083407543808,-0.001270871701046894,-0.0014815176360815085
2021-09-01,-0.0022155233598404322,0.0001738779015745262,0.000531329187789531
2021-09-02,-0.002315788147756681,0.00139005874172482,0.0030767193839971174
2021-09-03,0.0016111325842673718,-0.0020821421951471297,-0.00024280609490845428
2021-09-07,0.02637783858939624,-0.0028977545140145278,-0.003575449383245277
2021-09-08,0.0012617502122473923,0.001627562110055658,-0.0012181763806282664
2021-09-09,0.001313231087076927,0.003597802466970057,-0.004280439886507614
2021-09-10,-0.024627038366134335,-0.002428689956556873,-0.007884541387042532
2021-09-13,0.00914066245943812,0.001507317136673958,0.002559368891811298
2021-09-14,0.0020053498586631857,0.002430526003584843,-0.0053964516942739404
2021-09-15,0.015231899000174076,-0.0009240568142114824,0.008352481481669338
2021-09-16,0.0015347617076681974,-0.0018487928869888037,-0.0015851407507733173
2021-09-17,0.0033025333532406,-0.0012732703626250341,-0.009741278216461202
2021-09-20,-0.03860484330594227,0.0027816612883060365,-0.016673975285978138
2021-09-21,0.012613531089680885,-0.00023081861263585246,-0.0009446974077511605
2021-09-22,0.0169871810945057,0.0010408818482119386,0.009754791171794563
2021-09-23,0.00226081461648886,-0.005313798816343862,0.012149989619300694
2021-09-24,0.027533059916662994,-0.0020908121955038883,0.001647363458348483
2021-09-27,0.02191406322043732,-0.0011635119660106108,-0.002860896033312188
2021-09-28,-0.01743835612317879,-0.004310850193204763,-0.02015196641988448
2021-09-29,0.004822778775393388,0.00011691805264790744,0.0016831444070213308
2021-09-30,-0.0074618094773734045,-0.0002339130546322732,-0.01222235432608565
2021-10-01,-0.0003352887910832436,0.0033994694783134882,0.011884394147321675
2021-10-04,0.008139621398127295,-0.0007010846852916197,-0.012896247408394457
2021-10-05,-0.001202850103416031,-0.0024549977758442365,0.010405042652853913
2021-10-06,0.0027671424905384434,0.00046897305746140816,0.004156131172742272
2021-10-07,0.013874260399496352,-0.002810955795851666,0.008645470595146865
2021-10-08,-0.010231834522373306,-0.002466715594005686,-0.0018237156490518158
2021-10-11,0.008211528565575943,-0.0015306557110266183,-0.007239506332152201
2021-10-12,0.01740026730336086,0.0036559274301291023,-0.0024616900100550287
2021-10-13,0.006652379022320076,0.002702025274602171,0.003597500844806145
2021-10-14,0.008926471099504285,0.0017580493223667837,0.01682074954508095
2021-10-15,0.030195999501915205,-0.0024569287921635263,0.007615951616618988
2021-10-18,0.03212224493643445,-0.0005861853122018923,0.0029604450091591517
2021-10-19,-0.006711860640270406,-0.002815903679324272,0.007714613382472368
2021-10-20,0.0017703140411262641,-0.001176789661675559,0.00392777323237925
2021-10-21,0.03257101073349511,-0.0014132242564637298,0.002608222830029039
2021-10-22,0.01753910755951127,0.002123151389523459,-0.0010360114063148185
2021-10-25,0.12661598362581983,0.00047091657966835676,0.005362778200538987
2021-10-26,-0.006274050392506725,0.0020001654500503285,0.0008998767608237035
2021-10-27,0.019078438805710585,0.003640055175089252,-0.0044300231937340895
2021-10-28,0.03775074872979922,-0.0012865952312675066,0.009648957015238269
2021-10-29,0.03431629436179362,0.0002343794148147449,0.002028907637406263
2021-11-01,0.0849102277797451,-0.0007747926884920098,0.0017202645577378828
2021-11-02,-0.03027499529203259,0.001878761761429315,0.004043281342593907
2021-11-03,0.03571673801973452,-0.001757580686020832,0.006105009202364675
2021-11-04,0.013222297879683653,0.004578277085427462,0.004712601816768247
2021-11-05,-0.006358169933862068,0.0030375478500743736,0.0034696868059398422
2021-11-08,-0.04840070953386311,-0.002213474233257351,0.0008538285886485752
2021-11-09,-0.11990303254359846,0.002801951572549699,-0.003305581028484439
2021-11-10,0.043429451929624774,-0.006752635318586719,-0.0080448740782183
2021-11-11,-0.004157528824601631,-0.0016408122171505113,0.000323638136338511
2021-11-12,-0.02829310201599211,0.00011695381732668153,0.007546750580430306
2021-11-15,-0.01938224449936754,-0.004108552580449509,0.00034256386695119545
2021-11-16,0.04079376842602822,-0.0007071541669407821,0.003957771423538148
2021-11-17,0.032501208284666294,0.002123173407868828,-0.002429290083563851
2021-11-18,0.006767610267700563,0.001177378763250303,0.003396398209074558
2021-11-19,0.03710391800920432,0.002116288020781676,-0.0017883833243406144
2021-11-22,0.017422122080461122,-0.004928307004407495,-0.0028151036715462485
2021-11-23,-0.041352932727292124,-0.004008293396557394,0.0013260786274829073
2021-11-24,0.006284772484400847,0.0023674013307519726,0.002669778488470387
2021-11-26,-0.030537595031082,0.00708574477402979,-0.02230301381434996
2021-11-29,0.050900227900227524,-0.00011681674474772752,0.012266478619664234
2021-11-30,0.006833823403773698,0.001877206984477242,-0.019457541304322534
2021-12-01,-0.04346763456194869,0.0006448480087313246,-0.011107357043307897
2021-12-02,-0.00949773919092467,0.00011643238288128188,0.015316443231126575
2021-12-03,-0.06419876077133224,0.0038665603236109902,-0.008701220455040848
2021-12-06,-0.005872086315763081,-0.0026843010737100936,0.011843222712984991
2021-12-07,0.04235837141187604,-0.002223592464516422,0.02068486826105853
2021-12-08,0.016363195584229162,-0.003049438445899777,0.0026478577207404985
2021-12-09,-0.06095644581905246,0.00047061952274640717,-0.006751411520760087
2021-12-10,0.013179927022311633,0.0003527203649429378,0.00941340573330196
2021-12-13,-0.04977243020772948,0.003409053697418951,-0.008858222257253967
2021-12-14,-0.008174578197676419,-0.0016401694235460562,-0.006880111068456984
2021-12-15,0.018236618133556703,-0.0012909927412498856,0.015625108656965203
2021-12-16,-0.050277132790258694,0.0012926615579380574,-0.008818597942105821
2021-12-17,0.006095449446181567,0.0017599809115047549,-0.010642892056557551
2021-12-20,-0.03498927121736173,-0.0016396659063804275,-0.010633393162391314
2021-12-21,0.04288056302579579,-0.0010554898274305335,0.017758888836374664
2021-12-22,0.07494705523716627,0.001056605063326499,0.009998681803466525
2021-12-23,0.05761886305530961,-0.0015178651542003818,0.00622240172806432
2021-12-27,0.025248391499066658,0.00047089696228197475,0.014151979798146863
2021-12-28,-0.005000275342793459,-0.00011774698132693828,-0.0008171989491738696
2021-12-29,-0.0020947102761840197,-0.003299700626914981,0.0012791376706349222
2021-12-30,-0.014592268383646134,0.0022463272904298393,-0.002764426154866384
2021-12-31,-0.012668840823859995,-0.00023577179793732306,-0.0025202670338718702
2022-01-03,0.1353166841897706,-0.006725776560843499,0.0057899544277022486
2022-01-04,-0.041832696836128,-0.00011871213096159572,-0.00033492269416623976
2022-01-05,-0.05347121367683638,-0.00344547708242382,-0.019202261040751623
2022-01-06,-0.02152337383085412,-0.0010725466641616777,-0.0009393323559383493
2022-01-07,-0.035446567451716815,-0.002745091706580771,-0.003953479812882854
2022-01-10,0.03034195341380186,-0.0008376796010465259,-0.00124435440816828
2022-01-11,0.005935024657598653,0.0020359492649195676,0.009108300908363676
2022-01-12,0.039289748931841784,-0.0003583499664799872,0.0027035181777697037
2022-01-13,-0.06749107331435766,0.0016739567854784365,-0.01377854483241392
2022-01-14,0.017497758575059086,-0.005490967188480855,0.00040893964261723426
2022-01-18,-0.01819724123253097,-0.006242162664576778,-0.01770954248190848
2022-01-19,-0.0338278969185718,0.0024159205285307905,-0.010383731107788674
2022-01-20,0.0006227038828787723,0.0010845813620372624,-0.011067913110585637
2022-01-21,-0.05256606712507206,0.0037311415130050207,-0.01963052262949616
2022-01-24,-0.014726129872195681,-0.0015589380386820118,0.004246502729820634
2022-01-25,-0.012473124842489969,-0.0013212182186422838,-0.012208835791505224
2022-01-26,0.02069905258271132,-0.005531804418828168,-0.002508884263156319
2022-01-27,-0.11554175561970448,0.0032652271119408827,-0.004937962824094755
2022-01-28,0.020805692766870276,0.001205217934870939,0.024835426154634188
2022-01-31,0.10677611383930952,-0.0007226222830860607,0.018011012445932284
2022-02-01,-0.0058395266373975074,-0.0003981718403966994,0.006757167374790152
2022-02-02,-0.02747919159891432,0.0014486778349840357,0.009713882349301928
2022-02-03,-0.016032495024879134,-0.004219579491719694,-0.02350487538784396
2022-02-04,0.03611110968421327,-0.006174052880599357,0.004701955882633779
2022-02-07,-0.01730718642133755,0.0008525633310865199,-0.0032091174905215514
2022-02-08,0.0161571905234128,-0.003286455607649841,0.008227811338079372
2022-02-09,0.010845920427172029,0.0007334623010835095,0.01463613427451338
2022-02-10,-0.029452771017468238,-0.009152132247502998,-0.017965830881221834
2022-02-11,-0.04925102969626416,0.006527100023485888,-0.019718484524574698
2022-02-14,0.01832566437213501,-0.005628346766309411,-0.0032692995482640486
2022-02-15,0.053290764282768466,-0.0020919138447846874,0.016126840949621135
2022-02-16,0.0010407532409399955,0.0013563455941139058,0.0011208962633302288
2022-02-17,-0.05094269900666093,0.0022166363291136193,-0.02136149452245817
2022-02-18,-0.022103035296720752,0.0017198998542071742,-0.006475034228912602
2022-02-22,-0.04136624223452856,-0.0006133577492456466,-0.01073184169099406
2022-02-23,-0.06997917599526948,-0.00503199186975567,-0.017738511546967817
2022-02-24,0.04807345500262783,0.002220573642019552,0.015049066157257318
2022-02-25,0.011364031324829549,0.0008614861157081322,0.02206414667983303
2022-02-28,0.07477746853358713,0.007378214085247192,-0.0025585466103814625
2022-03-01,-0.006962143345558558,0.005244979085179846,-0.015230282317301502
2022-03-02,0.01795529711451649,-0.012284001271971379,0.018396021470661994
2022-03-03,-0.04614210448825773,0.00443302153836278,-0.004978431659963367
2022-03-04,-0.0011915196265851469,0.0035551884159084057,-0.008124566160419677
2022-03-07,-0.04021280504200253,-0.0048868153225097855,-0.029478979646867298
2022-03-08,0.02463394210323222,-0.004664737229109095,-0.007581803825475353
2022-03-09,0.04193357517885765,-0.0027132197599285535,0.026810845954397422
2022-03-10,-0.024063755330148706,-0.005317251595229999,-0.004515734726613152
2022-03-11,-0.0512345859010529,-0.0007462574514776055,-0.012715027898951847
2022-03-14,-0.036436802368687404,-0.009208010013394219,-0.007308356109775649
2022-03-15,0.046348355546253384,0.001633265751068036,0.021990738400172072
2022-03-16,0.047812040425278646,0.0015039473644946622,0.022173959633148277
2022-03-17,0.037335010469022656,0.0008764266072169846,0.012511009004433138
2022-03-18,0.03876779427650434,0.0028769295345765222,0.010952720576020925
2022-03-21,0.017417963888751054,-0.010227211760287624,-0.00029233270735296024
2022-03-22,0.07905243778179138,-0.0025197696673937564,0.01170138420250555
2022-03-23,0.005161136057840299,0.004547488330336691,-0.012878394348902589
2022-03-24,0.014823128420135223,-0.001257848528077754,0.015074494561943208
2022-03-25,-0.003234937980317265,-0.008813476096417916,0.004883483976803937
2022-03-28,0.0803450783611821,0.0029217691058862627,0.007112921939135042
2022-03-29,0.007079858095940583,0.004433081614747536,0.012370940707510991
2022-03-30,-0.00507475414515135,0.0022697860671885284,-0.006174755175857527
2022-03-31,-0.014981813142339484,0.0007551776919023645,-0.015391362816992049
2022-04-01,0.006486599368272561,-0.002168181460519114,0.0028340001554956196
2022-04-04,0.05611341298759176,0.0007582466964011214,0.008566638596647635
2022-04-05,-0.047308971544201106,-0.010097005790915103,-0.01263131176285559
2022-04-06,-0.041694894294368345,-0.003060368535774516,-0.009999301043953635
2022-04-07,0.010996816105212748,-0.0020463963036440047,0.005038924637421172
2022-04-08,-0.03004944796541842,-0.005382678876090008,-0.00267401987308169
2022-04-11,-0.048328086073804455,-0.00463832108162765,-0.01709216720496587
2022-04-12,0.011291813566499442,0.003236195856380686,-0.003705193268031648
2022-04-13,0.03588835603591267,0.0011610273316249309,0.011453627628813301
2022-04-14,-0.03655231880843268,-0.0068307052861299455,-0.012452177561121602
2022-04-18,0.019583733431163042,-0.0032440617295995677,0.0004114509966000046
2022-04-19,0.023758093445249484,-0.006249030511346287,0.016142754272317594
2022-04-20,-0.04955503671370076,0.006288326455230253,-0.000741711111332255
2022-04-21,0.03231684066245499,-0.00533789720415212,-0.014953493224835746
2022-04-22,-0.003697576672395231,-0.0013094098540313848,-0.02743928160120568
2022-04-25,-0.006994645387893739,0.006291494905655837,0.005797751707264709
2022-04-26,-0.12184121881948873,0.0026045988124183683,-0.02896079727872003
2022-04-27,0.005807678470473254,-0.003117558916986063,0.002811703443614144
2022-04-28,-0.004537702888526063,-0.0003909565292318229,0.025259562948446224
2022-04-29,-0.007692220213591394,-0.006778389621798775,-0.03695566671342476
2022-05-02,0.03695628471433299,-0.005115313545072775,0.00601941743001233
2022-05-03,0.006988279761963367,0.002379227798475325,0.004583833763789347
2022-05-04,0.04769864576468552,0.006460976415335606,0.030453052107655143
2022-05-05,-0.08328615317548016,-0.009956670184825822,-0.035542721152925894
2022-05-06,-0.008737180698190294,-0.004234864913581493,-0.005968866661530514
2022-05-09,-0.09072948807249681,0.004518220718196186,-0.03201727484467476
2022-05-10,0.016427173986372612,0.002911012605331331,0.0023105222350310317
2022-05-11,-0.08254582843646041,0.0034291021353538564,-0.01588610858718531
2022-05-12,-0.008174386751047313,0.001971811517894606,-0.0010439698086005533
2022-05-13,0.05712909369145702,-0.0036733179053981546,0.023907672036987515
2022-05-16,-0.05875856161837267,0.0015802648691736199,-0.004057605392261632
2022-05-17,0.05141017778952928,-0.005916441457554877,0.02057061995763676
2022-05-18,-0.06801379812405906,0.004232160940749408,-0.04031168039717303
2022-05-19,-0.0005494634476534976,0.0021072204144461093,-0.006124490743128264
2022-05-20,-0.06416505716141863,0.003022802980170436,0.00043644122323094336
2022-05-23,0.01656871415985961,-0.0035379787325675593,0.018710073443992448
2022-05-24,-0.06925464690507588,0.008153028813562058,-0.007633674221568465
2022-05-25,0.04877737911795821,0.0040426886861839595,0.008834721524366707
2022-05-26,0.07427138936829314,-0.0010388973094702658,0.019981469166227228
2022-05-27,0.07333306253742577,0.002860965978621177,0.02454912525413122
2022-05-31,-0.001803563389055185,-0.00570538079137628,-0.005611112032488763
2022-06-01,-0.02359349020027357,-0.004468640822849812,-0.008088388847158123
2022-06-02,0.04677398003874078,0.0009185271373088888,0.019043354742595442
2022-06-03,-0.09219359988526965,-0.0014425182660972036,-0.01641146670042104
2022-06-06,0.0160472016783606,-0.005909202649334477,0.003044709318429817
2022-06-07,0.0025460558898939833,0.0034348637221319755,0.009592434408735251
2022-06-08,0.012474516432601446,-0.0040818256410610765,-0.010872276282665294
2022-06-09,-0.008930555308462429,-0.0013216812934736533,-0.023782883941029787
2022-06-10,-0.031190911234383223,-0.008470928822306933,-0.028995549492963124
2022-06-13,-0.07102153990705962,-0.016152608583899553,-0.037968125358493254
2022-06-14,0.023887157055640484,-0.005427849414425978,-0.0030135539657322186
2022-06-15,0.05482367080362738,0.011459716690453536,0.014256442303858696
2022-06-16,-0.08540769912654234,0.002158302962075087,-0.03309606295452783
2022-06-17,0.017174980283869212,0.0005383252566859564,0.0021557036196331314
2022-06-21,0.0935443480214786,-0.004573656263112902,0.02517359445905676
2022-06-22,-0.004007805884153504,0.008243156972271404,-0.0018130151518350734
2022-06-23,-0.004306310889948484,0.00482550232187684,0.009802663735166028
2022-06-24,0.04524889345059324,-0.00186765015865209,0.03179387349826457
2022-06-27,-0.0032016505127857586,-0.004810495080752819,-0.0038196869409969914
2022-06-28,-0.0500435578248114,0.0005366256410364034,-0.020432874236847143
2022-06-29,-0.01793718238090891,0.00577145119120015,-0.0008143084860704475
2022-06-30,-0.017579227799377373,0.004269821683979824,-0.008124327434265832
2022-07-01,0.012429131666979787,0.007974670637745485,0.010576534864845
2022-07-05,0.025535704813974602,0.0017174432324560396,0.0018885553075462802
2022-07-06,-0.005720802000385383,-0.0060655880760438485,0.0033771288799431254
2022-07-07,0.055279044880592876,-0.002785941116563828,0.014977293474191189
2022-07-08,0.02543516968760029,-0.003325928682747503,-0.0008225891471367319
2022-07-11,-0.06548005948146851,0.0037377460776186755,-0.011423514422112424
2022-07-12,-0.005433611636988744,0.0017285087926317555,-0.008848880536049042
2022-07-13,0.017033448479672808,0.0031858635905845922,-0.005251869517608254
2022-07-14,0.005371861218914864,-0.0031757460967222206,-0.0024284022872107514
2022-07-15,0.0073572315408600986,0.0035842851310194934,0.019105124956755315
2022-07-18,0.001999426810217919,-0.003042075373991593,-0.008256925598224774
2022-07-19,0.020716718219316865,-0.0007964199381051973,0.02701916990267117
2022-07-20,0.008023464466653252,-0.0009292780513695531,0.006373116320349981
2022-07-21,0.09780470722853529,0.008239864962610088,0.010183071176296243
2022-07-22,0.0019752262198982073,0.008173446429190934,-0.009277885444573974
2022-07-25,-0.013994935471540293,-0.003661275176339407,0.0012148737575126134
2022-07-26,-0.0356637312112531,0.00026216106074161694,-0.011830992288901943
2022-07-27,0.061655036992220635,0.0027556974690365887,0.025966349242797504
2022-07-28,0.02212352234272652,0.0069346533176639635,0.012542474547382332
2022-07-29,0.05784976985791013,-0.0007800793165837483,0.014578559200933094
2022-08-01,0.00042631152414229767,0.004338976298998487,-0.0029611643922912156
2022-08-02,0.011134400598203698,-0.01011925177575912,-0.006597331049786548
2022-08-03,0.02265568716125621,0.004980529120325983,0.015659345622849097
2022-08-04,0.004023022853486102,0.0024780369778008016,-0.0006755012116453907
2022-08-05,-0.0663030068235908,-0.011318376252215323,-0.001690050019013234
2022-08-08,0.007819434052879659,0.004473926719674948,-0.0011611025054493185
2022-08-09,-0.024412625864385085,-0.0022269999253666795,-0.003970906265283847
2022-08-10,0.03890581776676605,0.0027568301047176114,0.021003880766511163
2022-08-11,-0.026249292544206493,-0.005629641509884431,0.0
2022-08-12,0.046750143628413676,0.004608409281427139,0.016929153414315667
2022-08-15,0.03096359891583922,0.001048273647564546,0.004120731780213882
2022-08-16,-0.008912075793144236,-0.001309455391985015,0.001958711808422775
2022-08-17,-0.008372333511224461,-0.005898845623900972,-0.0070980255474375475
2022-08-18,-0.0037062197211366055,0.001846165458537774,0.002906351581009714
2022-08-19,-0.020481852686155544,-0.006318226463391863,-0.013437871260496892
2022-08-22,-0.022764022407583906,-0.004504266576391025,-0.020822559390750728
2022-08-23,0.0225584954757323,-0.00039846521231512444,-0.0024193024539306274
2022-08-24,0.002170125887066332,-0.0025297295489137284,0.003201158385081504
2022-08-25,-0.003455684406709514,0.005471576308629933,0.014117557879387954
2022-08-26,-0.026953121859416895,-0.0019908915351498635,-0.03384900253066325
2022-08-29,-0.01135058160727187,-0.004522006852460847,-0.006612174713157892
2022-08-30,-0.0249982267189629,0.0008016398821961701,-0.010977782326610841
2022-08-31,-0.007526203685978228,-0.004138119643465776,-0.007609122474152907
2022-09-01,0.005623955563764049,-0.005427242575275271,0.003137960441396803
2022-09-02,-0.02507581222110289,0.002566439128036224,-0.010544473202705684
2022-09-06,0.015580556255471167,-0.009026284289306075,-0.00377329004429916
2022-09-07,0.03381677109982606,0.0072047262454959515,0.017965060522872722
2022-09-08,0.01959815762903916,-0.003103409413949376,0.006536220140289206
2022-09-09,0.03602289482946186,-0.00040622694270142645,0.015535400158132928
2022-09-12,0.01581694096302666,-0.0012194119533269765,0.010747392529043998
2022-09-13,-0.04037188096320543,-0.005017500561153798,-0.043482531955745696
2022-09-14,0.03587437200418364,0.0012264641412620403,0.00381605868253887
2022-09-15,0.003767273730617582,-0.00299443000934696,-0.011353418504300938
2022-09-16,-0.0013168523341049454,-0.0010922837074971437,-0.007628687999683081
2022-09-19,0.018856110452001085,-0.0006841973849355254,0.007754773751671218
2022-09-20,-0.0011000625419275156,-0.0049234249678776765,-0.011478574353853133
2022-09-21,-0.025685948599634356,0.0027490420630542634,-0.017443879436912835
2022-09-22,-0.040591728559117746,-0.010280988951921866,-0.008399614593224802
2022-09-23,-0.04594757245188685,-0.0027701043150097915,-0.01675483830173774
2022-09-26,0.0024698479153155706,-0.012777658226045596,-0.009892559244733312
2022-09-27,0.02510775852537339,-0.004361282337541517,-0.0025528775780481183
2022-09-28,0.017212112374233923,0.015543457532864569,0.019676330230869343
2022-09-29,-0.06810050474193607,-0.005148655478758646,-0.020888998418720717
2022-09-30,-0.011036096899372572,-0.0023773458214060295,-0.015463457870274366
2022-10-03,-0.08614516909902215,0.00837383190803287,0.026401126094728333
2022-10-04,0.029042940273044104,0.0025076359090121514,0.030986678215641383
2022-10-05,-0.034597517632881325,-0.005281293350560934,-0.002328114014728877
2022-10-06,-0.011129075632041241,-0.0037722390855826626,-0.010315985785983584
2022-10-07,-0.06324275500689214,-0.005189615529428426,-0.027893836116614334
2022-10-10,-0.0004931214719139376,-0.0045112370295504745,-0.007635573924776207
2022-10-11,-0.02897383620084637,0.000283299242068491,-0.006332720200244668
2022-10-12,0.003418039229395209,0.001132445507863622,-0.0032986608718502675
2022-10-13,0.020622332969329804,-0.003535465076454858,0.026391378353606054
2022-10-14,-0.07545550981161053,-0.0048253538067731805,-0.02278906752045362
2022-10-17,0.07005219876844393,0.002139003509829207,0.02569712998554352
2022-10-18,0.003829479437051919,0.002276865679761153,0.011749487839699979
2022-10-19,0.008401793106927569,-0.008235011708793039,-0.007086371119854107
2022-10-20,-0.0664744863679374,-0.006729006044675079,-0.008385167827343443
2022-10-21,0.03454266549727758,0.0017299935335770567,0.024301339878574524
2022-10-24,-0.014875967194030837,-0.001438931927744358,0.012236528220271659
2022-10-25,0.05287573097725584,0.009510122621913863,0.01596866166544597
2022-10-26,0.009981122376490958,0.00399633389346743,-0.007534186841336554
2022-10-27,0.00200319154854367,0.005260321665220724,-0.005339985213381637
2022-10-28,0.015238384603380561,-0.0019800447416022937,0.02379049821275503
2022-10-31,-0.004288512900427199,-0.0031173818227659966,-0.007223022417595204
2022-11-01,0.0012306146011606955,0.0010402567699741017,-0.004375987401114556
2022-11-02,-0.05636033352596026,-0.001565888042520891,-0.025096226493915186
2022-11-03,0.0015350350619269815,-0.003849195079282386,-0.010296852715465765
2022-11-04,-0.03641259777431871,0.00028671197001073345,0.014393287056161386
2022-11-07,-0.05007952633400592,-0.003862961076071314,0.009565353923121522
2022-11-08,-0.02932818513088775,0.004452365958166116,0.0053954067693844365
2022-11-09,-0.07166757185130745,0.001430036643836896,-0.020601883365751195
2022-11-10,0.07393437216942544,0.020702022866476044,0.05495397235024457
2022-11-11,0.027527264924482875,0.0,0.009678642332070053
2022-11-14,-0.02561618738169713,-0.003217566960201812,-0.008506706218896154
2022-11-15,0.018172303095892017,0.007017313179689566,0.008528893477808497
2022-11-16,-0.03857627852399581,0.005713189653751005,-0.007628670502632273
2022-11-17,-0.020062058831236462,-0.004156768312455705,-0.003059910022105261
2022-11-18,-0.016269016527425406,-0.001669623542946197,0.0045404358961596
2022-11-21,-0.06837231343190053,0.0,-0.003636073652512617
2022-11-22,0.012152311933396831,0.005156957809855145,0.013457033317886724
2022-11-23,0.07821783885404354,0.006100449802861174,0.0063016301400034
2022-11-25,-0.0018558752377418886,0.0,-0.0002238850445108742
2022-11-28,0.0003281065208000644,-0.0012398920931330215,-0.015956696514596302
2022-11-29,-0.011425739989130657,-0.0037256694498752907,-0.0017175998305805074
2022-11-30,0.07670184691003823,0.007756222610642016,0.03150037852373466
2022-12-01,0.0,0.008333918050560385,-0.0007356586669619025
2022-12-02,0.0008217959148295595,0.004097784951411887,-0.0011538841135476652
2022-12-05,-0.06368676805520912,-0.007891150667595048,-0.017989191025757245
2022-12-06,-0.01441485156488942,0.0032916478246365344,-0.014414717441914027
2022-12-07,-0.032143331123685615,0.008747944076517022,-0.0017010266893643378
2022-12-08,-0.003447430865732959,-0.002845656641363492,0.007833700693085088
2022-12-09,0.0323454827685834,-0.005843051873199889,-0.0074701001388941535
2022-12-12,-0.0627198857086465,0.0,0.014417067903949476
2022-12-13,-0.04093677795344208,0.006834283287992848,0.00756996564374246
2022-12-14,-0.025784367661833008,0.002443552217911371,-0.006393609851887749
2022-12-15,0.005548438139381551,0.00054155782904175,-0.02446171966490518
2022-12-16,-0.047187179094365206,-0.002571475560856906,-0.011806117011975203
2022-12-19,-0.00239632976495896,-0.005971139258867497,-0.008479515484808742
2022-12-20,-0.08053641461716088,-0.006552455594716844,0.0013682848995584251
2022-12-21,-0.0016690545895901021,0.0023353437659061616,0.014952400657912257
2022-12-22,-0.08882756559936855,-0.00013646725058680254,-0.014266142839588825
2022-12-23,-0.017550833466474902,-0.0031336018859953185,0.00575237693489572
2022-12-27,-0.1140885333144338,-0.007721299285651462,-0.003943512221412093
2022-12-28,0.03308891531476843,-0.0013894532341784949,-0.012428081236038335
2022-12-29,0.0808269069678893,0.003757061672136741,0.018000528403018023
2022-12-30,0.011164017515666869,-0.004158774819329136,-0.002634252794211589
2023-01-03,-0.12242248574195735,0.005289728402122051,-0.004209679458638704
2023-01-04,0.05124885285593783,0.005676970741986809,0.007720033526811276
2023-01-05,-0.029039097760312105,-0.0011016515269764993,-0.0114134512657873
2023-01-06,0.024651090365942707,0.011027237972285775,0.022932117600482194
2023-01-09,0.059349011404278285,0.0027262705775910057,-0.0005667214829138123
2023-01-10,-0.007681374256751861,-0.00394280192311891,0.007012865890130948
2023-01-11,0.036769060182475055,0.005323454975628028,0.012647754958123425
2023-01-12,0.0027592625752506095,0.0077393608827418525,0.0036409044968639392
2023-01-13,-0.009388119582672827,-0.0033680671800022655,0.0038794321593838
2023-01-17,0.07426473736900463,-0.0013515931373406787,-0.0018318268869130794
2023-01-18,-0.020609982513142944,0.009204860828045058,-0.01578806235148067
2023-01-19,-0.012501946153228194,-0.0020118484262471314,-0.007279808339251348
2023-01-20,0.0491468120625187,-0.004435592072106864,0.018629114439965733
2023-01-23,0.07742468874848996,-0.002430352039375805,0.0119983324474493
2023-01-24,0.0009739087975544347,0.0044660919016135114,-0.0010732410541470783
2023-01-25,0.003752820129427681,0.0012125460328087367,0.00037490549606200574
2023-01-26,0.10967259156647335,-0.0018837823004806964,0.010990475739487193
2023-01-27,0.11000180416824756,-0.0010788940864506769,0.002297637135140196
2023-01-30,-0.06318150994943417,-0.0028347045720339414,-0.012546985405081146
2023-01-31,0.03936155894904236,0.004602513001059849,0.014703324630704007
2023-02-01,0.047280928205116535,0.006428551500948565,0.010627888384401762
2023-02-02,0.03781489703913388,0.0006709508652367191,0.014556902723442677
2023-02-03,0.009082654784473565,-0.00885017448146408,-0.010629048275135333
2023-02-06,0.025160537355481072,-0.006224295434631655,-0.006111295280818774
2023-02-07,0.010525791279409002,-0.0013612157569161676,0.013078688470970379
2023-02-08,0.022763049555982517,0.0017721333613081036,-0.010934878703945161
2023-02-09,0.029956849516678652,-0.004082799717091468,-0.008669124403046569
2023-02-10,-0.05030873801899527,-0.004236208153227561,0.002333744151331585
2023-02-13,-0.011427700782035255,0.002744809277214433,0.011738777128196043
2023-02-14,0.0750616556523096,-0.0034212076236247446,-0.00046007366899669666
2023-02-15,0.02384709913101113,-0.002196952468666802,0.0032473674937161245
2023-02-16,-0.05694553722096751,-0.0038541684805637466,-0.013768800807406167
2023-02-17,0.031033480898909227,0.002210903182252144,-0.0024984512197743225
2023-02-21,-0.05251789433835996,-0.00868480301857244,-0.020060634633933594
2023-02-22,0.017682553475729224,0.002224813998368047,-0.0013783167070298141
2023-02-23,0.006024129792842503,0.003607752502815975,0.005319389183182643
2023-02-24,-0.025684180003413215,-0.005530303291740424,-0.010682298233522736
2023-02-27,0.0546017865369246,0.0016681318138243029,0.0034057811319017084
2023-02-28,-0.009247209573726933,0.0002776883807154018,-0.0036959439707155983
2023-03-01,-0.014291975817664837,-0.005924484115636064,-0.0038358657027374177
2023-03-02,-0.05853928157947319,-0.0020981277177580804,0.007777355364443572
2023-03-03,0.03609219282314147,0.0077104337480160545,0.016037753332985183
2023-03-06,-0.020122331071529054,-0.002364999653831079,0.0006927414780084629
2023-03-07,-0.03147407730028162,-0.001115875223163032,-0.01532863424290587
2023-03-08,-0.03041929843714275,-0.0008372419008669807,0.0016320623398771161
2023-03-09,-0.04989011995084991,0.003353153722938984,-0.01844979332839214
2023-03-10,0.0030071956856769777,0.011976503341289968,-0.014429612996783359
2023-03-13,0.005996271168666301,0.007981032801445576,-0.0014252252547302113
2023-03-14,0.050320947926932424,-0.006280155573597068,0.01653013713798912
2023-03-15,-0.015333393227232373,0.010303844065181922,-0.006254390967018519
2023-03-16,0.020393505108375454,-0.004759505874588066,0.017545280762206295
2023-03-17,-0.02172378153438792,0.007241336584871361,-0.01169268066133522
2023-03-20,0.017320796272765726,-0.004340405188356766,0.00961552415176592
2023-03-21,0.07819919143822474,-0.002724988510846571,0.013130744534185945
2023-03-22,-0.03254381959196684,0.00887961978910834,-0.01704673976997151
2023-03-23,0.0055977366381618765,0.0023024353486620353,0.002703491648537115
2023-03-24,-0.009416281069083654,0.0020261294592773815,0.006562072135243513
2023-03-27,0.007352522816861606,-0.010381326348691267,0.0018699199336840167
2023-03-28,-0.013659325116185062,-0.0017711079849381806,-0.0022449282023926376
2023-03-29,0.024789906342217005,0.0010916480369205228,0.0145348900290998
2023-03-30,0.007220929756684091,0.0013631305898540447,0.005855416045950301
2023-03-31,0.06237201971890638,0.005173967389963563,0.014094558134893687
2023-04-03,-0.061168427796826186,0.00424984041434584,0.0038105603585694148
2023-04-04,-0.011244043709844997,0.004056035111302592,-0.005548109248313615
2023-04-05,-0.036660076287605925,0.0026933308108831877,-0.0026183704967411847
2023-04-06,-0.002479553165553039,-0.00026840254353110993,0.0039010093715490246
2023-04-10,-0.0029720256079851515,-0.0067168133802310015,0.001026203345219301
2023-04-11,0.012357047570192181,0.00040560891908647534,0.0002687267289793738
2023-04-12,-0.03346003653646468,0.0010818800949812246,-0.004075990587934397
2023-04-13,0.029688716127604264,-0.0005408181798199907,0.013282698737322018
2023-04-14,-0.004841279860318459,-0.004458405939602783,-0.0024427919758124306
2023-04-17,0.011026990735853115,-0.00542894666227034,0.0035884052675578815
2023-04-18,-0.014595786064655836,0.001500861367472961,0.0006521155041727678
2023-04-19,-0.020183393575926356,-0.001362512635311619,-0.00016902503412741243
2023-04-20,-0.09745828230593856,0.00436603590145257,-0.005457007487032706
2023-04-21,0.012822849668400638,-0.001766100802973014,0.0007768804575196686
2023-04-24,-0.015325895028073244,0.003946948884703705,0.0010431613001657958
2023-04-25,-0.011565701922588656,0.0065066727855300766,-0.015873832886858508
2023-04-26,-0.04306963495243776,-0.0035016395439873005,-0.004235687700674062
2023-04-27,0.041886194740853755,-0.004324961159750895,0.019907997056736182
2023-04-28,0.025719427270091355,0.005565383135500701,0.008535475294542572
2023-05-01,-0.015093395194377579,-0.010284339073631243,-0.0010099562329366485
2023-05-02,-0.00939259874721976,0.009844404729969058,-0.011239125891845836
2023-05-03,0.0018713932775662467,0.004196975424062277,-0.006863976651923509
2023-05-04,0.003673471985857102,-0.001348249257667966,-0.007082927802371519
2023-05-05,0.05496278398315546,-0.0036449107272030767,0.018512447933323184
2023-05-08,0.010172855182730478,-0.004742876682079844,0.0002666058045168729
2023-05-09,-0.015367597024416146,-0.0010888700126082673,-0.0043853439168682895
2023-05-10,-0.0036062703657255835,0.006132807813841179,0.004672445977382145
2023-05-11,0.021003967520705658,0.0032511638379359997,-0.001744105048924971
2023-05-12,-0.023826162598143963,-0.005265890731353862,-0.0013102677655305595
2023-05-15,-0.009703474612936969,-0.002578851170058627,0.0034500680249407445
2023-05-16,0.001021930644472091,-0.0024498000328190273,-0.00668264624384729
2023-05-17,0.04407876621166107,-0.0017738070200554734,0.012139091770687394
2023-05-18,0.01742780840135616,-0.0040995606245505245,0.009633040905335122
2023-05-19,0.018373000232992265,-0.002744603524758582,-0.0014550783797770972
2023-05-22,0.04846228354123516,-0.0002752862665549305,0.0004062626885885656
2023-05-23,-0.01641335799687571,0.0006879934844699065,-0.011222843022548279
2023-05-24,-0.015449266889003499,-0.002750787169215285,-0.0072449207352369704
2023-05-25,0.008583965973816943,-0.003724312913949257,0.008659791549976426
2023-05-26,0.047162123329924865,0.0012462756069766545,0.012950894502646193
2023-05-30,0.041362559242642094,0.006636836136188595,0.0003808365414137427
2023-05-31,0.013770078361723614,0.0032967155510246204,-0.005545111949878612
2023-06-01,0.017604137329555458,0.0027041699182301926,0.009500962628466558
2023-06-02,0.031081326211682914,-0.005612650130690011,0.014461138742315915
2023-06-05,0.017011727666879306,0.00013764082222622598,-0.0019162097000630096
2023-06-06,0.017002881015874438,0.001376688097197487,0.002177461877481246
2023-06-07,0.014730512862447087,-0.005635794264804317,-0.0034577989932048636
2023-06-08,0.045820870777622646,0.004976324928543496,0.006048478317049355
2023-06-09,0.0406199151040636,-0.002063377424899371,0.0017944099229778576
2023-06-12,0.02221770896144215,0.0020676437543447612,0.009071945513449808
2023-06-13,0.035544128242966044,-0.00440169206562846,0.006592739059900987
2023-06-14,-0.007421371317580694,0.0008295181269848406,0.0011909349144894055
2023-06-15,-0.0034659239799892383,0.006211640551560649,0.012397651683216271
2023-06-16,0.01813214052015355,-0.0021952842959233054,-0.003406181627724658
2023-06-20,0.05338912722001776,0.001374939512388762,-0.005188220676807687
2023-06-21,-0.054618400747766804,0.001647615165409233,-0.00512369232196086
2023-06-22,0.019848894111198723,-0.004797542200202343,0.0036096368754245933
2023-06-23,-0.030270888067223778,0.002892753956007521,-0.007559998603776541
2023-06-26,-0.060600166336257755,0.0012358747141227866,-0.004085814909374541
2023-06-27,0.03800042956291749,-0.0019202156983449958,0.010963382825592616
2023-06-28,0.0240996896954786,0.0031611025997093645,0.0005043830853805886
2023-06-29,0.004917303362650394,-0.0075351099337798155,0.003941423498616148
2023-06-30,0.016582481606492783,0.003450283872126203,0.011800696993804705
2023-07-03,0.06895373445427366,-0.002840862453336257,0.0011505137043690272
2023-07-05,0.009506123909958086,-0.004149313184890979,-0.0014872394413387724
2023-07-06,-0.021028045208104085,-0.006388828665936486,-0.007830502409283624
2023-07-07,-0.007630056425625198,-0.0005586832521473628,-0.0025248078601260993
2023-07-10,-0.01756370459810941,0.003496189590934451,0.002531198650373989
2023-07-11,0.000667717084456676,0.0020900261152543287,0.00636846992450435
2023-07-12,0.008154422401772665,0.007928207079608507,0.008045897930127222
2023-07-13,0.02172875427149612,0.0060715778171602786,0.007936934629058756
2023-07-14,0.012522529912772917,-0.004663714947361508,-0.000622956551370013
2023-07-17,0.03198521516746822,0.0011027964964975823,0.0034722868528593853
2023-07-18,0.010193509901870401,0.0012381529940481695,0.007430576751312978
2023-07-19,-0.007090702250741598,0.002337776366870381,0.0022237855714153376
2023-07-20,-0.09737009860008494,-0.004663714947361508,-0.006634494192364615
2023-07-21,-0.010954754468143868,0.0006893503224680853,0.0
2023-07-24,0.03476659075024635,-0.0016525283684036829,0.004467201084995764
2023-07-25,-0.014048906614123058,-0.001103391889289762,0.002730066608185311
2023-07-26,-0.0035057022016762307,0.003313832123356786,0.0001537806353664184
2023-07-27,-0.032683938680391544,-0.008532487105319841,-0.006629979177784628
2023-07-28,0.04196157931177735,0.0034697471097242527,0.00979033491976189
2023-07-31,0.00371562162326855,0.0017986178410469567,0.001904003134700183
2023-08-01,-0.023781870118334214,-0.006189177585688932,-0.0028616484717138846
2023-08-02,-0.02665954157355066,-0.003203699280372563,-0.01391080392054267
2023-08-03,0.020502958173047814,-0.006149730021969391,-0.0028658001450105886
2023-08-04,-0.02105509239416581,0.008296723594304112,-0.004522674774353197
2023-08-07,-0.009493435973824349,-0.00153386204466055,0.008728420261284064
2023-08-08,-0.006959634206558429,0.0036319661344978993,-0.004348656336598977
2023-08-09,-0.03007606967809695,0.00027816217999832027,-0.006685312155942702
2023-08-10,0.013006292021680244,-0.005565354004816725,0.0003590178941852429
2023-08-11,-0.01096438608281991,-0.003218423806393922,-0.0005830171032084053
2023-08-14,-0.011910156448968756,-0.0012635789206565384,0.005519965181954856
2023-08-15,-0.028361644764614224,-0.002248443167772951,-0.011648832108919538
2023-08-16,-0.03159340830287438,-0.0028172906983778834,-0.007338086397121635
2023-08-17,-0.028280162722535862,-0.0009888645384348305,-0.007619944633705411
2023-08-18,-0.017014851321818125,0.0021211699923329164,0.00048122842485898154
2023-08-21,0.073274828918382,-0.004797796384127362,0.006506303868592855
2023-08-22,0.008258403978685713,0.001276178797278149,-0.0027086309916933837
2023-08-23,0.01573823118710882,0.009062468669008394,0.011137884357937278
2023-08-24,-0.02879341090367582,-0.002385561640435352,-0.013859142571017058
2023-08-25,0.037167463490241914,0.0,0.007049798194985968
2023-08-28,0.0009640428763089126,0.0018283977884605562,0.006341375928172299
2023-08-29,0.07687791972402569,0.006178228044383394,0.014454687853921122
2023-08-30,-0.0010887269121663268,-0.0004182905253113933,0.004118941233786755
2023-08-31,0.004593198535678855,0.0016749276622785025,-0.0014635010411738758
2023-09-01,-0.05064318329763218,-0.004807438902780237,0.0018652397678571297
2023-09-05,0.046855214011356505,-0.0054767848802737,-0.004321914265616789
2023-09-06,-0.017817428513501543,-0.0011299267726733175,-0.006722301909095618
2023-09-07,-0.0017068620153485314,0.0033930171553930855,-0.003070372808470001
2023-09-08,-0.01188916230408743,0.0002816364459481413,0.0015061261901749834
2023-09-11,0.10092549928477124,-0.0015489216265904826,0.006576575301879606
2023-09-12,-0.022296863386701782,0.0007047462656977199,-0.005485500099279839
2023-09-13,0.014281354305895722,0.00155082800030093,0.0011658959489537768
2023-09-14,0.017471511114000693,-0.0016890466488226341,0.008622336034579625
2023-09-15,-0.005977372284481253,-0.001973858608346535,-0.012048318191403173
2023-09-18,-0.033200974462619715,0.0009890305350559458,0.0005865743601718432
2023-09-19,0.004598918977371191,-0.002117223018235248,-0.0020739709178729804
2023-09-20,-0.014671683535119606,-0.0012726224896904004,-0.009193264252657651
2023-09-21,-0.026238620989897266,-0.006230223336682772,-0.01652821669941562
2023-09-22,-0.042315182614647506,0.004132207754353967,-0.0022487207163066625
2023-09-25,0.008616467528091087,-0.007379081716008651,0.004205136441423507
2023-09-26,-0.011619945391094011,-0.00100060493259424,-0.014691180814785931
2023-09-27,-0.014828753029631048,-0.0035779895226349945,0.0003991290167313366
2023-09-28,0.02444908475181906,0.002585512302026416,0.005797471679999111
2023-09-29,0.015585665483353939,-0.00042995885985985804,-0.002426943276471416
2023-10-02,0.005515166158101437,-0.006868849402588473,-0.00039756128934498314
2023-10-03,-0.020151062008054166,-0.008103025541564834,-0.013386242424752837
2023-10-04,0.05934371052307452,0.006564310902052117,0.007282061879444246
2023-10-05,-0.00425032873937603,0.0007246859923191185,-0.0003768611981554981
2023-10-06,0.001845841218459432,-0.0039100674711355365,0.011872851889987324
2023-10-09,-0.003300907210654902,0.010177440676756744,0.006402197793960784
2023-10-10,0.015211543440507347,-0.0010073932958097886,0.005204766400337402
2023-10-11,-0.002389822071472425,0.004610191541852826,0.004096329669438736
2023-10-12,-0.015665976919941982,-0.008604645101851438,-0.006096457711300296
2023-10-13,-0.02993780718577166,0.004629108925046532,-0.004980875429855147
2023-10-16,0.01115006015531006,-0.005183941117568702,0.010521496140540432
2023-10-17,0.0036626021631882555,-0.0065130674514822795,-4.589630894502594e-05
2023-10-18,-0.04775363208267347,-0.004370797065388676,-0.01332501949415743
2023-10-19,-0.09300310180733784,-0.004389429509900844,-0.008786523905952914
2023-10-20,-0.036890623300491754,0.0036744287447871837,-0.01228797848238039
2023-10-23,0.0004245310418349302,0.0038070008979405046,-0.0017332295409103748
2023-10-24,0.02093550737020089,0.003355167417299798,0.007539317059869877
2023-10-25,-0.018935922882932887,-0.00756037399348064,-0.014352118612905196
2023-10-26,-0.031352997455599385,0.006738967547376795,-0.011974614723953003
2023-10-27,0.00748448962886572,0.0,-0.004532738343679399
2023-10-30,-0.04794984223383958,-0.002473750340994285,0.011955719534505693
2023-10-31,0.017632730628176496,-0.0002919248457753376,0.006280243872613278
2023-11-01,0.023999240251476817,0.009703521158087591,0.010664769607297453
2023-11-02,0.06248172039245192,0.005798274076109333,0.0191643412765532
2023-11-03,0.006635907937775798,0.005908434442689847,0.009123381010599285
2023-11-06,-0.0031369449915676917,-0.004297953972743573,0.002300417588351422
2023-11-07,0.013271256198382764,0.005035480216447175,0.0028461186856993947
2023-11-08,-0.00031502415940676265,0.0031495380567174713,0.0007324839775000314
2023-11-09,-0.054612601186257326,-0.007420744546336233,-0.007798684385305288
2023-11-10,0.022240205086035525,0.0018689803660347781,0.015604713951897109
2023-11-13,0.04220830689495392,-0.0002868226875901714,-0.0009531810096826687
2023-11-14,0.06123998273248876,0.012201910615761813,0.0194007709739088
2023-11-15,0.022871793909364557,-0.005530901231334262,0.002116945220050459
2023-11-16,-0.038090924639652135,0.005990035832297291,0.001223092096714895
2023-11-17,0.0030395424675642158,0.0014174628273591061,0.0012438929741640514
2023-11-20,0.005548455120893081,0.001415456470428511,0.0076975556449827565
2023-11-21,0.023769060694616817,0.001413693500694535,-0.002179354867042904
2023-11-22,-0.028980059381488954,0.0008466151299251212,0.0038607640202614757
2023-11-24,0.00529435207219775,-0.004795166860777966,0.0006155380022743184
2023-11-27,0.0026757481035388775,0.006093888785218882,-0.001801176588448139
2023-11-28,0.04506946504203557,0.004226027382658204,0.0009900732223566688
2023-11-29,-0.010457205813430348,0.005190099819137872,-0.0007032246336085013
2023-11-30,-0.016629792613843564,-0.003209610504290805,0.003937357507215022
2023-12-01,-0.005206597761023168,0.008156802330084423,0.005915932849248184
2023-12-04,-0.01360800559009756,-0.004038398175225,-0.005249552264091628
2023-12-05,0.013328802806870987,0.006431389485397343,-0.00019691819227574126
2023-12-06,0.002722829646282676,0.002917744848460524,-0.004029840675701335
2023-12-07,0.01366087788429815,-0.00027688399582626033,0.007630426640316212
2023-12-08,0.0049455858525417895,-0.004849948650746061,0.004299109868161732
2023-12-11,-0.01681426716823431,0.0001397389415072059,0.003889736942555233
2023-12-12,-0.011387381846063915,0.0029231356445593715,0.004567075188830927
2023-12-13,0.009619842336358264,0.012770749514706026,0.01379020038990153
2023-12-14,0.04914543063053567,0.00753843222581807,0.0032093651713736016
2023-12-15,0.009758999874367902,-0.0014963146451211218,-0.001646595592390887
2023-12-18,-0.005601570686174839,-0.0020435386825080615,0.005625088127497069
2023-12-19,0.0203903496997484,0.00191128470656321,0.006080946509705587
2023-12-20,-0.03918825045959673,0.0032701071490182088,-0.013857395043313625
2023-12-21,0.029780693649462897,-0.0001355066936890026,0.009481880034535983
2023-12-22,-0.007701401626197146,-0.0006676032700944079,0.0020098632275438177
2023-12-26,0.01611622781987765,0.0009540956023850189,0.004222468382429456
2023-12-27,0.018822405072142834,0.006400533565656286,0.0018080349987459332
2023-12-28,-0.03159428430420175,-0.0024355750299992485,0.0003778442228825618
2023-12-29,-0.018563856087399966,-0.0023063413784429887,-0.0028951180216645334
2024-01-02,-0.0002414583049958896,-0.004214594445596909,-0.0055961857993478414
2024-01-03,-0.04013364984377277,0.0008190221343729043,-0.008166680091558853
2024-01-04,-0.0021807686270334248,-0.0045015626814203236,-0.0032211421521444183
2024-01-05,-0.001849229589212631,-0.0030152996842173208,0.0013695340832400316
2024-01-08,0.012463646412957496,0.004398611971082822,0.014276053737602767
2024-01-09,-0.02283214932024613,-0.0001367259366927831,-0.0015169955367170251
2024-01-10,-0.004341182513256769,-0.0017792822611771841,0.0056553318544354525
2024-01-11,-0.028725319101363445,0.005210258239707333,-0.000440607070651744
2024-01-12,-0.036660513098772496,0.0020461136214580122,0.0006927160276115618
2024-01-16,0.004659894354722027,-0.00707871762985246,-0.003671240950010146
2024-01-17,-0.019826295019533036,-0.0023307760320804283,-0.005558695057710117
2024-01-18,-0.017026203279914,-0.0013742748207279387,0.008892810925040795
2024-01-19,0.0014630807600990448,0.0,0.012466215601009356
2024-01-22,-0.015976244642273096,0.0016518134226235492,0.0021143216898256156
2024-01-23,0.0016283349277841364,-0.002335808039466092,0.00291641348770999
2024-01-24,-0.006263735117226887,-0.0020654397057614515,0.0010933277311795386
2024-01-25,-0.12125293136804816,0.004691668363453472,0.00543884122687377
2024-01-26,0.0033948152034783963,-0.0015107335916557663,-0.0012704629601297812
2024-01-29,0.04190991910385411,0.0039891410357828505,0.007919372812505543
2024-01-30,0.0034567835721344142,0.0017806446469670334,-0.0007734921111419713
2024-01-31,-0.02244377647032403,0.004239836489257076,-0.01631738967876284
2024-02-01,0.008382761388752824,0.006036769851081258,0.013088311400663244
2024-02-02,-0.0050301649114266045,-0.00896053007425368,0.0105272959921896
2024-02-05,-0.03645365318513305,-0.007944826886866374,-0.003641132568705019
2024-02-06,0.0223130928940527,0.004694935657729493,0.002903381627711532
2024-02-07,0.01339813963135228,-0.0019242153595120381,0.00834030432383015
2024-02-08,0.010555473441792307,-0.002616559975517241,0.0004416873871995186
2024-02-09,0.021154303741671487,-0.0008282074855409105,0.0057793359482620765
2024-02-12,-0.028103539988478476,0.00027633638996626964,-0.00043889278834607914
2024-02-13,-0.021846598116614713,-0.008702940067921494,-0.013773052224064997
2024-02-14,0.025486372853585015,0.003762427581284644,0.00908766744333156
2024-02-15,0.06221180550417671,0.0027766397474267013,0.006899793709901791
2024-02-16,-0.0024943876658132247,-0.0031842017428974634,-0.004979910956536826
2024-02-20,-0.030957752117438453,0.0012503094223474953,-0.005505443921967612
2024-02-21,0.00521268473502845,-0.0027743276632221647,0.0009057561142808979
2024-02-22,0.013554445406056326,0.00041733008699451624,0.02069555293154335
2024-02-23,-0.027556873210526134,0.0036151974136560128,0.0006897198965358786
2024-02-26,0.03870392576202142,-0.0018008564375679992,-0.0036626406260920064
2024-02-27,0.0016549741281637331,-0.0015272359978780736,0.0018576861664170163
2024-02-28,0.01156560160219966,0.002223789132274945,-0.001321516892271557
2024-02-29,-0.0007918650199801869,0.001664690343084807,0.003594967827487805
2024-03-01,0.003764585340074067,0.004193477566799553,0.009388144494411721
2024-03-04,-0.07155546804023882,-0.0023506330731889458,-0.001072276407503736
2024-03-05,-0.03933237971984138,0.005405138228347983,-0.009994252388977443
2024-03-06,-0.02323786698783792,0.0017921793870836478,0.005067253552665463
2024-03-07,0.011951969472048907,0.001651817468221406,0.009926513873233178
2024-03-08,-0.018527834714126334,0.0009614763086709388,-0.006002269881385414
2024-03-11,0.013858834181150304,-0.0004119914498368349,-0.0008598013296785556
2024-03-12,-0.0012938683737420131,-0.003020727682055746,0.010757349449404208
2024-03-13,-0.04539820808488959,-0.001652838819650726,-0.0015675295145969326
2024-03-14,-0.04118477639544138,-0.005931722917463689,-0.001976821999681855
2024-03-15,0.006584660456730784,-0.0005554590375781432,-0.006866524332442836
2024-03-18,0.06254200201423088,-0.0012490057644022334,0.005943093761497487
2024-03-19,-0.014269250195585559,0.0026413201631365624,0.005557089074327504
2024-03-20,0.025332688257929448,0.0018025006555648648,0.009249342703349317
2024-03-21,-0.016167575308454918,0.0008302495247292097,0.003304611474516772
2024-03-22,-0.01151490226146512,0.0033192777808881413,-0.0018956335070942076
2024-03-25,0.010536808713131895,-0.0019297728592492236,-0.0027628935483237083
2024-03-26,0.029195349264770964,0.0008285298044568012,-0.001847032185524733
2024-03-27,0.012157391142962881,0.003450171699897142,0.008403805021091504
2024-03-28,-0.022465709302040393,-0.0012381250139319455,-0.00019103900658279382
2024-04-01,-0.003242460249155976,-0.006821505689433294,-0.001739871634885537
2024-04-02,-0.049024062767074494,-0.0011126509857591893,-0.006358016551406442
2024-04-03,0.01050231020055925,0.0006960228403476432,0.001098474941059191
2024-04-04,0.016213301154368365,0.00208661618851691,-0.012206030849658323
2024-04-05,-0.036292482565110196,-0.0049971519627757255,0.010446857229074125
2024-04-08,0.04899940648952894,-0.0008372534663750875,0.0005593746272674061
2024-04-09,0.02254601255405486,0.0036304827701929554,0.0011567923030353366
2024-04-10,-0.028946236061948905,-0.011686051559575805,-0.010013285386690218
2024-04-11,0.01653476762638495,0.0,0.007546802900360916
2024-04-12,-0.020332204625772565,0.0022517009675779853,-0.013802849522179472
2024-04-15,-0.05594859487563397,-0.006601053849801808,-0.012528228053407475
2024-04-16,-0.027062145360474688,-0.0025447946311946135,-0.0018237877465197005
2024-04-17,-0.010565868854054306,0.00481933287547931,-0.005918175894986888
2024-04-18,-0.03550983840996058,-0.002679933596759221,-0.002057705799538345
2024-04-19,-0.0192088959161848,0.0012726436134826713,-0.008728334684688588
2024-04-22,-0.03400203941675628,0.0004238314574498414,0.009209196968505973
2024-04-23,0.018514534090260826,0.0018356298504191848,0.011866573377592893
2024-04-24,0.12061109407252757,-0.0025370203106477307,-0.0004745903861016476
2024-04-25,0.04965143743002587,-0.0028258340420658223,-0.0037990839287185274
2024-04-26,-0.011105884774887609,0.002266932672851274,0.009474017134525559
2024-04-29,0.1530691710339953,0.002969454379016634,0.0035415504448335078
2024-04-30,-0.05550118063944742,-0.003806299443688377,-0.015841348110939624
2024-05-01,-0.017950640048260635,0.0036050487805707743,-0.0032470879194256286
2024-05-02,0.0001110562423569661,0.003959617603120247,0.009353449666312796
2024-05-03,0.006555235656792835,0.0050715400133809485,0.012395207659662288
2024-05-06,0.019703030064167848,0.0009809091000685388,0.010326857473233364
2024-05-07,-0.03761635178001177,0.0019602428095601976,0.0011034840926713585
2024-05-08,-0.017378079862311324,-0.002375563782149759,9.666357343229848e-05
2024-05-09,-0.01573946875450305,0.0026616704980169104,0.005761804102417667
2024-05-10,-0.02035238689978358,-0.0027942844035733216,0.0012882892029109083
2024-05-13,0.020300339194899042,0.0008406574445936066,0.00013412692667547077
2024-05-14,0.03292805679333921,0.0029394826746447222,0.004588282548823042
2024-05-15,-0.02005067585133169,0.006420022804349168,0.01238294582938071
2024-05-16,0.004885285464054867,-0.0016644088764501408,-0.002057639461244154
2024-05-17,0.014985188920464187,-0.0025000295559254315,0.0014376621237919274
2024-05-20,-0.014144086952910362,-0.0009746256723996982,0.0011520539555727183
2024-05-21,0.06659050790792542,0.002090521059206596,0.002452584934648172
2024-05-22,-0.03478030697150003,-0.0012516959388041426,-0.002879396361313069
2024-05-23,-0.03536724832380789,-0.0029249746757681327,-0.007304280340695302
2024-05-24,0.03165649721483632,0.0011177427229569492,0.006616514364125026
2024-05-28,-0.01389201861667555,-0.004743949841207296,0.0006987515410241674
2024-05-29,-0.0031683030189180172,-0.0036449772468392094,-0.007002393996021206
2024-05-30,0.014756744473008343,0.004361721398141283,-0.00663375672329336
2024-05-31,-0.003971091681523098,0.0036425402301818455,0.009108153680295716
2024-06-03,-0.0100517100545634,0.005586426577429693,0.0008154781339302364
2024-06-04,-0.008622094682395387,0.0037595300134416476,0.0011177709187168983
2024-06-05,0.0013159908560766986,0.0027742626858127117,0.011885179878577512
2024-06-06,0.01680001395089281,0.00013834076772512027,-1.875747881197043e-05
2024-06-07,-0.0025851787543875737,-0.008021971035404696,-0.001215859136194819
2024-06-10,-0.020791089307163446,-0.0015339572536479107,0.00309012371763262
2024-06-11,-0.018010183238054034,0.004049633694682475,0.0024081043553234593
2024-06-12,0.03884911216309472,0.004589664998794651,0.008212992649689665
2024-06-13,0.029217711832219218,0.004430582653324633,0.002013509852188289
2024-06-14,-0.024442410719736185,0.0015165218102202171,0.0006082701163039328
2024-06-17,0.052974598199923895,-0.0037162920160433988,0.007959175518984507
2024-06-18,-0.013764414198944475,0.003453627463877451,0.0025404907177681846
2024-06-20,-0.017797215597047833,-0.001927665262594247,-0.0027164444541963872
2024-06-21,0.00793075466503601,0.00027610740373473774,-0.001340607764340862
2024-06-24,-0.0023495584322592578,0.0005516080066310103,-0.0032506247891551654
2024-06-25,0.026125557150967316,0.0005510768420686762,0.003850638643770221
2024-06-26,0.04814512260377568,-0.004683161801975144,0.0012483859056016122
2024-06-27,0.0053470646120412635,0.001799176678876302,0.0015764614739341987
2024-06-28,0.002330091774560339,-0.004696405332439979,-0.0039351790968482625
2024-07-01,0.060541719385108106,-0.005276973056727252,0.002058023732368186
2024-07-02,0.10197271435359379,0.0029393752841906373,0.006729776870987747
2024-07-03,0.06542422054051067,0.005721246416198644,0.004462520213184051
2024-07-05,0.02082067005771515,0.0045790376841901015,0.005766484349109424
2024-07-08,0.005645666924397386,0.0,0.0011540968862364664
2024-07-09,0.03712336538398886,-0.000414254953052029,0.0009723970656607683
2024-07-10,0.003545241645880992,0.000828626303948754,0.0098950557095705
2024-07-11,-0.08444127539962887,0.004971043067519831,-0.008622455249252425
2024-07-12,0.029871787680814776,0.0026099703734008273,0.006307514045889917
2024-07-15,0.01776579679334911,-0.0031517640561159466,0.0027501763419899294
2024-07-16,0.015516142251486675,0.0038489829590839797,0.005930003592828914
2024-07-17,-0.031415644041518975,0.00095855627301078,-0.014021128145545458
2024-07-18,0.002937608561525362,-0.0025993521673364217,-0.007684755082017047
2024-07-19,-0.040243947162209914,-0.002605563213123996,-0.006640754083967693
2024-07-22,0.05146320115237035,-0.0004131095073347524,0.010310083227481392
2024-07-23,-0.020396762498772203,0.00013760943932972225,-0.0015687322354536182
2024-07-24,-0.12334604589403697,-0.0028883839385113186,-0.022662311331685947
2024-07-25,0.01972310939623889,0.0022072586783004056,-0.005210654777180079
2024-07-26,-0.0020431189477511102,0.003991626300308138,0.011199904007122452
2024-07-29,0.055959976710561854,0.0012340146685612119,0.0005879167331797053
2024-07-30,-0.04084450985365373,0.001232156391762107,-0.0050666697863112065
2024-07-31,0.04244907202543402,0.005470322503618563,0.016254617127424487
2024-08-01,-0.06554059651757449,0.0037382981304487917,-0.014160871465467961
2024-08-02,-0.042377581921705376,0.011417848956805532,-0.018618256361918384
2024-08-05,-0.04232673647438423,-0.0009406635920057305,-0.029123923892752424
2024-08-06,0.008849529684359148,-0.006187638467987311,0.009219547984985033
2024-08-07,-0.044258397676563366,-0.0024367393085680256,-0.006683985346530141
2024-08-08,0.036921162045623124,-0.0014926324877970742,0.023117543214953074
2024-08-09,0.005833854775063374,0.0035333345942583083,0.004409574349089951
2024-08-12,-0.012549972534179665,0.0017604470486707324,0.000525405070076923
2024-08-13,0.05235706137163754,0.003784966533480816,0.016445611346070477
2024-08-14,-0.0310349655555765,0.001885016527660044,0.0031546646745219675
2024-08-15,0.06336276788880446,-0.004166701514816018,0.017140279968171024
2024-08-16,0.009246267550119258,0.002159753462771974,0.002241993650433649
2024-08-19,0.030538618603692225,0.0012119675037010058,0.00956154390055941
2024-08-20,-0.007273684933137958,0.002959233526687477,-0.0016261720245489553
2024-08-21,0.009814554993405888,0.0021460294940418567,0.003436571382049669
2024-08-22,-0.056478704568676985,-0.004015174891257245,-0.00784851342649362
2024-08-23,0.04585589810206048,0.004434244624420325,0.010625385922989672
2024-08-26,-0.0322712435275504,-0.0010697945954944998,-0.0023839189947704176
2024-08-27,-0.018760845523390857,0.0,0.0013730708321384455
2024-08-28,-0.01653843794670573,-0.0006700640996190055,-0.005805297076289628
2024-08-29,0.002575935743848623,-0.0014737908375679343,8.952903141112856e-05
2024-08-30,0.03795812428442069,-0.00201341028165547,0.009546185515074246
2024-09-03,-0.016393416920415627,0.004262643775041486,-0.020579137680261428
2024-09-04,0.04183284569452206,0.004432471416381256,-0.00204671790647859
2024-09-05,0.04904058305110959,0.0024070822270947367,-0.002432293987318923
2024-09-06,-0.0844593239607937,0.0012005421550369544,-0.016830205881500304
2024-09-09,0.026289605928169646,0.0013324449641824998,0.011196254802991135
2024-09-10,0.04577608406578748,0.003326734101424922,0.004355801507269996
2024-09-11,0.008666077418469476,-0.0005303523611722705,0.010258963429025103
2024-09-12,0.007364189890953776,-0.001061484197533158,0.008423235345493163
2024-09-13,0.0020886633855721204,0.002125115857252613,0.00522267149470057
2024-09-16,-0.015241628421408637,0.002651113295546237,0.0014770382037720964
2024-09-17,0.004806404196833203,-0.0013217279974860885,0.0004085115150294083
2024-09-18,-0.0029402649901351108,-0.0030452511878392707,-0.0029658253212330177
2024-09-19,0.07359155565707187,0.0,0.017064380731744544
2024-09-20,-0.02324531900421767,-0.0001325568946005662,-0.0017286028901163375
2024-09-23,0.04931794333683115,-0.0006642815547830416,0.0024989046670664816
2024-09-24,0.017080017089843746,0.0011963497502298637,0.002861268497158287
2024-09-25,0.010815214909361437,-0.00371639794775791,-0.002205574021654777
2024-09-26,-0.01089404681602335,0.0,0.003964690943036642
2024-09-27,0.024545630573566513,0.002931074775629261,-0.0014502902539623719
2024-09-30,0.004492104223754234,-0.0022584845242468177,0.004007306781378839
2024-10-01,-0.013798172234708361,0.0029509677911547794,-0.008958495996637117
2024-10-02,-0.03488095932262847,-0.0018639312826765897,0.0004220737216988901
2024-10-03,-0.03357160254966751,-0.004401694848463533,-0.0018282874847113106
2024-10-04,0.03914235030998814,-0.00656483845178546,0.00908742566416687
2024-10-07,-0.03698816351676526,-0.0029667679187349583,-0.009040592872953224
2024-10-08,0.015238957526229946,0.0014877979104779282,0.00945777285920979
2024-10-09,-0.014110416966225725,-0.002701428208688017,0.0069263742769880565
2024-10-10,-0.009458613360014412,-0.0004062677659483205,-0.0017499289570287457
2024-10-11,-0.08782510719719305,0.00013551438349002076,0.005988125594301508
2024-10-14,0.00624426350457119,-0.0006773698601502121,0.008178455361924408
2024-10-15,0.0018707960177875016,0.003931165494091005,-0.007769602322363345
2024-10-16,0.008015641700267029,0.0013502396628697344,0.004346198671580703
2024-10-17,-0.001987992760882462,-0.00485417661446208,8.60044084747269e-05
2024-10-18,-0.0008601676940163117,0.0005418000443542237,0.0038465479579881112
2024-10-21,-0.008382378207102636,-0.006771643788478832,-0.0016421732946735323
2024-10-22,-0.004021041161846095,0.00040959247601590754,-0.0005311796136316937
2024-10-23,-0.019819274670942355,-0.0024533318424991846,-0.009137578372479305
2024-10-24,0.21919035070290427,0.001639502856119801,0.0021628025973028375
2024-10-25,0.03343823359841336,-0.002046357155655709,-0.0003452972949489208
2024-10-28,-0.024815158866218545,-0.0012299092663806688,0.003091322288178766
2024-10-29,-0.01139012091242797,0.000820986330817064,0.0016183796278272933
2024-10-30,-0.007590942139718337,-0.0009571986098640961,-0.0030252091843017137
2024-10-31,-0.029897037679701755,-0.00013701689707967812,-0.019603193652644957
2024-11-01,-0.003482130697311625,-0.003872204764719167,0.004220588805548209
2024-11-04,-0.024660613282231236,0.0039978709338062135,-0.0021538926051214435
2024-11-05,0.03541429020427711,0.0024711605108038714,0.012091704251122826
2024-11-06,0.14751032444224466,-0.008217859509406455,0.024865487816271736
2024-11-07,0.02904379065700735,0.007457491525195925,0.0077320627936199315
2024-11-08,0.08187665372925301,0.001919025466485591,0.004331921709576969
2024-11-11,0.08959591143118995,-0.0019153498613244668,0.0009526774724943898
2024-11-12,-0.06145717075892854,-0.006031778972752533,-0.0031062326575438393
2024-11-13,0.005327407385385952,-0.00041343545506100643,0.0004858730531422939
2024-11-14,-0.05771559508909463,-0.00027603613454041387,-0.006430102156933848
2024-11-15,0.030657525449785616,0.00027611235152669167,-0.012808744458971177
2024-11-18,0.056186046847983784,0.0009657906605087252,0.004097410127560819
2024-11-19,0.021432396454288627,0.001791832718442743,0.0036554745910837294
2024-11-20,-0.011473991967350106,-0.0011006596813847302,0.00033882773833160407
2024-11-21,-0.006987644766217049,-0.0005508244822205466,0.005368247246335223
2024-11-22,0.038040225983177356,0.00041315036940337,0.0030994993753996614
2024-11-25,-0.039624464821427674,0.00923018116342944,0.003392000468597889
2024-11-26,-0.001063189566898104,-0.0017745776905992994,0.005221589715021402
2024-11-27,-0.015788061864523528,0.002734716926289016,-0.0030301917856291327
2024-11-29,0.03685898787510977,0.0036820757702153983,0.006212154403273384
2024-12-02,0.034563659025395044,0.0005861110314981932,0.0017924307507057868
2024-12-03,-0.01587830229999254,-0.002315418448234463,0.0004637390430815014
2024-12-04,0.018524782309774723,0.0034126696672689416,0.006209510619023417
2024-12-05,0.03229681165351517,0.00013613055767858206,-0.0016456371446975648
2024-12-06,0.053397958017247005,0.0027208101317524047,0.0018956945975732165
2024-12-09,0.0014644862094215227,-0.0029846933372721374,-0.005149673070058869
2024-12-10,0.02873337295448497,-0.001088422046682469,-0.0031091970652838974
2024-12-11,0.05930322291934931,-0.0021795465516258883,0.007730741140141273
2024-12-12,-0.015702575706076027,-0.0039593814460311405,-0.00515253763170509
2024-12-13,0.04336284290396253,-0.003974677010375904,-0.00019841202354187182
2024-12-16,0.06141250567967771,0.0011011489882519765,0.004269746274989883
2024-12-17,0.036369912179738284,0.00013731155101459613,-0.004119991479773488
2024-12-18,-0.0827949436951747,-0.007834021464351748,-0.02980346115350485
2024-12-19,-0.008997322180141931,-0.0027704481053590913,-0.00030704650479618234
2024-12-20,-0.034642491239586515,0.003056004235417964,0.012010906155728973
2024-12-23,0.022657123925894362,-0.0031850319404913563,0.005988208830145503
2024-12-24,0.07357174228224572,0.0014353380382334802,0.011114994443285786
2024-12-26,-0.017629994630971146,0.0006959373283861314,6.669504475431687e-05
2024-12-27,-0.04947922616674816,-0.0020860236081849948,-0.01052648096742248
2024-12-30,-0.03301209257078741,0.0039022078201247368,-0.011411689511399481
2024-12-31,-0.03251001941775111,-0.0016659861240951868,-0.0036379248440820966
2025-01-02,-0.06081615932376483,0.00041741580264686995,-0.002457123996579935
2025-01-03,0.08215567328200035,-0.0012512766327759106,0.012503510745669022
2025-01-06,0.0014861742226248698,-0.0009742224903335206,0.005760405031133287
2025-01-07,-0.040603340073111505,-0.003483079936740685,-0.011304046612612861
2025-01-08,0.0014707807875757872,0.0011187969382429053,0.001461011670164325
2025-01-10,-0.0005064369418008585,-0.0051671050836099575,-0.015267429606369842
2025-01-13,0.021710512074366584,-0.0009825644048219173,0.0015505849049237685
2025-01-14,-0.017232432245921525,0.0007024734405904898,0.0013759502770052112
2025-01-15,0.08038151439752794,0.008003549183507763,0.018189922211973686
2025-01-16,-0.03362756026209679,0.0019499609232906945,-0.0019231018964384061
2025-01-17,0.030641323404759335,0.000278199847472127,0.010039901270404217
2025-01-21,-0.00569752092797482,0.0029186051384750833,0.009153480443916395
2025-01-22,-0.021128638710367298,-0.002078731000923817,0.005621538331987974
2025-01-23,-0.006576523247056931,-0.001527503516460249,0.005457956171128542
2025-01-24,-0.014064741844588391,0.0019470899281044396,-0.0029191634446454895
2025-01-27,-0.023193450212053546,0.005274927903834881,-0.014145458332822769
2025-01-28,0.0023668700890153715,-0.0005523009887868913,0.008592419782555538
2025-01-29,-0.02258280870425211,-0.0005528289738968573,-0.0044828644654661964
2025-01-30,0.028732954254456988,0.001382446826117656,0.005366979111198988
2025-01-31,0.010792463618949588,-0.0013805383053191456,-0.0053218090231170745
2025-02-03,-0.05170542044525339,0.0009016442134224256,-0.00672955270931086
2025-02-04,0.022232065633156273,0.0013856555256355207,0.006708265236212485
2025-02-05,-0.035797094243459227,0.005119742164793939,0.004054526223509436
2025-02-06,-0.010180622383618276,-0.0011014403800035932,0.0034757319339304704
2025-02-07,-0.0339282217314959,-0.003032079438111124,-0.009153614464924464
2025-02-10,-0.030114441341470455,0.00027661318811689206,0.006791224284519393
2025-02-11,-0.06338211812502892,-0.0016583316952143434,0.0007604384781254581
2025-02-12,0.0243835913717656,-0.005121868248221362,-0.003221485072722685
2025-02-13,0.05773971683431944,0.0059830558355926655,0.01055750138825129
2025-02-14,-0.0002809633725618932,0.003181366100077687,-4.8973341600810905e-05
2025-02-18,-0.004861766535893763,-0.0037229432624820147,0.002935795248416362
2025-02-19,0.018214714280444966,0.001384041099737221,0.0023548170755354203
2025-02-20,-0.01708454543992588,0.0012437487714107576,-0.0041602448320542385
2025-02-21,-0.046839747148427646,0.00441687245276956,-0.01710420781148192
2025-02-24,-0.021521578674915554,0.001374561870137514,-0.004550406866907997
2025-02-25,-0.0838955952220366,0.00631207751120022,-0.004973182941032439
2025-02-26,-0.039630120487999076,0.0015001755629522329,0.0005049020314549235
2025-02-27,-0.030433204805490277,-0.0012254584143494007,-0.01596211835726624
2025-02-28,0.03912040539724382,0.004226385062507276,0.015605704427724687
2025-03-03,-0.02843203214376444,0.0023011133103019166,-0.01751997766630431
2025-03-04,-0.04429996705409467,-0.0028529164294678333,-0.01183676164866676
2025-03-05,0.025952056083059283,-0.0035423452768729158,0.010747838454513436
2025-03-06,-0.056073068986891905,-0.0008200753930386329,-0.017751261304090216
2025-03-07,-0.0029607088371812473,-0.00109473329676546,0.005604994241949157
2025-03-10,-0.1542620682219512,0.0046574685120928105,-0.026635724365886904
2025-03-11,0.037947369642955975,-0.003817928916406088,-0.008312669692227548
2025-03-12,0.0759389121683911,-0.002052981621318062,0.005306264020275897
2025-03-13,-0.02986820819658198,0.0030175637175848813,-0.013330437810785023
2025-03-14,0.038640532386444715,-0.0024615478333733787,0.020655906135268243
2025-03-17,-0.04788383640805238,0.0013709377238193543,0.00771133679017999
2025-03-18,-0.05335909096824687,0.0010951828516632123,-0.010808487898628982
2025-03-19,0.046824389357219776,0.003008047169861028,0.010890956650734918
2025-03-20,0.0016958954271570903,0.0004091914492749815,-0.0028918080871890295
2025-03-21,0.05269623506518384,-0.000817829781124102,0.0003298919546212975
2025-03-24,0.11933580126800525,-0.0043642725656889425,0.01790837800678835
2025-03-25,0.03502280788451673,0.0012328012048787862,0.002403929606058286
2025-03-26,-0.05580626179068926,-0.0021889480486593227,-0.011938228305225729
2025-03-27,0.0039329829222258805,-0.00041132813504218824,-0.0026558447361686444
2025-03-28,-0.03507493471452938,0.005761073445470721,-0.020138214540216803
2025-03-31,-0.016657121359109794,0.0017733784509603723,0.006712800625198856
2025-04-01,0.035885119854736525,0.0031415526987037534,0.0028245533885180585
2025-04-02,0.05326685079977622,-0.00081710131947621,0.006328297594604848
2025-04-03,-0.05474611137253549,0.005178590241095016,-0.04928069145016545
2025-04-04,-0.10419786826814681,0.0008133399003962261,-0.05854310111696115
2025-04-07,-0.025644236634809525,-0.012056251834396514,-0.0017812496995063265
2025-04-08,-0.048994783337158565,-0.0057590504487431415,-0.01566269392150721
2025-04-09,0.22689989839624536,0.002344410229276672,0.10501937798947614
2025-04-10,-0.07274069589492627,-0.007979997263963257,-0.043819062573260736
2025-04-11,-0.00035656236159631316,-0.0011097535026906025,0.017842893761116585
2025-04-14,0.00015856900364230597,0.005693098511085237,0.009701389940211191
2025-04-15,0.0069744183248166,0.0024849348687290274,-0.0028010217219820444
2025-04-16,-0.049427403598542585,0.0027546224753876025,-0.022227965823144014
2025-04-17,-0.0007452201709629014,-0.0021975346151462682,0.0014268350248789474
2025-04-21,-0.05746362595919796,-0.0055058810596899654,-0.02380276591259234
2025-04-22,0.04602198338770602,0.0017993983140989211,0.02601794197538787
2025-04-23,0.0536622440095611,0.0020723383108292026,0.015495243709833462
2025-04-24,0.0349764859229853,0.005652845956176433,0.02104903098185429
2025-04-25,0.09803091011549903,0.0032902627994901845,0.007225311311978455
2025-04-28,0.0032637046356942534,0.0024597953328058253,0.0003813851666460977
2025-04-29,0.021512501019458785,0.002589837646898907,0.006299276475910887
2025-04-30,-0.03379788089732105,-0.0006799357285920404,0.0003968300935219826
2025-05-01,-0.005812356915055328,-0.0027843960818094704,0.007087092087886715
2025-05-02,0.023848576584252656,-0.004927321409931795,0.014844134866078829
2025-05-05,-0.024198258752220814,-0.0013755143122691216,-0.005734324171199123
2025-05-06,-0.017519458684867262,0.0022040517007524407,-0.00835843551316362
2025-05-07,0.003159597232260225,0.0019240441293841837,0.00420552756227166
2025-05-08,0.031134624811778533,-0.005349918849790969,0.006967762571935099
2025-05-09,0.04718770485146129,0.0008274492255548882,-0.0012741118157988396
2025-05-12,0.06745790403815088,-0.0034449460759810036,0.03304742941467098
2025-05-13,0.049280740626853614,-0.0004147565264713826,0.00660375465525842
2025-05-14,0.04073991993646375,-0.00345828910217727,0.0012780827787997051
2025-05-15,-0.013978329078298546,0.0054137855779350375,0.004884390984280174
2025-05-16,0.0208856061756566,0.0006902109187849614,0.006334043929497213
2025-05-19,-0.022544186527114873,-0.00027611360328472223,0.0010940279697422284
2025-05-20,0.005057180873010214,-0.0017939157812075779,-0.0033623610756475797
2025-05-21,-0.026758222357769146,-0.006221477739911663,-0.016850775346555102
2025-05-22,0.019185982671137136,0.0027825226788056323,0.00039470808698149895
2025-05-23,-0.004984788190348977,0.00152605812163209,-0.006825745108989145
2025-05-27,0.06939947711644767,0.00470969956615841,0.02079046874263546
2025-05-28,-0.016506435862546853,-0.0022059592619173563,-0.005785347645933303
2025-05-29,0.004286911755287504,0.0035926226992684107,0.003947442276660329
2025-05-30,-0.03339564619395741,0.0019274882557043238,-0.0011184010326800164
2025-06-02,-0.01088145559849063,-0.0022059039901756172,0.005632920704039535
2025-06-03,0.004610541775392996,-0.0011053355628616313,0.00570245224869792
2025-06-04,-0.03549540073392177,0.0062249139239589635,-0.0002683047655557269
2025-06-05,-0.14259893789082123,-0.0019247705513377733,-0.004832962982388778
2025-06-06,0.036670186138995975,-0.005371795152018577,0.010269030973764526
2025-06-09,0.04553761352840424,0.0015232313381086104,0.0009013320810069558
2025-06-10,0.05674382827003055,0.0019357294805981695,0.005669821016794474
2025-06-11,0.0010426457165473302,0.0031744679527763164,-0.0028521796888598683
2025-06-12,-0.022424432461661592,0.0037140023871520267,0.003974172459097147
2025-06-13,0.019429076154419578,-0.0035634546239705633,-0.011179958415508229
2025-06-16,0.011742668079331553,-0.001925611627795587,0.009514239842613348
2025-06-17,-0.03882963749794621,0.00316976446226902,-0.0085450687006845
2025-06-18,0.0180179597897272,0.000549478877981846,-0.0001508166576998926
2025-06-20,0.0003416111576173275,0.0006865531025184168,-0.0023485778516780798
2025-06-23,0.0823193093872907,0.0024698736812081012,0.00987759060766491
2025-06-24,-0.023545920693855638,0.003011128044128508,0.011047186039507384
2025-06-25,-0.037947582404945,0.0002729564967327569,0.0005603844216792719
2025-06-26,-0.0054037218123500486,0.0028649905151580946,0.007823809728070064
2025-06-27,-0.006599526995335614,-0.002312708846178846,0.0049683222933454285
2025-06-30,-0.018446995428822777,0.003954252658039836,0.004781179328798402
2025-07-01,-0.05335897504131726,-0.0007497831092335705,-0.00032361428413474336
2025-07-02,0.04968242780731846,-0.0010902551143048278,0.00453326557880418
2025-07-03,-0.0009503811144286889,-0.0024569929079820696,0.007881400243543668
2025-07-07,-0.06789282780315342,-0.0032842398262373784,-0.007451971921066947
2025-07-08,0.013165935514200422,-0.0005491950297089598,-0.0005477352950125081
2025-07-09,-0.0064806174796113725,0.003983471640021996,0.005996656078344209
2025-07-10,0.0472826483827995,0.0001369914597835198,0.0028203571621754353
2025-07-11,0.01174690904506881,-0.004104095786542472,-0.0035155067463294998
2025-07-14,0.010813001260769006,-0.00013721124393450967,0.0019080851570825175
2025-07-15,-0.01931207079538977,-0.003022538545569886,-0.004273212611414445
2025-07-16,0.03504091219258654,0.001929225267074841,0.0033432737161649406
2025-07-17,-0.007025863995037018,0.0002750884710194246,0.006119637877514572
2025-07-18,0.03205907804067243,0.0016498594215814677,-0.0007323346017438226
2025-07-21,-0.0035188948387289143,0.0028826068354215195,0.001896143492131186
2025-07-22,0.0110201078413521,0.001642515706630876,0.0001431954391026835
2025-07-23,0.0013550095657464123,-0.0020495346721954855,0.008507476351847565
2025-07-24,-0.08197020076301287,-0.0012325279070483086,0.00033102965109055305
2025-07-25,0.03524405566934252,0.002467989382907154,0.004224338152491125
2025-07-28,0.030152499060024596,-0.0016413837681801269,-0.0002510690047468067
2025-07-29,-0.013483166498468035,0.005205592631824185,-0.0026376616892719307
2025-07-30,-0.006724793213012448,-0.002589101823526563,-0.0012593696215839056
2025-07-31,-0.03375758288237862,0.00013637200120730775,-0.003751066887460741
2025-08-01,-0.01829559909125389,0.008662438990764354,-0.016390611285710288
2025-08-04,0.021907956170373222,0.0006794468661945885,0.015199864928028717
2025-08-05,-0.0017461311772288823,0.0004074127279332096,-0.005070024116712868
2025-08-06,0.03624644466558724,-0.0008141726170070029,0.007659857740445197
2025-08-07,0.007377028928595486,-0.00040768573822758114,-0.0008377338742812102
2025-08-08,0.02290006868278205,-0.002174567946838457,0.007797554830949682
2025-08-11,0.02845443669493286,0.0006811273817717289,-0.0019774044951013092
2025-08-12,0.005338753399730889,0.00013626150363599265,0.010646077812391797
2025-08-13,-0.004283509772223915,0.003674160958051731,0.003423132057329248
2025-08-14,-0.011196942235471519,-0.0028473146111094305,9.29178689290655e-05
2025-08-15,-0.014959143019665277,-0.0013599245551115802,-0.0023411979263346927
2025-08-18,0.013915797850586165,-0.0010892494365108973,-0.00021771255650937515
2025-08-19,-0.017454368181154756,0.0019084799973867472,-0.005425196957653422
2025-08-20,-0.016428300696053943,0.0006802786750921275,-0.0026569846084518733
2025-08-21,-0.011701168929731831,-0.002447466969216827,-0.004011809805612443
2025-08-22,0.062166209505171155,0.0050427461263757856,0.015356833041096918
2025-08-25,0.019381771561470362,-0.0013560227238834655,-0.004401115665894628
2025-08-26,0.01462783391499567,0.0012225593183725625,0.004187065214133812
2025-08-27,-0.0058862207330171445,0.0009491838120432305,0.002278548405594716
2025-08-28,-0.010354676927882056,0.0012194813236281465,0.003541324132844581
2025-08-29,-0.03500206799409333,-0.0012179960002535184,-0.005963639392962183
2025-09-02,-0.01350828116207925,-0.0021343326450674605,-0.007410347641911175
2025-09-03,0.014361219324440011,0.0032694671862447677,0.005419642546478309
2025-09-04,0.01328983953448204,0.0038025170657158824,0.008357320883294106
2025-09-05,0.036363092201525005,0.004734822013441331,-0.0028961941058495144
2025-09-08,-0.01265534855703887,0.0032314862086089136,0.0024565777359784047
2025-09-09,0.001645517708609212,-0.0018789529953846529,0.0023118846201510834
2025-09-10,0.0023633378140295314,0.0017481095336888686,0.002890900188266654
2025-09-11,0.06043873744853956,0.002147497189734837,0.008310195052279257
2025-09-12,0.07356092584909457,-0.0012052536557501936,-0.000334630409346115
2025-09-15,0.03561147147692467,0.0018772301788483325,0.005323962798345239
2025-09-16,0.028241113869250656,0.0001339793507744158,-0.0013768848246955567
2025-09-17,0.01005642588937583,-0.0017402364324122788,-0.001242457061691904
2025-09-18,-0.021157139806429193,-0.002546754399676776,0.004672499536354291
2025-09-19,0.022118270566640064,0.0004029790883843809,0.004952868450893266
2025-09-22,0.019104804353584193,-0.0018808671538610433,0.004730956629250382
2025-09-23,-0.019253323313789705,0.002019148277315086,-0.005443378865093829
2025-09-24,0.03977927016229388,-0.002015079532947328,-0.003181757023221321
2025-09-25,-0.04381307961359793,-0.0010769425365545482,-0.004613374905433676
2025-09-26,0.0401756741055197,0.0,0.0057290340826092745
2025-09-29,0.00638055766924972,0.0025605357337399326,0.0028104467833012237
2025-09-30,0.0034069849388267404,-0.0004034014983302914,0.003766834755358328
2025-10-01,0.033144428390707636,0.002522382499930753,0.0034075722246513784
2025-10-02,-0.051059922281332826,0.001076660277168573,0.0011517326256851312
2025-10-03,-0.014151406944344913,-0.001210032225068769,-1.4805406382656372e-05
2025-10-06,0.054486690457546505,-0.002287565718111173,0.003586271966467658
2025-10-07,-0.044478772558432134,0.0018882280941510121,-0.0037075138893177817
2025-10-08,0.012930352007360923,0.0,0.005963055269571305
2025-10-09,-0.007180455170972544,-0.00067278744028898,-0.002896974724933221
2025-10-10,-0.05062684914805626,0.003906503464165212,-0.027027862178845674
2025-10-13,0.054197209585187034,0.0016104983811464635,0.015344118135168339
2025-10-14,-0.015278742269702716,0.0014736016602046043,-0.0012216462876413203
2025-10-15,0.013768529951932784,-0.0006688714418402464,0.004439529909605389
2025-10-16,-0.01470755828163206,0.0037483548787902166,-0.006810134562330372
2025-10-17,0.02462973191508744,-0.0013338482105804683,0.005676205164253156
2025-10-20,0.018483519979771268,0.001335629737916344,0.010400500262923273
2025-10-21,-0.010794954856246153,0.0012002544861222653,-1.494287878323064e-05
2025-10-22,-0.008201547294971134,0.0,-0.005198916065879078
2025-10-23,0.022803402824313368,-0.001998060779356381,0.005929962705964353
2025-10-24,-0.03398817183887881,0.0013347073459708536,0.008172554694480416
2025-10-27,0.043115401997602554,0.0005331504315209123,0.011797664492784632
2025-10-28,0.017969970655449252,0.0005329706739878315,0.002656016019079832
2025-10-29,0.0020845119924046696,-0.00492672689113971,0.0004803706386860007
2025-10-30,-0.04639120107705208,-0.0017395939291641183,-0.010998187142508109
2025-10-31,0.03740057084027071,-0.00026812851649660185,0.0032802220875831622
2025-11-03,0.02586735066967427,-0.0011570212698481797,0.0018767398754619968
2025-11-04,-0.05147636612701911,0.0005388094739211535,-0.01185354736001909
2025-11-05,0.040089130615176494,-0.002826674747783864,0.003465476340313245
2025-11-06,-0.03497306340156037,0.0039146738096731415,-0.010729453719183435
2025-11-07,-0.03675632866235745,-0.0005379399889893222,0.000984565078659072
2025-11-10,0.03657576451501576,-0.0002690622518892738,0.01560437034633999
2025-11-11,-0.01260026442672324,0.0028259139916200215,0.002289177027853917
2025-11-12,-0.02051769508633805,-0.00040245963383300776,0.0005563903663643455
2025-11-13,-0.06644220962287406,-0.0029535370188201737,-0.016593996414786205
2025-11-14,0.005870832424868633,-0.0014810380152009417,-0.0001635496688257021
2025-11-17,0.011302107716671506,0.0005394633492283862,-0.009316620573407763
2025-11-18,-0.018756757252943457,0.0008083905127946878,-0.008397461670685558
2025-11-19,0.006828636098130891,-0.00040376365330319075,0.0038631766432766224
2025-11-20,-0.02168365419886953,0.0014818359159336492,-0.015242227316648038
2025-11-21,-0.010474950113494086,0.0024212345355956177,0.009961138168965045
2025-11-24,0.0682451678419993,0.0017445504273436718,0.014718606876234608
2025-11-25,0.0038776272725380423,0.002277434595778116,0.009405836039293458
2025-11-26,0.017119677587676296,0.0010690961416552902,0.006903582418005261
2025-11-28,0.008415835173881447,-0.0016020879253617615,0.0054584342293309
2025-12-01,-6.973703038437584e-05,-0.003903813590682814,-0.004565470301164498
2025-12-02,-0.0020923987153301793,0.000942548948304367,0.0018522768711999316
2025-12-03,0.04076973347810542,0.0014802322304077187,0.003462749080359595
2025-12-04,0.017437455153354264,-0.0018809573144379366,0.000731139787988333
2025-12-05,0.0010340378456106247,-0.0012115403750778686,0.001899394752821859
2025-12-08,-0.033890139401614006,-0.0014824162840114674,-0.0030042091058060105
2025-12-09,0.01271674558948499,-0.0006746731946689621,-0.0008631180942337835
2025-12-10,0.014106967203253218,0.00297113372960367,0.006632235252757246
2025-12-11,-0.010100780674035192,0.0,0.0023269460314641055
2025-12-12,0.027008830833098685,-0.0030972932974023815,-0.010752075575282682
2025-12-15,0.035624033484225714,0.001215795567238942,-0.0015108085502177904
2025-12-16,0.030653694218629735,0.001888824337026973,-0.002732285145230273
2025-12-17,-0.04617456293730249,-0.0002693981889652086,-0.011003593983400228
2025-12-18,0.034477560704677446,0.002122016915973468,0.00755126270975226
2025-12-19,-0.00448927929345333,-0.0014833960156963588,0.009063506223587092
2025-12-22,0.01564837611861325,-0.0002703471022162951,0.006229803850433591
2025-12-23,-0.00648622625268469,-0.000134843397781248,0.004570492347330646
2025-12-24,-0.00032952397832164415,0.0024320143584100062,0.003517674396244841
2025-12-26,-0.021034181259704576,0.0,-0.00010140966545213459
2025-12-29,-0.03272372674735757,0.00148259619392066,-0.0035636535074947684
2025-12-30,-0.011335005235871831,-0.0004038407141164768,-0.0012212136133650242
2025-12-31,-0.010364613980130777,-0.002692802204864897,-0.0074088529688375315
2026-01-02,-0.02590499391813139,-0.0004048853018677745,0.0018329931020035772
2026-01-05,0.031045280151877908,0.001890753793919897,0.0066602071082446646
2026-01-06,-0.041424095947095174,0.0,0.005947158299371091
2026-01-07,-0.0035799792672750463,0.0010784067014064647,-0.003223412281198157
2026-01-08,0.010175897854927118,-0.0017505361682786935,-0.00010152731427326422
2026-01-09,0.02113359850994656,0.002158268112765649,0.006613382996888628
2026-01-12,0.00887616368794375,-0.0009421435148164736,0.00157043300066384
2026-01-13,-0.003920124914344347,0.0008083429856966529,-0.0019995067653818532
2026-01-14,-0.017889087168218576,0.002019434051049318,-0.004915252903138989
2026-01-15,-0.0014344373071545347,-0.0014781282141291818,0.0027232975079871657
2026-01-16,-0.0024397640202233895,-0.0016146154156797543,-0.000837905189162047
2026-01-20,-0.041714285714285704,-0.0036387337532638453,-0.02035680001149731
2026-01-21,0.02907573629435012,0.0028405085599194635,0.0115411092816613
2026-01-22,0.041535283721378935,0.0004046076738635218,0.005223257672714476
2026-01-23,-0.0006675890216037983,0.0010788659590081906,0.00036273518897367296
2026-01-26,-0.030864440001147186,0.001212024486153318,0.00507823176187272
2026-01-27,-0.009880556502607107,-0.0008071424964853913,0.003984165378470905
2026-01-28,0.0012995998294869082,-0.00040374064085446637,-0.0001006645803248718
2026-01-29,-0.03453389466363932,0.00013453012221353866,-0.001984377154833794
2026-01-30,0.033248526466028494,-0.0004040582528976877,-0.0029824841055743345
2026-02-02,-0.019980962408733927,-0.0010135315499175679,0.00497122273706152
2026-02-03,0.0003555958781265023,0.0002704516794045375,-0.008455385901172563
2026-02-04,-0.03779974882085746,-0.0004057769420833246,-0.004843853725993386
2026-02-05,-0.02167438757390938,0.004330218743040959,-0.012489284060324235
2026-02-06,0.03499406912088299,0.00013476519092181505,0.01918478647681998
2026-02-09,0.015105500216312517,0.0002692857990791442,0.004821726716577324
2026-02-10,0.018906316477488305,0.0029632202158578202,-0.002637057770699447
2026-02-11,0.00719643851293883,-0.002014379976396641,-0.00023112214366449724
2026-02-12,-0.02615168463063977,0.004574811205572793,-0.01544885969788623
2026-02-13,0.0008871295242764976,0.0029466365884240897,0.0007044991031190939
2026-02-17,-0.016313715788533356,-0.0001334741366763037,0.0016134830190519533
2026-02-18,0.0016803507615161806,-0.0010684518453842884,0.005037707550576753
2026-02-19,0.0009481282794785439,0.0004011109149710812,-0.002637344323549562
2026-02-20,0.00026721690370390405,-0.00013378777787176332,0.00723184928909637
2026-02-23,-0.02911471161845125,0.002138824374001258,-0.010211366038766267
2026-02-24,0.023885197787236967,-0.0005335648919043701,0.00726847527019836
2026-02-25,0.019590573349979934,-0.0002668732880057867,0.008438306300538434
2026-02-26,-0.021130827631028026,0.0014683496863943102,-0.005554445579207146
2026-02-27,-0.014856275407819197,0.001999509138331801,-0.004801940858611298
2026-03-02,0.0020123662491409178,-0.004029805071329107,0.0005685229860479257
2026-03-03,-0.027000928420799375,-0.0010717974180016743,-0.008814250912485666
2026-03-04,0.03442654745501761,-0.0006705792055538007,0.007055355958297538
2026-03-05,-0.0009607691927178141,-0.002281788818179864,-0.005575670491907769
2026-03-06,-0.021748186591348584,-0.0013450240020699278,-0.013107129910862048
2026-03-09,0.004915135319874642,0.0028286141150646316,0.00875996152231262
2026-03-10,0.0014046291985592152,-0.003089242944503412,-0.0016070155764896787
2026-03-11,0.02149087591352461,-0.004446222019545476,-0.0012551345486657706
2026-03-12,-0.03141091003024221,-0.0036540458368115036,-0.015184966271003186
2026-03-13,-0.009645319015724074,-0.0009508815857237618,-0.00566013575260893
2026-03-16,0.011145156481373375,0.0038069369360684835,0.01017686501045656
2026-03-17,0.00937908655570907,0.0020318376199963684,0.002630544991105488
2026-03-18,-0.016254640751756533,-0.004055331086934122,-0.013953644515257158
2026-03-19,-0.03177353995904619,0.0010858668395909987,-0.002464381043311259
2026-03-20,-0.03244805872728129,-0.007999032953044383,-0.014335696266852715
2026-03-23,0.035031022251806876,0.0038267080715903568,0.010499991225476402
2026-03-24,0.005724019012326664,-0.0025867733677019666,-0.0033568144771775055
2026-03-25,0.007623458833617036,0.0038220068660217432,0.0055726882440485515
2026-03-26,-0.03585963575004292,-0.005847095283195047,-0.017858729983344035
2026-03-27,-0.027626237359861583,0.0,-0.01705189415742525
2026-03-30,-0.018102390725044493,0.0050608934696312335,-0.0033433906874337227
2026-03-31,0.04635780589195071,0.002177329948076956,0.029067865784757174
2026-04-01,0.025581734406523227,0.00040886017902774796,0.00753449141030349
2026-04-02,-0.05421500524128142,0.0021792431405829316,0.0009004595313388819
2026-04-06,-0.021547988276388597,-0.0014950043703018112,0.004726845083763864
2026-04-07,-0.017487708462248674,0.0014972427547637057,0.0004400005646272298
2026-04-08,-0.009808146419583275,0.0019027043682351419,0.02546963651219092
2026-04-09,0.006904574267115882,0.00040692573855305447,0.005769017699185586
2026-04-10,0.009634908676839249,-0.0014915582675680827,-0.0006617754265585418
2026-04-13,0.009944121218842028,0.0021728370134452835,0.009772447246481741
2026-04-14,0.03342602102735692,0.0024390116991805932,0.012184877209840739
2026-04-15,0.07619439612820611,-0.0013517558032015708,0.007890969227043909
2026-04-16,-0.007781651270713175,-0.0014889336769083883,0.002457347646937613
2026-04-17,0.03013628543234881,0.003931053574204091,0.012085686101644066
2026-04-20,-0.02026857175416885,-0.0006749923675775094,-0.0019997351150194964
2026-04-21,-0.015490411649084379,-0.003107747025573371,-0.006546892848539487
2026-04-22,0.0028207553957204645,0.0010842528819985375,0.01012671209511895
2026-04-23,-0.03558619957523779,-0.0017600026453070683,-0.0038807408683984024
2026-04-24,0.0069035282132037246,0.0017631057160312213,0.007749309237231605
2026-04-27,0.0062982346841573555,-0.0016246178264373023,0.001722787837563633
2026-04-28,-0.006998242057971282,-0.00027121025074761107,-0.004865992267119479
2026-04-29,-0.008563377785179571,-0.004476495663052971,-0.00015450932498595193
2026-04-30,0.02368566893502,0.0014988749281328317,0.009949633527564838
2026-05-01,0.024080922159745333,0.0013923491537286559,0.0027690952923506984
2026-05-04,0.00432424750456617,-0.0034078427861605753,-0.0036633921467564834
2026-05-05,-0.007999833304410453,0.0017781713680591338,0.008022228723942426
2026-05-06,0.024038873016714035,0.004232631807124854,0.013899399692774095
2026-05-07,0.03275398690529352,-0.002583286559551645,-0.0030660824190705815
2026-05-08,0.040214665764012114,0.0025899772128752385,0.00825609701116825
2026-05-11,0.038870068073398656,-0.0024472583764271194,0.002277563042387465
2026-05-12,-0.025955028748244402,-0.002998501062464687,-0.0015149526145865622
2026-05-13,0.027269526989873505,0.0004101067292558991,0.00559483781461112
2026-05-14,-0.004424284747029383,-0.000273327274735613,0.0078943149045545
2026-05-15,-0.04750732717914996,-0.005740918904864389,-0.012029343756796207
2026-05-18,-0.029011937010514632,-0.0006872937579394112,-0.0007035093177317764
2026-05-19,-0.014341825466156255,-0.0033017212800902085,-0.0066607880874933745
2026-05-20,0.0325407064678751,0.005520992269828939,0.010248994582563453
2026-05-21,0.0014139776735901943,0.001098261747549678,0.0019830877010671433
2026-05-22,0.019528547428303344,0.000959767338290396,0.003931549076803931
2026-05-26,0.017792977626126305,0.0028767509261566904,0.006638641352187502
2026-05-27,0.015613803526030035,0.0009560966163653095,-0.0001732421647460125
2026-05-28,0.003951359818862743,0.0019104711976802857,0.005516578600909927
2026-05-29,-0.014272783242432974,0.0005448676511679018,0.0024914048034492264
2026-06-01,-0.045687150397476395,-0.0038115797079490976,0.0027231134609038143
2026-06-02,0.018899647156100485,0.0002732226718751285,0.0013579397972762752
2026-06-03,-9.43456559803213e-05,-0.001912559162903782,-0.00701718232049986
2026-06-04,-0.012390842220308285,0.0013687763711311973,0.0037786857621391334
2026-06-05,-0.06559926253138726,-0.004510662207273919,-0.025809371248925683
2026-06-08,0.04590795960877547,-0.0002746408149043589,0.002264172608771542
2026-06-09,-0.03000371479396924,0.0021975198367640836,-0.0029354505508077944
2026-06-10,-0.038040729596927614,-0.0008222367735588598,-0.015765562508027298
2026-06-11,0.046017971453959916,0.005760498812770409,0.016996847886747934
2026-06-12,0.018238754580025995,-0.0012273002432365843,0.005408247901529384
2026-06-15,0.011613319158924273,0.0008192055733571291,0.01763396989375332
2026-06-16,-0.015784969793794956,0.0015006823561944937,-0.005961562844234103
2026-06-17,-0.02046161890071707,-0.003677992545162101,-0.012487870885051433
2026-06-18,0.010368800900483421,0.002734453740352194,0.010396992441959574
2026-06-22,0.011386046267785943,-0.002726996893496869,-0.003146979693962715
2026-06-23,-0.05786940661108486,0.0010938024281554881,-0.014521954010491611
2026-06-24,-0.0159324619523894,0.0045069660382179855,-0.0004635170636431152
2026-06-25,-0.00109180002514353,0.0006798286856690705,0.0014456352254532678
2026-06-26,0.01223607484974698,0.0009510303608954995,-0.007231373616869652
2026-06-29,0.08461722263269356,0.0005430186412500593,0.016474862380159383
