Price,Close,High,Low,Open,Volume
Ticker,SPY,SPY,SPY,SPY,SPY
Date,,,,,
2015-01-02,169.68777465820312,170.88550309811347,168.65525883342033,170.4724967682004,121465900
2015-01-05,166.62339782714844,168.81232795099038,166.31777695052656,168.64712781778834,169632600
2015-01-06,165.0538787841797,167.4493107905881,164.26090097427732,166.92891870896608,209151400
2015-01-07,167.1106719970703,167.44934031956146,165.9294795701786,166.3755210016873,125346700
2015-01-08,170.0760498046875,170.29082122362388,168.49837475641723,168.5148859394458,147217800
2015-01-09,168.71322631835938,170.5056737709307,168.1019719034511,170.489149974862,158567300
2015-01-12,167.3915557861328,169.00229147312052,166.78856973022198,168.84534696175578,144396100
2015-01-13,166.9207000732422,169.72913908899594,165.62385367921945,168.60576096190292,214553300
2015-01-14,165.91297912597656,166.11122679229365,164.0214148168744,164.91349780540452,192991100
2015-01-15,164.39306640625,166.86283654292797,164.27742512162916,166.54896025835984,176613900
2015-01-16,166.54901123046875,166.70595572276284,164.0048895862307,164.18661346110187,211879600
2015-01-20,166.9041748046875,167.44934637710867,165.34301083199585,167.18501618298058,130991100
2015-01-21,167.7467498779297,168.22583901130292,165.9790822636024,166.44164760507718,122942700
2015-01-22,170.24127197265625,170.3734244640465,167.12719965980176,168.49838416512793,174356000
2015-01-23,169.3079071044922,170.24130594621263,169.1757419827697,169.9852312963904,117516800
2015-01-26,169.70436096191406,169.79522289212784,168.3827477816635,169.0931194349828,92009700
2015-01-27,167.4658660888672,168.60575536241527,166.63985315825929,167.655845533799,134044600
2015-01-28,165.31825256347656,168.74620170511815,165.12827308965936,168.64708417164115,168514300
2015-01-29,166.84640502929688,167.10246709579837,164.112290844623,165.5165233191782,173585400
2015-01-30,164.74830627441406,166.9950628601836,164.48398864289024,165.6734494946458,197729700
2015-02-02,166.7885284423828,166.87939036836673,163.43491798072392,165.24388830461308,163107000
2015-02-03,169.20050048828125,169.20876868484345,167.30893625739085,167.68063958790245,124212900
2015-02-04,168.55621337890625,169.64655660572535,168.10190370106497,168.44057206127013,134306700
2015-02-05,170.25779724121094,170.40648613676643,169.14268724235677,169.2170253881554,97953200
2015-02-06,169.78701782226562,171.1829821636841,169.26662546674098,170.6212866268706,125672000
2015-02-09,169.02706909179688,169.8613378071158,168.62231812482196,169.14271042465256,87219000
2015-02-10,170.8277130126953,171.0837749758462,169.06830163446324,170.05952712324256,96164200
2015-02-11,170.92686462402344,171.3563949145991,170.01825788329432,170.6625470171787,91087800
2015-02-12,172.5706329345703,172.62845989396322,170.9599101194834,171.719840560346,97545900
2015-02-13,173.281005859375,173.33056462266381,172.43846907159076,172.69454368851316,93670400
2015-02-17,173.55357360839844,173.72704186582325,172.7193051039149,172.96709889458353,76968200
2015-02-18,173.5701141357422,173.64445228011232,172.91755681349412,173.18188702097638,80652900
2015-02-19,173.44619750976562,173.80964522816615,172.83495598696246,172.9753766774431,91462500
2015-02-20,174.48696899414062,174.56130712996128,172.41366855501633,173.0331782281016,140896400
2015-02-23,174.4622344970703,174.4622344970703,173.85923585195994,174.23920742827661,74411100
2015-02-24,174.9578094482422,175.1560571033271,174.090493287688,174.38785846833633,72472300
2015-02-25,174.8091278076172,175.3129962204007,174.47045946703403,174.83390718824936,73061700
2015-02-26,174.6026153564453,174.87520113297848,173.99961684898244,174.7182566612815,72697900
2015-02-27,174.0078887939453,174.7678191855219,173.9583300342273,174.5034889950828,108076000
2015-03-02,175.1065216064453,175.1643359693863,174.0574814403365,174.10704020970294,87491400
2015-03-03,174.3878631591797,175.15606181483415,173.52881517195365,174.67697275512717,110325800
2015-03-04,173.6527557373047,173.86752724107197,172.6863217822364,173.7931764722502,114497200
2015-03-05,173.8426971435547,174.12353853152536,173.33882872209776,173.97484964121526,76873000
2015-03-06,171.39764404296875,173.41311715099826,171.06724398760014,172.9835869958557,188128000
2015-03-09,172.10806274414062,172.46324227095045,171.43899425580943,171.5959387365701,89818900
2015-03-10,169.31613159179688,170.82773680839537,169.27482842335175,170.74514307546252,157121300
2015-03-11,168.9196319580078,169.7456448282181,168.8370256294043,169.57217657973325,110145700
2015-03-12,171.0672607421875,171.13333067656885,169.49782881558852,169.54738756835224,93993500
2015-03-13,170.0182647705078,171.75288458432593,168.98574847515465,170.7947190412468,162410900
2015-03-16,172.289794921875,172.3806568570192,170.0430385291803,170.74515462838175,136099200
2015-03-17,171.77764892578125,172.15760780310515,170.96814720565243,171.5546219127697,94510400
2015-03-18,173.8426971435547,174.51176564005567,170.67079772450302,171.30683124757832,228808500
2015-03-19,173.04969787597656,173.850931375652,172.66147081514595,173.42966934545456,117917300
2015-03-20,174.57716369628906,175.08328115532012,173.81384128696973,173.9963762827,177715100
2015-03-23,174.237060546875,175.15802837331734,174.237060546875,174.58553314874214,71784500
2015-03-24,173.2579803466797,174.5688953590549,173.191602819688,174.11257043384242,77805300
2015-03-25,170.71908569335938,173.69771863356073,170.67761081709924,173.46540362154204,159521700
2015-03-26,170.3125,171.22516228305733,169.35833753017545,170.0552950596819,153067200
2015-03-27,170.70245361328125,170.87668349401707,170.0054961096926,170.1963361926901,118939000
2015-03-30,172.78506469726562,173.08375727229875,171.71475702185867,171.7313419103126,96180400
2015-03-31,171.27500915527344,172.66061965410185,171.21693672358907,171.9636618523457,126768700
2015-04-01,170.66929626464844,171.26668130825644,169.6819511881236,171.24179131979093,137303600
2015-04-02,171.28330993652344,171.73134247042432,170.4204146457377,170.60294970108774,86900900
2015-04-06,172.4365997314453,172.95100982101852,170.26278918753715,170.39553160211617,114368200
2015-04-07,171.98028564453125,173.2082386041695,171.947103201394,172.46151336146764,81236300
2015-04-08,172.56101989746094,173.0007599290921,171.81429488606952,172.20425493830373,89351900
2015-04-09,173.32437133789062,173.55668638726806,171.9055910477799,172.3951111403809,85548900
2015-04-10,174.27017211914062,174.31165964872955,173.3741073131458,173.5732271988262,72722900
2015-04-13,173.48199462890625,174.7597399003102,173.4322146474628,174.12915970810909,74436600
2015-04-14,173.81385803222656,173.9963930455423,172.66057553548654,173.2828505371855,75099900
2015-04-15,174.59378051757812,175.09989806919253,174.19552802686758,174.27850309836572,99529300
2015-04-16,174.54403686523438,175.05015452218305,174.0628092028716,174.26194181977996,68934900
2015-04-17,172.5361328125,173.5981479249098,171.7562126949012,173.35754046703426,191113200
2015-04-20,174.1126251220703,174.444500201051,173.37419231014897,173.45715474978277,92189500
2015-04-21,173.90518188476562,174.9505996686606,173.606489280764,174.79295459151788,72559800
2015-04-22,174.75970458984375,174.94223959173425,173.3243145604123,174.24528201169025,78264600
2015-04-23,175.19952392578125,175.8466891674251,174.24536095448013,174.36151849374383,102585900
2015-04-24,175.60601806640625,175.87152817072322,175.1579855906446,175.6143231698028,61327400
2015-04-27,174.87588500976562,176.29466502117256,174.68504488080637,176.17021507638887,79358100
2015-04-28,175.43185424804688,175.4816342463108,173.68118590116646,174.85106650126215,86863500
2015-04-29,174.7099609375,175.30733337852325,173.90515080555448,174.5440107847622,125684900
2015-04-30,172.9593048095703,174.52743764078912,172.2623470377464,174.1374775440112,161304900
2015-05-01,174.83447265625,174.8759602090909,173.63970203168415,173.73926203032343,103399700
2015-05-04,175.33226013183594,175.9130477655993,175.1497250669073,175.25757748874994,70927200
2015-05-05,173.32437133789062,175.4484145411168,173.1833238193558,175.09163686228817,113326200
2015-05-06,172.61077880859375,174.17891126928984,171.54876384368936,173.8719263269991,135060200
2015-05-07,173.29942321777344,173.72257829166836,172.17933588972457,172.51121080317245,88244900
2015-05-08,175.58111572265625,175.78024828688288,174.8841707381896,174.96714580500512,155877300
2015-05-11,174.74313354492188,175.8051486295798,174.66846357652057,175.53965118852454,75708100
2015-05-12,174.220458984375,174.75977175549593,173.09206611183717,173.91347393603724,119727600
2015-05-13,174.2536163330078,175.2492539083147,174.02130132077684,174.62697884122056,94667900
2015-05-14,176.07069396972656,176.1619615027784,174.9920811228103,175.26588372196588,95934000
2015-05-15,176.26148986816406,176.40253736481634,175.7802622947641,176.26148986816406,76510100
2015-05-18,176.80905151367188,177.05795135234536,176.02913159192002,176.09550910230482,74549700
2015-05-19,176.75099182128906,177.19903691566,176.46889685681396,176.92523439359275,72114600
2015-05-20,176.6265869140625,177.37331204809766,176.31129677913978,176.85059685814068,76857500
2015-05-21,177.1409912109375,177.34841625919387,176.319583462163,176.48553362894427,64764600
2015-05-22,176.71783447265625,177.17415941398292,176.65145694332057,176.75930935079924,57433500
2015-05-26,174.8178253173828,176.65146828487644,174.40297522756453,176.22831309072097,124308600
2015-05-27,176.4772186279297,176.70953365613138,174.86759831808982,175.27415594755252,93214000
2015-05-28,176.278076171875,176.38592856818985,175.58942361904656,176.17021111534228,74974600
2015-05-29,175.18287658691406,176.25318413307215,174.91737914129027,176.21170925672558,124919600
2015-06-01,175.5396728515625,176.17853287368334,174.75144755376922,175.84665786635355,93338800
2015-06-02,175.36538696289062,176.05403946034752,174.46101702993104,175.08329201026015,91531000
2015-06-03,175.8300323486328,176.45230738355588,175.34051235961232,175.8964098715841,87820900
2015-06-04,174.34486389160156,175.78024133719322,174.02957384242922,175.12478391204863,151882800
2015-06-05,174.0461883544922,174.7182433899041,173.3907182052303,174.1955282911533,121704700
2015-06-08,172.9759063720703,174.0877143403882,172.90123638724768,173.9383617105217,89063300
2015-06-09,172.9509735107422,173.49028614130725,172.32040602815917,172.9509735107422,105034700
2015-06-10,175.02523803710938,175.40690566336218,173.65623790120128,173.71431032637201,134551300
2015-06-11,175.58946228027344,175.97111729320704,175.23268460099652,175.46499965066585,73876400
2015-06-12,174.24526977539062,175.4649296295469,173.97146729178252,174.76798475866207,135382400
2015-06-15,173.49855041503906,173.7806453487977,172.40334044602406,173.1085904406367,124384200
2015-06-16,174.44447326660156,174.52744835364663,173.17503292818068,173.34926288666625,85308200
2015-06-17,174.72654724121094,175.33223745113244,173.7060196267391,174.72654724121094,126708600
2015-06-18,176.54359436035156,177.00822441202155,174.75974412764305,175.3239341446082,165867900
2015-06-19,175.75990295410156,176.37687224004762,175.3847242582681,176.30183904524156,130478700
2015-06-22,176.66029357910156,177.24390614570285,176.45185961090112,176.67697185866155,70696000
2015-06-23,176.7853546142578,177.1188566072924,176.39351044536755,176.8687332929665,68476800
2015-06-24,175.50135803222656,176.8936950705222,175.47634697994195,176.51851656445638,92307300
2015-06-25,174.96783447265625,176.12672698393885,174.89280128717357,176.00167167480106,97107400
2015-06-26,174.9344482421875,175.56808285795128,174.38417957171453,175.32629235647144,104174800
2015-06-29,171.26605224609375,174.9428311592116,171.19101905728778,173.45878205663925,202621300
2015-06-30,171.62454223632812,172.8501350423014,171.14930666095873,172.80010020136746,182925100
2015-07-01,173.00022888183594,173.44210796677788,172.21651496611176,173.19198460957617,135979900
2015-07-02,172.841796875,173.6421889804988,172.4249289021321,173.4754443357118,104373700
2015-07-06,172.3498992919922,173.1252676311306,171.35775146051736,171.55785267148914,117975400
2015-07-07,173.43377685546875,173.55883217437201,170.17386584349634,172.55001867707884,173820200
2015-07-08,170.52406311035156,172.38329126489245,170.2906179932704,172.09982401155173,164020100
2015-07-09,170.8324737548828,172.8751368028293,170.72409674318993,172.61666799820853,144113100
2015-07-10,172.98345947265625,173.40032727445586,170.87410941329398,172.8250476724851,129456900
2015-07-13,174.89276123046875,175.00113823296545,174.20075899419595,174.24244832829405,106069400
2015-07-14,175.6514434814453,175.9599343628904,174.7926966679971,174.85106427755088,81709600
2015-07-15,175.59312438964844,176.1517259350618,175.11788880399487,175.69316863008046,97914100
2015-07-16,177.002197265625,177.002197265625,176.4019061857077,176.64368408537769,106683300
2015-07-17,177.15219116210938,177.2105587785068,176.5852568863609,176.9937793139445,89030000
2015-07-20,177.2439422607422,177.73584347269255,176.92713121534828,177.37734308080402,70446800
2015-07-21,176.5435791015625,177.3689822330543,176.24343366482006,177.1105134144091,77965000
2015-07-22,176.22677612304688,176.56027815967443,175.82658640089568,175.8599302436575,88667900
2015-07-23,175.234619140625,176.4602120277821,174.87611878188716,176.36016778288803,90509100
2015-07-24,173.4170684814453,175.3930185080703,173.08357920770112,175.3346636099752,117755000
2015-07-27,172.40829467773438,173.0419423003663,171.96641553132218,172.53336273463475,132361100
2015-07-28,174.52593994140625,174.66767351979433,172.41658910232414,173.24197951304296,123544800
2015-07-29,175.7265167236328,175.95161625375798,174.5092567292299,174.65099030361242,105791300
2015-07-30,175.76821899414062,175.9349636396938,174.6009810316665,175.21795021419427,91304400
2015-07-31,175.50135803222656,176.29340437209817,175.21789095846984,176.26839331981355,103266900
2015-08-03,174.9094696044922,175.52643882350162,173.9590110746571,175.4680839189179,113965700
2015-08-04,174.567626953125,175.29297311573126,174.08405860412074,174.83441582600307,81820800
2015-08-05,175.1429443359375,176.17676893261617,174.85946440032282,175.4597553953376,85786800
2015-08-06,173.70889282226562,175.43471964877418,173.12526747125386,175.32632990270608,116030800
2015-08-07,173.37539672851562,173.70055325602934,172.47496033190805,173.5504868841622,117858000
2015-08-10,175.559814453125,175.64318042898392,174.4842877735788,174.4842877735788,80270700
2015-08-11,173.9757080078125,174.64269942277045,173.2170051142753,174.22583137864711,126081400
2015-08-12,174.18411254882812,174.36753547494192,171.2160146125157,172.67505252000194,172123700
2015-08-13,173.9673309326172,174.7093553533563,173.42539498015836,174.025685828599,89383300
2015-08-14,174.60098266601562,174.67601584894675,173.63384590223302,173.77557948836994,72786500
2015-08-17,175.57643127441406,175.57643127441406,173.5504592460368,174.00901651227431,79072600
2015-08-18,175.06788635253906,175.65149902362893,174.83444128410312,175.301331420975,71692700
2015-08-19,173.6839141845703,175.09291753748343,172.87518913247618,174.3258818356443,172946000
2015-08-20,170.05712890625,173.65886172552786,169.99876128116887,172.1748126984539,194327900
2015-08-21,164.93800354003906,170.03213129099785,164.67954740121536,168.18956903137342,346588500
2015-08-24,157.99301147460938,164.6462228548121,152.07347930689147,156.31720627575748,507244300
2015-08-25,156.1337432861328,162.9536976161637,155.84193059927358,162.93701933416563,369833100
2015-08-26,162.12828063964844,162.40340227776665,157.05081959287378,160.14398522546526,339257000
2015-08-27,166.13853454589844,166.26358982576218,162.75356927173493,164.2626290171508,274143900
2015-08-28,166.14688110351562,166.61377114946035,165.01299982544998,165.49656815069264,160414400
2015-08-31,164.8046417236328,166.0219022367195,164.2543727496975,165.17148770625636,163298800
2015-09-01,159.88558959960938,162.38679812081975,159.01849685471262,161.0111258010714,256000400
2015-09-02,162.9203338623047,162.96202320130396,160.42745896303018,162.26167538279665,160269300
2015-09-03,163.0370635986328,165.1214034229012,162.54516245333764,163.62900898451664,152087800
2015-09-04,160.56924438476562,161.62809287260038,159.75218650811885,160.7860239288382,207081000
2015-09-08,164.60447692871094,164.75455600996594,162.7202383253575,163.36221854722507,116025700
2015-09-09,162.4033966064453,166.3052869032578,162.03656352783142,166.18023161757117,149347700
2015-09-10,163.28724670410156,164.4294612750083,161.95326363945597,162.2117198368023,158611100
2015-09-11,164.02920532226562,164.09590572079074,162.18664338818505,162.89532399093918,119691200
2015-09-14,163.42059326171875,164.25432928458272,162.9370248418414,164.20430715869924,79452000
2015-09-15,165.4632110595703,165.90509001207155,163.37887157728196,163.9207947539575,113806200
2015-09-16,166.89723205566406,167.08900045592938,165.4215287987995,165.76336354174293,99581600
2015-09-17,166.52203369140625,169.1566416498652,166.1468551574897,166.76382417716863,276046600
2015-09-18,163.8008575439453,166.5078213622885,163.3902112311698,164.01876403278732,223657500
2015-09-21,164.64736938476562,165.66980383682204,163.59978104771184,164.63060439074857,105726200
2015-09-22,162.51025390625,162.97119523935484,161.37885361480554,162.4851128142571,153890900
2015-09-23,162.25045776367188,163.14718657021248,161.67218705888504,162.6778691251511,92790600
2015-09-24,161.66384887695312,162.1247903650537,159.70276631442917,161.03529578989196,159378800
2015-09-25,161.62188720703125,163.42373351263564,160.7502868003842,163.12202764694086,155054800
2015-09-28,157.56561279296875,160.83409505669493,157.25553083417196,160.72514181152218,178515900
2015-09-29,157.65782165527344,159.01550458938314,156.6605156934075,157.78353990565944,159045600
2015-09-30,160.5994415283203,160.76705305770844,158.76406522986127,159.5434645960891,163452000
2015-10-01,161.0184326171875,161.3201384025769,159.08249248924568,160.9765265493402,131079000
2015-10-02,163.4237823486328,163.44892344595866,158.49592266567052,159.04067627959884,211003300
2015-10-05,166.33180236816406,166.55808491469153,164.53833255732263,164.64728578119457,126320800
2015-10-06,165.761962890625,166.75926885770076,165.09989280505525,166.19776314261216,110274500
2015-10-07,167.11959838867188,167.47158637337225,165.50211609094887,166.69217435958467,124307300
2015-10-08,168.62814331054688,168.91308416476795,166.4323902644095,166.73409610650796,153055200
2015-10-09,168.7287139892578,169.20640746419622,168.10016119364352,168.7706200665533,107069200
2015-10-12,168.8879852294922,169.08911398246477,168.37676166911677,168.80417305712558,56395600
2015-10-13,167.82362365722656,169.42434143886834,167.65601210879015,168.15884675409936,88038700
2015-10-14,167.01905822753906,168.34321110380344,166.72574123600018,167.76494043382095,99106200
2015-10-15,169.5835418701172,169.59191797003,167.31236557573996,167.68111857892492,134142200
2015-10-16,170.35455322265625,170.37130542131746,169.22315320406815,169.98580024510346,114580100
2015-10-19,170.43836975097656,170.43836975097656,169.3991706600181,169.7092526096829,76523900
2015-10-20,170.22047424316406,170.83226203580736,169.75115687960545,170.00258054949444,78448500
2015-10-21,169.16453552246094,170.79038155042025,168.9969111921257,170.63953499864772,102038000
2015-10-22,172.02232360839844,172.23184120585051,169.16451329798593,170.11152414267062,174911700
2015-10-23,173.90794372558594,174.27669666204596,172.89388593825737,173.6900500758307,144442300
2015-10-26,173.4805450439453,173.7906269501931,173.11179208087373,173.73196868130663,69033000
2015-10-27,173.14537048339844,173.48059356835412,172.46652263626052,172.81013461050176,77905800
2015-10-28,175.1147918701172,175.13993295683485,172.81848736364915,173.48055729377796,135906700
2015-10-29,175.01426696777344,175.38302003999266,174.49466734125065,174.61199670168938,90525500
2015-10-30,174.25997924804688,175.5254737879926,174.10075660741566,175.20700293085025,131076900
2015-11-02,176.32162475585938,176.514377360471,174.46110751012557,174.58682573847673,86270800
2015-11-03,176.8328399658203,177.38596945377594,175.74334597716359,175.96962854731606,95246100
2015-11-04,176.29647827148438,177.2518779531897,175.76011376224523,177.1261725166253,96224500
2015-11-05,176.1205596923828,176.8161599363831,175.2322067601241,176.3552184749438,78408700
2015-11-06,176.02825927734375,176.26293069837328,174.70411961400538,175.77684844755572,110471500
2015-11-09,174.38565063476562,175.5673326986383,173.43862720639353,175.41647341128134,131008700
2015-11-10,174.78794860839844,174.82147858334838,173.6397963311649,173.9079721910716,75874600
2015-11-11,174.1007537841797,175.10643573134107,174.03370661597697,175.05615355217398,67846000
2015-11-12,171.6703643798828,173.53088198042622,171.65361217659247,173.06156452946777,121315200
2015-11-13,169.74278259277344,171.52787673580528,169.65898322089475,171.25970084267732,153577100
2015-11-16,172.3240203857422,172.38269144815004,169.44105635054686,169.55839847536257,117645200
2015-11-17,172.19830322265625,173.5140669260381,171.7038448214845,172.6341033533533,121123700
2015-11-18,174.93045043945312,175.07292088872342,172.6341454727028,172.67603876700397,121342500
2015-11-19,174.77960205078125,175.1986372929131,174.48627226611268,174.8131192434579,88220500
2015-11-20,175.41656494140625,176.09540011887867,175.0394357081375,175.5338943203775,94011500
2015-11-23,175.2153778076172,175.9780121229308,174.75443654807228,175.47517757537733,64931200
2015-11-24,175.4500274658203,175.8522976407663,173.82416899099331,174.20967417883455,98874400
2015-11-25,175.42491149902344,175.77689955099623,175.16509891948007,175.5757580407517,51980100
2015-11-27,175.6260528564453,175.8271943811606,175.03940606095202,175.5170995987319,37317800
2015-11-30,174.8968963623047,175.90257818432067,174.78794312904074,175.7852488515511,112822700
2015-12-01,176.5646514892578,176.681993612213,175.2488877171369,175.5254524613775,97858400
2015-12-02,174.76284790039062,176.83288314795413,174.51142418192845,176.51441225203928,108441300
2015-12-03,172.31570434570312,175.2824687767535,171.5949630856936,175.0142928223939,166224200
2015-12-04,175.67633056640625,175.96966035065273,172.3156725330037,172.3156725330037,192913900
2015-12-07,174.6119842529297,175.76851278396063,173.6481955578069,175.34947755684817,102027100
2015-12-08,173.43869018554688,174.56170160436466,172.45814921945004,173.05318491064102,103372400
2015-12-09,172.0894012451172,174.88855377360304,171.11723635169787,172.8017663177648,162401500
2015-12-10,172.53353881835938,173.84092651795578,171.92175104363824,172.1564097185433,116128900
2015-12-11,169.1896514892578,171.08368593413098,168.8795567545404,170.42161596421371,211173300
2015-12-14,170.04446411132812,170.1701823330511,167.57215920603662,169.3488769938021,182385200
2015-12-15,171.82957458496094,172.7346921593939,170.01933943609507,171.55300981600035,154069600
2015-12-16,174.34381103515625,174.64551693695873,171.63684680850224,172.9526108886259,197017000
2015-12-17,171.68711853027344,174.72092956664895,171.67035354010022,174.65388239389682,173092500
2015-12-18,168.6284942626953,171.08178369521318,168.46831115642496,170.94690416829022,251393500
2015-12-21,170.01956176757812,170.19660966654243,168.6875281416203,169.80037124585664,99094300
2015-12-22,171.5623779296875,171.85745350417912,169.918416684498,170.9047934316117,111026200
2015-12-23,173.6868438720703,173.7289993524299,172.47283807637507,172.56557498754754,110987200
2015-12-24,173.4001922607422,173.94818777080295,173.1810017751457,173.4339217902471,48539600
2015-12-28,173.00396728515625,173.0461099010935,171.93327984099471,172.70889178931722,65899900
2015-12-29,174.85028076171875,175.17907297379065,174.06624274218123,174.09995941293676,92640700
2015-12-30,173.6109619140625,174.69008820124438,173.46764356955748,174.60577723904296,63317700
2015-12-31,171.87429809570312,173.57727952894433,171.87429809570312,172.93655982743095,114877900
2016-01-04,169.47154235839844,169.47996830831684,167.42290449220576,169.02472259585497,222353500
2016-01-05,169.75816345214844,170.21340912285035,168.65375950399786,169.7918801127749,110845800
2016-01-06,167.61676025390625,168.66214370715946,166.58822869477297,167.2120832422844,152112600
2016-01-07,163.59542846679688,166.45339493899422,163.20761607684997,164.67454181615454,213436100
2016-01-08,161.79974365234375,165.1129693840645,161.513106924341,164.5565478315544,209817200
2016-01-11,161.9599151611328,163.05589341995838,160.02931749748547,162.7186624135249,187941300
2016-01-12,163.26663208007812,164.0169532623226,161.14212210067134,163.4015244612569,172330500
2016-01-13,159.19471740722656,164.27835847235212,158.81534370434633,163.93270144490674,221168900
2016-01-14,161.80816650390625,162.92943553919108,158.208316977203,159.8016965822818,240795600
2016-01-15,158.33477783203125,159.13568064709096,156.4041799782958,157.45800285707142,324846400
2016-01-19,158.5454864501953,160.27375793421498,156.97739804546177,160.14730437901238,195244400
2016-01-20,156.51376342773438,158.07342638030607,152.61041236653622,155.9910714143323,286547800
2016-01-21,157.3905487060547,159.2284095391439,155.66227669927426,156.98588434296087,195772900
2016-01-22,160.61947631835938,160.82180208417086,159.23686117443438,159.99560852432583,168319600
2016-01-25,158.1914520263672,160.30752363639772,157.9975522277229,160.11362383775347,130371700
2016-01-26,160.3496856689453,160.6278964509055,158.5118247544825,158.8490429279834,141036800
2016-01-27,158.6045684814453,161.49625239213077,157.7024898893812,159.82700049285475,185681700
2016-01-28,159.43072509765625,160.3496553813156,157.78676430027338,160.14732966105083,143798800
2016-01-29,163.3172149658203,163.452107348204,160.07987497288508,160.1979025914594,210529300
2016-02-01,163.25820922851562,164.04226001473677,161.73227600136582,162.31398819603547,136061600
2016-02-02,160.31591796875,161.84185094381846,159.79321324293684,161.83342499457996,182564900
2016-02-03,161.27699279785156,161.6816570229346,157.73615188427675,161.36972968943766,205054900
2016-02-04,161.5299530029297,162.49946476772794,160.14733809741855,160.77963173464707,139531800
2016-02-05,158.45278930664062,161.5889669028916,157.82049564391338,161.01569349009503,180788300
2016-02-08,156.31982421875,156.9099622889876,154.1110162141271,156.61489968589137,191526700
2016-02-09,156.3282470703125,157.60127295093122,154.44823123236765,154.5831236069045,184513100
2016-02-10,156.1934051513672,158.781587282469,156.06693869578498,157.1544910391713,148214100
2016-02-11,154.16163635253906,155.2070332423687,152.66941960703548,153.72324244853974,219058900
2016-02-12,157.33998107910156,157.3568329836755,155.08901686974585,155.93207520421836,127632400
2016-02-16,159.99557495117188,160.02086566659136,158.18300507119434,159.14409084927416,120250700
2016-02-17,162.60906982421875,162.98001749067555,161.03254224177735,161.15900869027703,136009500
2016-02-18,161.94305419921875,162.93786961150857,161.63112676698148,162.87884935997835,102343000
2016-02-19,161.86717224121094,162.01891654044448,160.56042947582927,161.16743240085756,114793000
2016-02-22,164.2108917236328,164.3542100883974,163.37625939042303,163.44370559690904,103640300
2016-02-23,162.13693237304688,163.8230484940775,162.01889189509143,163.55326373997096,111455300
2016-02-24,162.87884521484375,163.1570559705891,159.60778807514922,160.7121922829566,150812200
2016-02-25,164.85159301757812,164.86003183247877,162.5669125237012,163.32565975002663,110728300
2016-02-26,164.47219848632812,165.81265775224122,164.31201539215382,165.71993371250397,129833700
2016-02-29,163.18238830566406,165.4333527790871,162.98848846792222,164.48913145020424,125918100
2016-03-01,167.0182647705078,167.1025757382741,163.93266859254652,164.4047791383236,141799700
2016-03-02,167.7686004638672,167.81918190324672,166.29324844973772,166.7063516447515,102415000
2016-03-03,168.4261932373047,168.44305800594853,167.0182873607036,167.59156085410075,95172200
2016-03-04,168.97413635253906,169.74976115952904,167.7938601054609,168.62005347841563,129293600
2016-03-07,169.1090850830078,169.51376238601253,167.97938988956682,168.05526205986124,100219000
2016-03-08,167.2627410888672,168.54419314985492,167.10257083728501,168.0383659502354,123974900
2016-03-09,168.0889129638672,168.4345569770791,167.28799754972553,168.07204820145247,94801200
2016-03-10,168.2238311767578,169.51372208535355,166.40283520236756,168.57792694871588,156838700
2016-03-11,170.93849182128906,170.980647308,168.2069912334791,169.67390440425157,137964500
2016-03-14,170.71926879882812,171.17451452211145,170.1038399749677,170.43263212624063,73612000
2016-03-15,170.44107055664062,170.74457201573492,169.49684951236813,169.75819548969022,93169100
2016-03-16,171.42742919921875,171.83210634515947,169.91836087595732,169.96051635333183,129303200
2016-03-17,172.5150146484375,173.02084188245536,170.94692578129084,171.34316418983127,134278500
2016-03-18,173.1929168701172,173.53187424367286,172.701419627185,173.01495584424373,138372400
2016-03-21,173.43862915039062,173.667432449845,172.70138987818433,172.9301931776387,72926700
2016-03-22,173.34544372558594,173.91320443773537,172.5065197008016,172.66751604840624,97471900
2016-03-23,172.2014617919922,173.150552830856,172.0319701661417,172.96412238673693,81052500
2016-03-24,172.12518310546875,172.15908660234746,170.955771071062,171.17609207919185,84360900
2016-03-28,172.22689819335938,172.75228607488955,171.77777379197454,172.54043445422136,62408200
2016-03-29,173.81996154785156,173.93012849534293,171.51501557063168,171.82008233027528,92922900
2016-03-30,174.58267211914062,175.3029598090337,174.21828063922183,174.81994487938724,86365300
2016-03-31,174.15895080566406,174.91314191454202,173.99794153572478,174.48943875381522,94584100
2016-04-01,175.3452911376953,175.53172153802493,172.85391481546566,173.16746390532504,114423500
2016-04-04,174.7775115966797,175.47239081907,174.47244487740437,175.2690086960894,63497000
2016-04-05,173.03189086914062,174.7860151498737,172.77766639834624,173.43864226417537,99662200
2016-04-06,174.92160034179688,174.9809249871637,172.8539269783888,173.03188798409573,91839800
2016-04-07,172.8285369873047,174.1928618424129,172.09976694798488,173.83695269721892,113859000
2016-04-08,173.29461669921875,174.4386205635236,172.760746505157,174.00643500437033,95040600
2016-04-11,172.88783264160156,174.6250180994244,172.79461743370686,173.93013874413782,83757500
2016-04-12,174.49795532226562,174.77760103557026,172.6167117457782,173.05736677253682,115350600
2016-04-13,176.26051330566406,176.34525910921872,175.2775188781648,175.41310699169452,96336400
2016-04-14,176.26898193359375,176.76896148372217,175.92155517350372,176.31983717373794,65212900
2016-04-15,176.07411193847656,176.40459993824712,175.75209334830146,176.2690118023422,75761600
2016-04-18,177.31130981445312,177.34520037917224,175.4131149303134,176.0740908506917,82531000
2016-04-19,177.87060546875,178.12482998523546,177.05710253247176,177.73503026630098,88316100
2016-04-20,178.0400848388672,178.73495134365143,177.4384206222998,177.91296612418077,81100300
2016-04-21,177.08250427246094,178.16718335548487,176.81132803650763,178.05701639332952,85695000
2016-04-22,177.08250427246094,177.3536675780196,176.18425561905624,176.7265951605682,99251700
2016-04-25,176.77735900878906,176.81973189314868,175.8706284189706,176.48076174866048,66166500
2016-04-26,177.0400848388672,177.5485336824496,176.56553948106557,177.14176943542716,75864200
2016-04-27,177.40451049804688,177.7943101471621,176.30287974419332,176.65878883136563,77329400
2016-04-28,175.79443359375,177.751940069478,175.37921278398585,176.65032222852545,97216200
2016-04-29,174.8453369140625,175.52326451487454,173.7437061790421,175.17582484152928,142424100
2016-05-02,176.23509216308594,176.41304024801133,174.91314038206343,175.34531294727643,62188000
2016-05-03,174.70127868652344,175.24361817887922,173.95555703563667,175.00634545912317,106422100
2016-05-04,173.7267608642578,174.4385919831778,173.22679425067844,173.70982204814575,92243800
2016-05-05,173.69287109375,174.54874680549554,173.26916794192456,174.19283770960945,67619200
2016-05-06,174.32847595214844,174.37084886559472,172.76925100834785,172.9217779802772,89315000
2016-05-09,174.47251892089844,174.90469156894966,174.02339452280697,174.20135557223787,74374900
2016-05-10,176.64183044433594,176.65878218986694,175.10802719880667,175.1758212505375,77472200
2016-05-11,174.98941040039062,176.71811365637674,174.98941040039062,176.18425645121343,81727000
2016-05-12,175.04025268554688,175.82834731079288,174.03183706537783,175.65885569735008,89586300
2016-05-13,173.5149383544922,175.29449705429184,173.19293269930267,174.74368803932327,96474600
2016-05-16,175.22669982910156,175.70124535905617,173.62510220030677,173.68442685674904,77486800
2016-05-17,173.59124755859375,175.24368784609737,173.06584667278338,174.95557270476823,114924900
2016-05-18,173.6420135498047,174.81990769132037,172.55733461072808,173.24373158760076,120062100
2016-05-19,173.04039001464844,173.32850509687862,171.8370744385142,172.92175363194215,115430500
2016-05-20,174.13357543945312,174.65049394868106,173.59970517882817,173.65054750262146,104990400
2016-05-23,173.89627075195312,174.4301279842803,173.70984031196735,174.1504823243016,58682600
2016-05-24,176.15036010742188,176.4639092607521,174.684350690245,174.70977184721838,93537800
2016-05-25,177.34521484375,177.76044864519628,176.15036868622988,176.82829640945806,76621400
2016-05-26,177.3960418701172,177.70959101169245,177.08250565893664,177.48078767711476,55280700
2016-05-27,178.15870666503906,178.16717607316846,177.50620018804196,177.55704249760646,64211200
2016-05-31,177.81976318359375,178.54006382536642,177.2604718333041,178.42989685111044,109879400
2016-06-01,178.1841278076172,178.3620758910807,177.01470296613778,177.209602796253,69936200
2016-06-02,178.72642517089844,178.7433639831607,177.31125852353676,177.78580387470103,63044700
2016-06-03,178.19261169433594,178.54005141175855,176.98929619217486,178.1671905374899,101757100
2016-06-06,179.0993194580078,179.45522853801452,178.38748836760095,178.548497626974,64887000
2016-06-07,179.3789825439453,179.93827387747152,179.2264555968358,179.25187675468737,60974800
2016-06-08,179.9636688232422,180.0907875243807,179.38743875534112,179.51454452608584,66170900
2016-06-09,179.71791076660156,179.83654711891666,178.9637197560857,179.23488301978054,73786900
2016-06-10,178.0146484375,178.6840937280972,177.47229598991518,178.3451363787507,113829200
2016-06-13,176.64183044433594,178.26884889469594,176.55709757746735,177.41297323608163,117751200
2016-06-14,176.29441833496094,176.8876131477305,175.34532732316208,176.26052776899468,125059300
2016-06-15,176.04864501953125,177.41296957275873,175.86221461371932,176.29438713788718,109124500
2016-06-16,176.5740509033203,176.74354251177266,174.21826236624872,176.04866312222205,149533100
2016-06-17,175.91651916503906,176.4957460782021,175.26061916236992,176.4701927142474,117055700
2016-06-20,177.0493621826172,178.54854859459653,176.96417567156655,177.87562194878873,82789600
2016-06-21,177.55194091796875,177.96080760410712,176.98974110100497,177.4326875929435,72461700
2016-06-22,177.2623291015625,178.45486236220714,177.11750942210634,177.7308159554772,95560500
2016-06-23,179.57078552246094,179.6218922481897,178.25899857073762,178.71897209993787,102731400
2016-06-24,173.12255859375,179.60485903143808,172.67961199025197,173.45476529696333,333444400
2016-06-27,170.02186584472656,171.72549170289963,169.2126331639873,171.71696525512314,230775800
2016-06-28,173.0884246826172,173.1139780365979,171.31665182001268,171.623305065418,159382400
2016-06-29,176.0357666015625,176.26574686941075,174.38324646738008,174.48545991975706,137328600
2016-06-30,178.4378204345703,178.4889271454984,175.9505275208487,176.504213883724,165021900
2016-07-01,178.81263732910156,179.29817712440217,178.27599081800903,178.43783741644256,106055300
2016-07-05,177.52635192871094,178.09706508375035,176.9300854232694,177.9863252335844,109803700
2016-07-06,178.59112548828125,178.71037879424458,176.37640638023626,177.03230606185224,96021500
2016-07-07,178.4803924560547,179.43441894022916,177.7137658880768,178.77000578194537,85593800
2016-07-08,181.13804626464844,181.38507933652699,179.54515996427702,179.7751531352173,133971000
2016-07-11,181.7769317626953,182.34765804487338,181.3936184220505,181.59805826929212,73633900
2016-07-12,183.09722900390625,183.39536879733734,181.80246941184768,182.739469050371,101275600
2016-07-13,183.0717315673828,183.52319162266443,182.58620469558443,183.51467816794545,87324100
2016-07-14,184.0938262939453,184.56232605592496,183.70199958220616,184.332332900474,91230900
2016-07-15,183.84686279296875,184.8519962300285,183.4039162455943,184.65608281389027,107155400
2016-07-18,184.34091186523438,184.50275846526557,183.71056536975473,183.96611194887564,58725900
2016-07-19,184.15350341796875,184.18757022804962,183.6764900910065,183.92351020759827,54345700
2016-07-20,184.9200897216797,185.15859633305274,184.15346318478564,184.15346318478564,58159500
2016-07-21,184.22164916992188,185.0308691313322,183.77870265512237,184.80940237275158,67777300
2016-07-22,185.0479278564453,185.0990345753437,184.07686120445751,184.3409212505255,62787500
2016-07-25,184.5453338623047,184.89458041130248,183.96610709603976,184.84347369635424,55873100
2016-07-26,184.6304931640625,184.98825311359136,183.78719349883522,184.44309323845644,70080500
2016-07-27,184.43460083007812,185.07346074090879,183.6679611384984,185.00531412403691,84083900
2016-07-28,184.64756774902344,184.93718114385538,183.77871456688854,184.23868801764283,65035700
2016-07-29,184.94566345214844,185.3034234086294,184.1023767681707,184.38347666204226,79519400
2016-08-01,184.79234313964844,185.39712318535925,184.34088321900114,185.00529642288348,73311400
2016-08-02,183.60836791992188,184.6986879546182,182.77359448659124,184.54535479474276,92295500
2016-08-03,184.14495849609375,184.20459165480156,183.25056509657313,183.548691897201,53993600
2016-08-04,184.34091186523438,184.65607861415472,182.5009920927308,184.25572533964777,46585500
2016-08-05,185.84857177734375,185.8911650309218,184.3408719822423,184.3408719822423,71892200
2016-08-08,185.7379150390625,186.1382683781014,185.47385496387537,186.03604193139208,39906500
2016-08-09,185.84857177734375,186.34262492404972,185.52489164495,185.8059915214018,51251700
2016-08-10,185.3886260986328,186.03599945766584,185.03937956386426,185.9593393883668,57941100
2016-08-11,186.24900817871094,186.496041361253,185.65274135512274,185.91680144859453,72504300
2016-08-12,186.08712768554688,186.30008099732774,185.68677441958778,185.94230799561387,61313500
2016-08-15,186.62376403808594,186.9730105941644,186.4448905321406,186.4534039855917,49813500
2016-08-16,185.66122436523438,186.2745179562473,185.66122436523438,186.20638433318723,53213600
2016-08-17,186.0104522705078,186.14674550776292,184.86051219996892,185.69528553228906,75134300
2016-08-18,186.4277801513672,186.46184694993207,185.87410694065906,185.9848337842203,52989300
2016-08-19,186.15524291992188,186.3341294031093,185.47380278764328,185.95932953177365,75443000
2016-08-22,186.14675903320312,186.37675226307763,185.5504923239354,185.91676580332864,61368800
2016-08-23,186.5215301513672,187.05817660563002,186.46189699083246,186.76003679823123,53399200
2016-08-24,185.56752014160156,186.4704400993404,185.15012697348288,186.3767401227276,71728900
2016-08-25,185.43975830078125,185.85715150928922,185.03089154401502,185.1842117036874,69224800
2016-08-26,185.09043884277344,186.64925817389175,184.204559052302,185.627085185614,122506300
2016-08-29,186.001953125,186.26601316896983,185.18420663620492,185.21828644695944,70502200
2016-08-30,185.69529724121094,186.19786396293492,185.14162380170342,185.9167640174861,58114500
2016-08-31,185.1671905517578,185.48235733264187,184.39203728227727,185.3631039833095,85269500
2016-09-01,185.1757049560547,185.46531837768464,184.01723827189448,185.158665049594,97844200
2016-09-02,186.0104522705078,186.43635888870114,185.43973896184536,186.02749217457432,79293900
2016-09-06,186.57269287109375,186.6493529596769,185.57607272658865,186.29159288198082,56702100
2016-09-07,186.5556640625,186.73455061081162,185.95088377528498,186.4108573317916,76554900
2016-09-08,186.12969970703125,186.49598614584542,185.8230464317414,186.22339967997087,74102900
2016-09-09,181.67474365234375,184.86904359887217,181.64919029258272,184.81793687935007,221589100
2016-09-12,184.28128051757812,184.68163379603857,180.8484740642897,180.91662068590415,168110900
2016-09-13,181.6321563720703,183.26763643886903,181.0103362679948,183.00357638087698,182828800
2016-09-14,181.56394958496094,182.88426243508735,181.01027629182852,181.68320289414189,134185500
2016-09-15,183.3783416748047,183.76165500904514,181.22325535365334,181.40214184170566,134427900
2016-09-16,182.66946411132812,182.94342749776695,181.9845817718176,182.76363739250482,155236400
2016-09-19,182.70370483398438,183.96219630356973,182.3783765984122,183.32010935228303,80250500
2016-09-20,182.71231079101562,183.71396513879625,182.67807189218635,183.55987049912048,69665300
2016-09-21,184.76699829101562,184.94677537147538,182.72943762383147,183.4143331732737,110284400
2016-09-22,185.9312744140625,186.23092025195749,185.52891189540338,185.77717979797526,76678700
2016-09-23,184.91249084472656,185.67443352635397,184.81831756662461,185.537451837607,73630900
2016-09-26,183.41429138183594,184.26183783747967,183.2173753018055,184.08206079798262,89827300
2016-09-27,184.55296325683594,184.6471234918225,182.8835263269881,183.2516630614715,78494800
2016-09-28,185.46897888183594,185.62308656236328,183.8166811905737,184.77552697769812,87411000
2016-09-29,183.7909698486328,185.66586590978932,183.24305615132027,185.26349035952774,128070600
2016-09-30,185.17788696289062,185.879895265527,184.37313586079327,184.62140374429694,117202900
2016-10-03,184.73275756835938,184.95534308356997,184.09922686050285,184.7670095327283,83512100
2016-10-04,183.7909698486328,185.06658734449323,183.20026080352932,184.844001895467,119948100
2016-10-05,184.6042938232422,185.0323518152725,184.34745641536537,184.4159472616854,72816000
2016-10-06,184.73275756835938,184.95534308356997,183.8424024442202,184.3817467817106,62927400
2016-10-07,184.09921264648438,185.17792736477304,183.37152175103935,185.00670674603865,89788300
2016-10-10,185.05804443359375,185.52034134257795,184.91250627588957,185.05804443359375,51855000
2016-10-11,182.72085571289062,184.6984949069336,181.99316485487475,184.63000405030357,130367400
2016-10-12,182.9605255126953,183.48275670789812,182.3612339622757,182.8577827268367,73866100
2016-10-13,182.3612518310547,182.8578006442703,180.82025358838365,181.63356111941394,101357000
2016-10-14,182.4554443359375,183.79955277491104,182.37839702834248,183.3372428027531,93346200
2016-10-17,181.82191467285156,182.68658710349447,181.64212457052741,182.42974969872841,58275700
2016-10-18,182.9605255126953,183.47418718882332,182.58383244555998,183.41426587175613,76869700
2016-10-19,183.44854736328125,183.75674966585316,182.8663947158089,183.22596189159376,66519200
2016-10-20,183.10609436035156,183.6625645353384,182.44688138226903,183.09752483983908,73639800
2016-10-21,183.19175720214844,183.27737405512426,182.14729429967252,183.10615341247032,89089100
2016-10-24,183.9707794189453,184.33891611727435,183.61976869952085,184.06495270797885,60146600
2016-10-25,183.35435485839844,184.04780670068533,183.19169073474242,183.79096929824388,66542300
2016-10-26,182.9862518310547,183.56840448294915,182.29278684752947,182.532511363168,75705500
2016-10-27,182.4982452392578,183.73961082038784,182.42119793483377,183.70537192840828,77220200
2016-10-28,181.9589080810547,183.14890892401726,181.24834322181863,182.47258296054287,140623200
2016-10-31,181.96746826171875,182.51538200884306,181.80480412278754,182.292783476287,61272500
2016-11-01,180.64903259277344,182.34415167961674,179.44191895997065,182.29277374641168,122781800
2016-11-02,179.56178283691406,180.72610117322677,179.12515529623803,180.34083850479635,103330800
2016-11-03,178.73995971679688,179.98989526018548,178.46600929425156,179.77586618560713,88939300
2016-11-04,178.5430145263672,179.69020696041335,178.39747635756683,178.85121684361937,109122100
2016-11-07,182.4811248779297,182.51537683425684,178.54299901440498,178.54299901440498,109794900
2016-11-08,183.30299377441406,183.86803345879056,181.82191678048162,182.08731064527544,106772100
2016-11-09,185.24635314941406,185.8627576109567,181.78763777483698,181.81332020546031,258429000
2016-11-10,185.70870971679688,186.8987106173026,184.2533149055971,186.03403802709047,172113300
2016-11-11,185.28067016601562,185.52038166177718,184.33895016503715,184.98959378734756,100552700
2016-11-14,185.42620849609375,186.00837431716855,184.6813915667905,185.80290172208976,94580000
2016-11-15,186.87301635742188,186.87301635742188,185.60596822040515,185.81142771850293,91652600
2016-11-16,186.5220184326172,186.75317344713747,186.1367687839471,186.25662452049548,65617700
2016-11-17,187.48085021972656,187.54077154766955,186.5647998162659,186.676099078109,69797200
2016-11-18,187.0613250732422,187.72053797721748,186.88153498550636,187.5493174090308,86265800
2016-11-21,188.47396850585938,188.49965094574657,187.48944014139417,187.63497832185362,72402600
2016-11-22,188.8420867919922,189.02186385363086,188.11438289752599,188.78215239591617,67429000
2016-11-23,188.94483947753906,188.99620435852816,188.13153171418705,188.32843477907736,56620200
2016-11-25,189.64682006835938,189.68105896052663,189.2101925476429,189.28725291578274,37872300
2016-11-28,188.75648498535156,189.61260113485753,188.65375522766547,189.3386507599294,76572500
2016-11-29,189.12457275390625,189.57831315059707,188.49104226452081,188.79068806458108,69886700
2016-11-30,188.6708526611328,189.9036618200159,188.61091826935393,189.7409976860947,113291800
2016-12-01,187.97738647460938,188.97047105412133,187.6178062778789,188.97047105412133,79040500
2016-12-02,188.07154846191406,188.55954083115392,187.71198132508658,188.06299200507038,74840300
2016-12-05,189.20167541503906,189.54411666106003,188.70512646400132,188.90202952729857,67837800
2016-12-06,189.80091857910156,189.8351705352663,188.91056366822536,189.3899865481813,59877400
2016-12-07,192.28367614746094,192.34359747994642,189.52698133405676,189.6468370623224,110738100
2016-12-08,192.7545166015625,193.2253830250353,191.99257386659514,192.2579808058571,99714400
2016-12-09,193.9188232421875,193.93594921927246,192.94285156103166,192.9771035152016,88005800
2016-12-12,193.69622802734375,194.3040760819301,193.276726521317,193.82464019077423,102016100
2016-12-13,194.989013671875,195.48556261678567,194.33837008714514,194.35549606822372,110477500
2016-12-14,193.37945556640625,195.39132000910016,192.94282811520142,194.6893117934379,142501800
2016-12-15,194.17567443847656,195.0317904674374,193.3880492594279,193.6192042449696,124972600
2016-12-16,193.7958984375,194.69151431182837,193.47727268966827,194.63122666208193,156420200
2016-12-19,194.21791076660156,194.63988497695757,193.8303904029604,193.9767864007674,90341100
2016-12-20,194.9671173095703,195.1135264473923,194.51932242546528,194.75182675903397,89838800
2016-12-21,194.42453002929688,195.01011382656955,194.42453002929688,194.83788407091805,67909000
2016-12-22,194.08871459960938,194.39873347530573,193.6925742594399,194.27817130921775,56219100
2016-12-23,194.37289428710938,194.38150117720235,193.94231325723612,194.13175682131336,36697800
2016-12-27,194.85513305664062,195.25126022547312,194.62261563301922,194.63984255262181,42672500
2016-12-28,193.24473571777344,195.13068248480434,193.13279360002076,195.1134687068661,64095000
2016-12-29,193.20169067382812,193.66671234975908,192.7624896651442,193.3136327930532,48696100
2016-12-30,192.4955596923828,193.61507303026372,191.80662739674145,193.52895156569957,108998300
2017-01-03,193.96817016601562,194.47625268810015,192.79698909968164,193.79592722132304,91366500
2017-01-04,195.12210083007812,195.26849680321703,194.28677258194588,194.2953794720281,78744400
2017-01-05,194.9671173095703,195.1221333389085,194.17484966043173,194.85517515869023,78379000
2017-01-06,195.6646270751953,196.12964878124782,194.53649379847863,195.07903007244784,71559900
2017-01-09,195.01873779296875,195.54404709949904,194.98428395697,195.40625803608066,46939700
2017-01-10,195.01873779296875,195.87127969975725,194.63120440956854,195.0359515706798,63771900
2017-01-11,195.56991577148438,195.56991577148438,194.26955260662038,194.93265109478259,74650000
2017-01-12,195.07907104492188,195.26852777910625,193.72705323128866,195.05323723028695,72113200
2017-01-13,195.52687072753906,195.82826959885762,195.21685182484828,195.25129252946203,62717900
2017-01-17,194.83790588378906,195.29432070049256,194.4503856051168,194.8895735022401,61240800
2017-01-18,195.26846313476562,195.31152385833252,194.536470254992,195.0876133518998,54793300
2017-01-19,194.5451202392578,195.483783712224,194.11453921786523,195.34599463170878,66608800
2017-01-20,195.25987243652344,195.7507279330802,194.59677403141717,195.22541859869793,129168600
2017-01-23,194.75180053710938,195.3201706676685,193.99398683665453,195.25989615458587,75061600
2017-01-24,196.00051879882812,196.41387296884554,194.85517151455983,194.96711366334637,95555300
2017-01-25,197.6969757080078,197.6969757080078,196.7841329083282,196.9477557982735,84437700
2017-01-26,197.4902801513672,197.81752591147847,197.2147020080547,197.55055465753608,59970700
2017-01-27,197.18023681640625,197.71415297738932,196.99938703978657,197.56775703454838,59711100
2017-01-30,195.9574737548828,196.51722396452,194.97574930978664,196.49139014809327,79737300
2017-01-31,195.94015502929688,196.00044266624235,194.89815654749623,195.46651338289337,75880800
2017-02-01,196.01773071289062,196.85305907660958,195.43214673930603,195.94022927055596,79117700
2017-02-02,196.14691162109375,196.43109671472556,195.32881018564632,196.0177294111019,69657600
2017-02-03,197.49891662597656,197.67976645215273,196.74110289892536,197.05112178644802,80563200
2017-02-06,197.14584350585938,197.49031624796152,196.809990794992,197.09417587961693,57790100
2017-02-07,197.15444946289062,197.7744872141205,196.964992753332,197.53336288200782,57931200
2017-02-08,197.41278076171875,197.54194980504766,196.61189327221177,197.15442953477168,51566200
2017-02-09,198.58395385742188,198.88535266019773,197.4127730625225,197.4127730625225,65955200
2017-02-10,199.36766052246094,199.59157110911215,198.60122667342299,198.92847252142548,66015900
2017-02-13,200.4527130126953,200.71106428018317,199.83267522684102,199.85850903956066,55182100
2017-02-14,201.2535858154297,201.26220584645884,199.92740192577156,200.27186151936579,71109000
2017-02-15,202.30421447753906,202.49367120529897,200.98663741466746,201.03830504218527,86785800
2017-02-16,202.13192749023438,202.51084083856136,201.38272082258933,202.3299910531187,84722400
2017-02-17,202.45057678222656,202.45057678222656,201.45162568212956,201.4688526018663,77204100
2017-02-21,203.6561737060547,203.82840345059273,202.81222561932992,202.8208456477435,88946100
2017-02-22,203.47540283203125,203.6993002727197,203.08788247148524,203.2515053913428,62115200
2017-02-23,203.61314392089844,204.00927107949298,202.85531716144558,203.99205730062485,74615900
2017-02-24,203.87152099609375,203.91456858901134,202.72617382226116,202.76923455546964,82381600
2017-02-27,204.19017028808594,204.36240010046646,203.53569174492293,203.78542300183085,56515400
2017-02-28,203.6389923095703,204.05234641691743,203.25147201266427,203.81122209260744,96961900
2017-03-01,206.48944091796875,206.95447579618843,205.27519924075014,205.29242616150023,149158200
2017-03-02,205.18910217285156,206.30861555778915,205.13743454805757,206.29999552679604,70246000
2017-03-03,205.3182373046875,205.48186018302286,204.72403343717016,205.1029468100965,81974300
2017-03-06,204.70684814453125,205.0599146181717,204.10402416355956,204.52599832218158,55391500
2017-03-07,204.0954132080078,204.75851168969493,203.88872957805205,204.40543208279615,65103700
2017-03-08,203.7164764404297,204.64653295819397,203.57868736958557,204.38818173543348,78168800
2017-03-09,203.974853515625,204.30209931528373,203.01035617805067,203.83706442731702,90683900
2017-03-10,204.68959045410156,204.97377548062298,203.7423070323635,204.93071475412785,81991700
2017-03-13,204.79296875,204.8360294855501,204.30211315754522,204.62934583908455,57256800
2017-03-14,204.00926208496094,204.3020671365696,203.39784445486842,204.25038638137607,59880800
2017-03-15,205.77468872070312,206.196662895698,204.34515642855678,204.57767388337365,96081800
2017-03-16,205.3699188232422,205.9899565408601,205.04268618470874,205.91245511123034,78344000
2017-03-17,205.00926208496094,205.82227819204954,205.00926208496094,205.63199726496683,89002100
2017-03-20,204.7843780517578,205.2946708714881,204.3951718875136,205.0092494983875,52537000
2017-03-21,202.15504455566406,205.51089350230714,202.0253135695641,205.38980684946205,131809300
2017-03-22,202.63072204589844,202.91614337785805,201.56688849765175,202.1896235496629,97569200
2017-03-23,202.41453552246094,203.54756354767736,202.04263120164606,202.63076264780625,100410300
2017-03-24,202.26751708984375,203.2881028594989,201.48910466205444,202.7172732379335,112504900
2017-03-27,202.05992126464844,202.31939645634566,200.321459915953,200.59822377562864,87454500
2017-03-28,203.53028869628906,203.95408544436285,201.6447811726046,201.75722350860326,93483900
2017-03-29,203.7205047607422,203.9540337080173,203.01993111637077,203.24481573132235,61950400
2017-03-30,204.36923217773438,204.56817064319617,203.48703497312647,203.66001404084622,56737900
2017-03-31,203.89352416992188,204.55949417887837,203.84161857669875,204.0318994928165,73733100
2017-04-03,203.53890991210938,204.14434319591695,202.3107414799695,203.94541794497783,85546500
2017-04-04,203.6686553955078,203.75515152683073,202.8729411376724,203.25350299956253,56466200
2017-04-05,203.06320190429688,205.32061345411282,202.85561912820899,204.34326269653357,108800600
2017-04-06,203.63406372070312,204.15300091336346,202.76049767058808,203.2016094614245,69135800
2017-04-07,203.42649841308594,204.11842792690598,202.94215171264923,203.38325034394884,74412300
2017-04-10,203.547607421875,204.34332183096535,203.02001259441238,203.5649092909198,67615300
2017-04-11,203.3053741455078,203.40915893428013,201.81773058497976,203.16698562884116,88045300
2017-04-12,202.41453552246094,203.21890729142282,202.1896640631861,203.02862636532242,81864400
2017-04-13,201.09988403320312,202.8124124799033,201.09988403320312,202.07723492675308,92880400
2017-04-17,202.88160705566406,202.88160705566406,201.4199094790997,201.6188347524172,68405400
2017-04-18,202.2761993408203,202.8124517247209,201.5929272547896,202.14646831102326,83225800
2017-04-19,201.90423583984375,203.21024288163855,201.6793511907246,202.83833857341216,68699900
2017-04-20,203.547607421875,203.98871929903214,202.1983519804845,202.51836397178732,92572200
2017-04-21,202.89892578125,203.52166109188718,202.5010751756791,203.46976868224397,110389800
2017-04-24,205.13034057617188,205.3379233603899,202.87292893794245,205.13898490980165,119209900
2017-04-25,206.3239288330078,206.669886959925,205.68389178100873,205.77038791146632,76698300
2017-04-26,206.19415283203125,207.17150352612882,206.150917970928,206.28929328187664,84702500
2017-04-27,206.36715698242188,206.66986701489674,205.83090478075857,206.51418983204485,57410300
2017-04-28,205.91737365722656,206.65253780806938,205.78762949122824,206.62659161436042,63532800
2017-05-01,206.43637084960938,206.86018079937156,206.02121843190722,206.43637084960938,66882500
2017-05-02,206.51417541503906,206.6957987823536,206.1076674249198,206.5747121383258,57375700
2017-05-03,206.26336669921875,206.60933800312412,205.58873915342298,206.51419754423213,73137700
2017-05-04,206.50555419921875,206.64394273028756,205.65794754197145,206.5661041306076,61462700
2017-05-05,207.31857299804688,207.33587486401794,206.43636259791836,206.87747439671105,62001300
2017-05-08,207.28396606445312,207.50883751445906,206.8601561651609,207.3618046589795,48385700
2017-05-09,207.09368896484375,207.7423703261031,206.74771765369846,207.5434450706046,51363200
2017-05-10,207.46560668945312,207.46560668945312,206.842871486589,207.05045428669604,54293800
2017-05-11,207.0417938232422,207.20612854417598,205.9606582354735,207.0158476249322,62358300
2017-05-12,206.69583129882812,207.08503748747037,206.4277117732625,206.79097176249238,53912700
2017-05-15,207.8375701904297,207.9586568845751,207.10239249189394,207.1196943617604,61918900
2017-05-16,207.64723205566406,208.1575248978483,207.258025874294,208.13157869892072,51241800
2017-05-17,203.96273803710938,207.64724366280345,203.90218810458956,207.64724366280345,172174100
2017-05-18,204.7843780517578,205.63198464016048,203.625390695013,203.8848658703277,107047700
2017-05-19,206.11636352539062,206.78234683353799,205.21686440061802,205.26875680431252,115011400
2017-05-22,207.16285705566406,207.32719175801526,206.55742383446582,206.62660489049898,61010600
2017-05-23,207.62127685546875,207.78561157318967,207.15421890010862,207.53478073115593,48341700
2017-05-24,208.10565185546875,208.20943666083193,207.5175071643434,207.85483417668863,46927700
2017-05-25,209.10028076171875,209.37705782517145,208.4083644980005,208.61593409813327,64071700
2017-05-26,209.0570526123047,209.22137415187208,208.8321679416575,208.91000654420898,46629900
2017-05-30,208.87538146972656,209.12619910229242,208.5813157770756,208.7369929564361,35201900
2017-05-31,208.82350158691406,209.20406342253426,208.13157217646426,209.16945969341108,91796000
2017-06-01,210.484130859375,210.5014327244796,208.9964871993291,209.28190858500193,68962000
2017-06-02,211.18472290039062,211.34041330489234,210.24197573118028,210.53604147612447,88666100
2017-06-05,211.0290069580078,211.29712645256342,210.83006852224628,211.01170509458183,44698800
2017-06-06,210.35438537597656,211.0203553658864,210.27653358709625,210.466814497772,50375400
2017-06-07,210.74362182617188,210.96849329954466,210.02574614132465,210.69172942442873,54144300
2017-06-08,210.8473663330078,211.32306858716709,210.31977168702295,210.83872200018845,65950700
2017-06-09,210.52737426757812,211.91121990384883,209.26460209199337,211.11550569356558,132256400
2017-06-12,210.484130859375,210.53602325723256,209.63652423363692,210.28520560176892,86108100
2017-06-13,211.51339721679688,211.565289620332,210.6744348330919,211.02039298829786,60067000
2017-06-14,211.24525451660156,211.79013789146447,210.42358089248344,211.78149355764182,78602300
2017-06-15,210.8387908935547,210.95987757986546,209.6192664973441,209.89603041000055,66464900
2017-06-16,210.8848114013672,211.04994752534736,210.00699858556482,210.99780206763052,84553100
2017-06-19,212.64041137695312,212.70124331255076,211.61483560290208,211.71044001182366,65123800
2017-06-20,211.2064208984375,212.2928289972436,211.1890479173653,212.28414250670747,56906400
2017-06-21,211.15423583984375,211.71047615166384,210.68491346435795,211.59749874860742,55977600
2017-06-22,211.05865478515625,211.6583541315483,210.88483215505542,211.16295897267005,44148100
2017-06-23,211.31069946289062,211.64095846683273,210.7370728734632,211.11949059974816,66986800
2017-06-26,211.4497528076172,212.39711064820162,211.2411709623493,211.97992043403343,56700500
2017-06-27,209.74627685546875,211.52798863761825,209.72889061406468,211.23247558101465,82247700
2017-06-28,211.62351989746094,211.8234151881305,210.52841251854954,210.7630802800037,70042600
2017-06-29,209.76364135742188,211.82346647947858,208.55555631046235,211.77132102248703,106949700
2017-06-30,210.15475463867188,210.94566280210128,209.96354578022047,210.57193157446784,86820700
2017-07-03,210.5111083984375,211.52798468158704,210.5111083984375,211.09342148732742,39153800
2017-07-05,210.99781799316406,211.20639983977458,210.06784638763787,210.87614082870252,54427600
2017-07-06,209.0683135986328,210.35461668308216,208.88579125834767,210.23293954349657,65400800
2017-07-07,210.42420959472656,210.571959502796,209.07706091762392,209.64200107863726,57972300
2017-07-10,210.65013122558594,211.0238624203301,210.119963666866,210.42416316812717,36663300
2017-07-11,210.4936981201172,210.80658411472686,209.3290720753313,210.65013448651465,50354600
2017-07-12,212.07550048828125,212.24063660467954,211.45842825120994,211.45842825120994,59610400
2017-07-13,212.43186950683594,212.54486018070784,211.85824290969333,212.08422425743714,39471600
2017-07-14,213.42266845703125,213.77901345016744,212.33626049879845,212.43186492959558,60262700
2017-07-17,213.39657592773438,213.7268481601751,213.22275332290783,213.34443047246788,33531900
2017-07-18,213.50953674316406,213.5616821911414,212.64909706609973,212.98805573976517,42742500
2017-07-19,214.66551208496094,214.6741985738077,213.81375875263902,213.8224585033008,51034300
2017-07-20,214.76113891601562,215.0392524680929,214.21358503979766,214.91757530246852,47135200
2017-07-21,214.56991577148438,214.59598850082523,213.96151672202305,214.18749805873117,82340800
2017-07-24,214.5177764892578,214.65682662914074,214.04844082397815,214.49169049735036,46622300
2017-07-25,215.03929138183594,215.36956371764703,214.81332325101818,215.2652595126537,54915600
2017-07-26,215.04788208007812,215.36076803204548,214.78715483828276,215.3260088204104,47575400
2017-07-27,214.8479766845703,215.5432802409358,213.52690125365714,215.50852103093305,70766600
2017-07-28,214.59596252441406,214.72632615533806,213.91804511998137,214.36998121506053,50088400
2017-07-31,214.4742889404297,215.09136115279443,214.2656938656761,214.99575673459248,65838700
2017-08-01,214.9523162841797,215.10875264770706,214.43083521545947,215.0739934319725,55050400
2017-08-02,215.056640625,215.19570403318554,214.1266690023028,215.08271335630772,47211200
2017-08-03,214.6394500732422,214.96970906950318,214.36132327447956,214.94363633984614,40856000
2017-08-04,215.0305633544922,215.36082236469053,214.64814562096288,215.1261677878745,60191800
2017-08-07,215.43040466308594,215.43040466308594,214.99584136598085,215.10014557532324,31995000
2017-08-08,214.900146484375,216.33421271848638,214.52642857179112,215.11742804149972,61719400
2017-08-09,214.89146423339844,214.9436096862463,213.85720187920182,214.2135468227478,62632600
2017-08-10,211.8582305908203,214.18749606416483,211.8060851326242,214.05711915685916,120479500
2017-08-11,212.17115783691406,212.76217075556832,211.84958527433068,212.0842531436359,74869900
2017-08-14,214.27439880371094,214.491680385441,213.4139722276217,213.4487314454998,73291900
2017-08-15,214.24827575683594,214.67415233125965,213.9440895709437,214.65676609549627,55242700
2017-08-16,214.6220703125,215.16962417546023,214.19619361221802,214.76982020562247,56715500
2017-08-17,211.27593994140625,214.32658218751973,211.27593994140625,214.01369614334953,128490400
2017-08-18,210.9456024169922,212.23190533687284,210.50233961664483,211.11072523673622,136748000
2017-08-21,211.11077880859375,211.37151935817374,210.18082053799722,210.88481073859253,65469700
2017-08-22,213.31837463378906,213.47481101197403,211.67572635376834,211.6931125941719,63140100
2017-08-23,212.5535430908203,212.97941978670568,212.205897847276,212.35364773887312,50203800
2017-08-24,212.0581512451172,213.09240050234038,211.8495561386653,212.93596411886358,50741700
2017-08-25,212.5535430908203,213.46612843239413,212.40579319922318,212.8490428740146,64445900
2017-08-28,212.562255859375,213.10979648839782,212.14506562739396,213.0837237566261,40565600
2017-08-29,212.80557250976562,213.06629978130863,211.13683840100393,211.24982905988216,51135700
2017-08-30,213.8137664794922,214.0832067852587,212.6056813953853,212.7882037622832,62030800
2017-08-31,215.1000518798828,215.34340615931342,213.84850800748916,214.4308209805419,103803900
2017-09-01,215.4042510986328,215.83012774424623,215.25650122447658,215.47378279149711,62007000
2017-09-05,213.85723876953125,215.12616914224762,212.89250793998733,214.90018779183964,91398800
2017-09-06,214.58726501464844,214.91753723218903,214.0049520207523,214.53511956173446,57916900
2017-09-07,214.56121826171875,214.9088767595875,214.15272781535776,214.89149051924016,58034700
2017-09-08,214.30918884277344,214.769824772838,214.06583451224182,214.274416360231,63832800
2017-09-11,216.5950164794922,216.67323468005944,215.56075384371064,215.57812682484715,71364800
2017-09-12,217.32505798339844,217.35981720404104,216.7775041101089,216.96002648847752,56896000
2017-09-13,217.4293212890625,217.4640937671046,216.92522645196908,217.03821711288396,59228000
2017-09-14,217.3597869873047,217.55969557911206,216.93392360000743,217.10774620268882,95446300
2017-09-15,217.65245056152344,217.73978653879072,217.1109221885151,217.21573069228893,95432400
2017-09-18,218.11532592773438,218.46469641738005,217.7310103925462,218.01924704393736,46235200
2017-09-19,218.33367919921875,218.42102848279805,218.01051083970842,218.35988131876667,47108100
2017-09-20,218.4123077392578,218.525859153917,217.41658711242658,218.42105066508134,59574100
2017-09-21,217.82708740234375,218.34241353480814,217.65240215902375,218.25507757696303,48211400
2017-09-22,217.87074279785156,218.03669842901505,217.50389982099844,217.53010193880021,51214000
2017-09-25,217.42530822753906,217.9668498298664,216.68289258120123,217.61746600132773,57064400
2017-09-26,217.5563201904297,218.09784843533004,217.32048778509616,217.85328643262474,54082000
2017-09-27,218.40357971191406,218.78789527725007,217.37291402963743,218.25509657578533,81001400
2017-09-28,218.6656494140625,218.7442557938906,218.03677172017154,218.12410769965842,44778800
2017-09-29,219.43426513671875,219.51288484339028,218.47348940621455,218.65690429063795,85578000
2017-10-02,220.3863067626953,220.3863067626953,219.4866516296174,219.6613502279669,59023000
2017-10-03,220.8579559326172,220.88415805655924,220.30768467457054,220.3863043740284,66810200
2017-10-04,221.1199493408203,221.36451133717839,220.59588030426494,220.70943170529875,55953600
2017-10-05,222.43011474609375,222.44757394086622,221.15488716333428,221.45185340602157,63522800
2017-10-06,222.17681884765625,222.46505550467177,221.7226398677804,221.98466107631256,80646000
2017-10-09,221.8100128173828,222.4650926032154,221.54797823752332,222.40395875357316,35803100
2017-10-10,222.39517211914062,222.77075805290576,221.83617134486326,222.37771292417833,43057400
2017-10-11,222.74452209472656,222.74452209472656,222.13311717318405,222.29905946589523,47674300
2017-10-12,222.4126739501953,222.77951700719035,222.17684151083012,222.4301464750898,47065100
2017-10-13,222.68344116210938,222.9629482537238,222.4126769968777,222.8493968318015,54800400
2017-10-16,222.9803924560547,223.1725502367093,222.56988810025342,222.91052901548102,38221700
2017-10-17,223.13763427734375,223.18130892651027,222.70964403972255,222.92800395792347,31561000
2017-10-18,223.35597229003906,223.55685966334508,223.1638145146575,223.51318501846194,40888300
2017-10-19,223.41708374023438,223.45202878369093,222.1593420560092,222.57858928408425,61903800
2017-10-20,224.57003784179688,224.59626661827306,223.39964532969876,224.2119510702714,89176400
2017-10-23,223.6966094970703,224.9194462959128,223.61800312947534,224.89324417338113,63915300
2017-10-24,224.0896453857422,224.32546446473933,223.73153197709217,224.12459043068006,66935900
2017-10-25,222.9803924560547,223.87130459112328,221.85366122188066,223.75775317683716,103715300
2017-10-26,223.26861572265625,223.86254822529017,223.1463347175475,223.59179742215292,69798000
2017-10-27,225.09405517578125,225.25129452218826,223.27731299353624,224.0109988741691,85562500
2017-10-30,224.25559997558594,224.99802890928333,223.95863373315882,224.01103797268954,54285700
2017-10-31,224.60501098632812,224.85831595994026,224.308044690315,224.63121311082153,60304800
2017-11-01,224.90194702148438,225.72298235215794,224.5351173279343,225.38235477957573,54202700
2017-11-02,224.98924255371094,225.12899605056876,223.76643277527273,224.83202986546618,56449500
2017-11-03,225.740478515625,225.7841398341459,224.7360016370278,225.14651932111855,59589700
2017-11-06,226.08978271484375,226.2207932872412,225.53951165552067,225.6093750757147,49652600
2017-11-07,225.9326171875,226.5265496765108,225.4260073281454,226.1946383869873,57502200
2017-11-08,226.3169708251953,226.41306306267828,225.47847609163045,225.75798322124106,50469600
2017-11-09,225.4958953857422,225.68805314872068,223.91494531222034,225.11157985978514,95085500
2017-11-10,225.42599487304688,225.60069343322567,224.79711737376437,225.11156945103457,59984700
2017-11-13,225.63560485839844,225.86270764857133,224.70976115958797,224.74470620159695,50228600
2017-11-14,225.1116180419922,225.2164265386195,224.05473683871833,224.83211094747693,61315200
2017-11-15,223.98486328125,224.66614513383567,223.27737930569037,224.14207601909382,80811500
2017-11-16,225.88890075683594,226.25575704515595,224.88445074500984,224.9281120543369,67777000
2017-11-17,225.22512817382812,225.86274869389405,225.1465218064658,225.5395802985394,75756800
2017-11-20,225.6094512939453,225.80160908346332,225.22513571490924,225.46972440635292,48075500
2017-11-21,227.08555603027344,227.26899754044936,225.5745225619716,226.37807207748506,69176800
2017-11-22,226.88467407226562,227.22530164809308,226.7187184194679,227.0942910420056,45033400
2017-11-24,227.40869140625,227.513526534814,227.23401950249206,227.37377301865303,27856500
2017-11-27,227.29522705078125,227.74940610752606,227.09432632006434,227.4524398025085,52274900
2017-11-28,229.60107421875,229.62727634177566,227.6620371490641,227.75812937033317,98971700
2017-11-29,229.46128845214844,230.264864537519,229.01585242326902,229.7320525704751,77512100
2017-11-30,231.47024536132812,232.37860338664402,230.29983945330548,230.37844582153883,127894400
2017-12-01,230.98983764648438,231.73226666483723,227.75812700080465,231.25188552927713,164390900
2017-12-04,230.71029663085938,233.03362198548888,230.65786574386095,232.60564520783424,94040600
2017-12-05,229.88058471679688,231.59251897552159,229.74957409972203,229.88058471679688,77994500
2017-12-06,229.9242706298828,230.35227423179,229.46134862986273,229.97667488231787,75898600
2017-12-07,230.64918518066406,230.9636106197974,229.66219423795215,230.64918518066406,77218600
2017-12-08,231.9069366455078,231.91565291517546,230.61423655354508,231.60122748092607,76563900
2017-12-11,232.6056671142578,232.6668142754687,231.88072407003264,232.6056671142578,83077500
2017-12-12,233.0162353515625,233.48790023937693,232.64066268870263,233.39180801442237,85195800
2017-12-13,232.9899444580078,233.69742819254532,232.9025951927648,233.26070852158372,102905400
2017-12-14,232.03799438476562,233.40055818718739,231.98559013507742,233.2870067611082,100666700
2017-12-15,233.97023010253906,234.43551820355714,232.9869817978599,233.03965390050294,144610300
2017-12-18,235.4539337158203,235.80509006221476,235.2607937065766,235.36613793134373,83653600
2017-12-19,234.54965209960938,235.74358882543072,234.47940476779215,235.69970433667532,82382900
2017-12-20,234.42674255371094,235.5680072245659,234.1282583596644,235.51533511923463,76751500
2017-12-21,234.90956115722656,235.6206881078484,234.66374908730396,235.05002902454035,67032300
2017-12-22,234.84811401367188,234.96224582342296,234.3125786274947,234.92712216084462,78720900
2017-12-26,234.56716918945312,234.78664518691386,234.30380870910167,234.44424977095338,45244400
2017-12-27,234.681396484375,235.0413404816488,234.4092482801095,234.73406860187708,57751000
2017-12-28,235.1641387939453,235.20805006858635,234.79543411938158,235.18171402040323,45116100
2017-12-29,234.27749633789062,235.76115654365725,234.08438313836797,235.74360810502137,96007400
2018-01-02,235.95423889160156,235.98936255180203,234.75151474688784,235.13779463458457,86655700
2018-01-03,237.44676208496094,237.59601759479307,236.12111810246338,236.12111810246338,90070400
2018-01-04,238.44754028320312,238.9304036547057,237.50820317682505,238.08762314772258,80636400
2018-01-05,240.0365753173828,240.15946797234622,238.7460550869637,239.23767928983673,83524000
2018-01-08,240.4755096435547,240.63352595605033,239.65027762295614,239.93997419586478,57319200
2018-01-09,241.0198211669922,241.64312563339757,240.6159659541577,240.89690172182273,57254000
2018-01-10,240.65106201171875,240.9144493105008,239.59759319110952,240.2647820733768,69574300
2018-01-11,242.4069061279297,242.4069061279297,241.03737770393656,241.20418164712254,62361500
2018-01-12,243.98707580566406,244.15385290677432,242.3717089728381,242.6702198901988,90816100
2018-01-16,243.153076171875,245.892132412774,242.4595244982165,245.24249201477997,106555100
2018-01-17,245.4707794189453,245.85705940856167,243.15312627275705,244.08370257733014,113258800
2018-01-18,245.0581817626953,245.77804281728476,244.56653078153596,245.35666596416098,100728000
2018-01-19,246.173095703125,246.173095703125,245.05816712382477,245.63756026225914,140920100
2018-01-22,248.1747589111328,248.1747589111328,245.90975090331943,245.96244980743063,91322400
2018-01-23,248.7014923095703,248.99118891195354,247.89380864434813,248.21862891691765,97084700
2018-01-24,248.60498046875,249.9394124048055,247.42859169826613,249.34241700585102,134816100
2018-01-25,248.71022033691406,249.56178838394288,247.92011200672914,249.4652317930512,84587300
2018-01-26,251.58973693847656,251.6336482169406,249.28963255855305,249.544232240825,107743100
2018-01-29,249.92173767089844,251.45806987609902,249.76372135975387,251.0191178174703,90118300
2018-01-30,247.35830688476562,249.97444436968703,246.88423109421504,248.09574323033812,131796400
2018-01-31,247.48117065429688,248.71023108676374,246.41012653639544,248.20984609063984,108364800
2018-02-01,247.2002716064453,248.49957956598647,246.4101631247902,246.75255864869757,90102500
2018-02-02,241.8186492919922,246.0150290240728,241.78352563301817,245.88332200079572,173174800
2018-02-05,231.7052459716797,242.1698756837403,231.1609496616137,240.06291099027115,294681800
2018-02-06,236.27032470703125,236.7707364527866,227.11379176202638,228.20238422661203,355026800
2018-02-07,234.9886474609375,239.10599383417136,234.90961250020038,235.7172962159094,167376100
2018-02-08,226.1744384765625,235.4275552292879,226.1393148107997,235.2870873577438,246449500
2018-02-09,229.5718994140625,231.42426402168795,222.03948137455444,228.95735588832179,283565300
2018-02-12,232.94305419921875,234.4091657307602,229.7123737697383,231.61741052872057,143736000
2018-02-13,233.52249145507812,234.06678771243006,231.16092727411035,231.74034719721283,81223600
2018-02-14,236.67416381835938,237.03410771542661,232.03004361372035,232.0388312280291,120735700
2018-02-15,239.6941680908203,239.7029557055696,235.95428785276758,238.4124355383196,111200300
2018-02-16,239.7644500732422,241.7046380244136,239.0270136160631,239.07092490955327,160420100
2018-02-20,238.26318359375,240.25604318291386,237.47307520829037,238.8162675010244,86369700
2018-02-21,237.07806396484375,241.17788915345244,236.98150734424902,238.70219240465272,98883700
2018-02-22,237.3852996826172,239.71174054605476,236.71811068253444,237.99984336345477,110511300
2018-02-23,241.1690673828125,241.1690673828125,238.1315262000043,238.60560199341734,92766400
2018-02-26,243.9695587158203,244.06614210421714,241.65190568390827,242.24008646306598,86491400
2018-02-27,240.92320251464844,244.86500992560363,240.8617428010588,244.15388299543363,99099200
2018-02-28,238.48265075683594,242.4683429952986,238.166618131019,242.02060331721685,121907800
2018-03-01,235.01492309570312,239.81705928396283,233.52247550556922,238.27193959455408,176855100
2018-03-02,236.22640991210938,236.78828136385687,232.48655687849873,233.34688570066712,139083200
2018-03-05,238.95672607421875,239.57126967870028,234.93591017599843,235.0412811759298,97307400
2018-03-06,239.5624542236328,240.01019384890736,238.07000666705412,239.93115891026687,79213200
2018-03-07,239.4747314453125,239.8258878034363,237.20975016262793,237.40289017832296,87063500
2018-03-08,240.63356018066406,240.75645284402566,239.15868747125592,240.15069676846312,66901200
2018-03-09,244.82119750976562,244.82119750976562,241.72219602704135,242.03825554491272,113625300
2018-03-12,244.51388549804688,245.7341852826055,244.12760547930253,245.11088075797747,71924800
2018-03-13,242.93365478515625,246.17312347300873,242.32789873513437,245.67271164185843,91968900
2018-03-14,241.6870574951172,244.07495840526627,241.13400025798666,243.89060599288945,105895100
2018-03-15,241.42361450195312,242.8370271669328,240.9232027619332,242.19617435500027,83433000
2018-03-16,241.68540954589844,242.73430164877234,241.63252649019114,241.9498248244349,100343700
2018-03-19,238.41537475585938,241.8617314494688,236.76712305431,240.93625086908648,109208400
2018-03-20,238.82077026367188,239.45539376753695,238.1420596185855,238.81194745566663,59757300
2018-03-21,238.36244201660156,240.86567198647185,238.15090979060938,238.77671055837496,78709600
2018-03-22,232.404052734375,236.98742117685686,232.1307877527902,236.14126540111988,148785900
2018-03-23,227.4504852294922,233.1709209551684,227.25657169813346,232.844799765795,183534800
2018-03-26,233.67333984375,233.95540081601212,228.64925990705333,231.04672437365164,141956100
2018-03-27,229.69815063476562,235.1364991793472,228.1468421973337,234.60766848369053,129941400
2018-03-28,229.0194091796875,231.49622480159888,227.91763387941825,229.8303276361625,146452300
2018-03-29,231.9457244873047,233.80553513065988,229.0282257239141,230.1564425245714,111601600
2018-04-02,226.93927001953125,231.9281118003099,224.47129066036044,231.41687299833714,186286300
2018-04-03,229.84793090820312,230.32390533759397,226.38395605270182,228.1732379441203,119956900
2018-04-04,232.3070831298828,233.01220846166905,226.17240666715955,226.30461430451857,123715300
2018-04-05,234.14048767089844,235.02190791920242,232.97700648742247,234.06113617759715,82652600
2018-04-06,228.9224395751953,233.67328013698705,227.40639586017514,232.1837048489923,179521200
2018-04-09,230.0506591796875,233.4353093282673,229.11635597247158,230.37678033142026,105442900
2018-04-10,233.70858764648438,234.49306462652993,231.79592065488106,232.93293347707709,103529000
2018-04-11,232.48338317871094,234.14045733463442,232.15726203290197,232.22776380815478,91140200
2018-04-12,234.3960723876953,235.33919847775888,233.62924110095946,233.80553590428718,68890500
2018-04-13,233.70858764648438,235.81519507925242,232.703782489798,235.7006061362064,85079200
2018-04-16,235.6300811767578,236.3969394464726,234.51950987009275,235.33922430803474,63405300
2018-04-17,238.1509552001953,238.75031455399508,236.8817078046116,237.39291974783774,64682000
2018-04-18,238.32725524902344,239.12932407604146,237.86889946351178,238.59167058773116,57303900
2018-04-19,237.0050506591797,237.87764790291487,235.97377736301559,237.67491160741451,77655900
2018-04-20,234.99545288085938,237.15494337179408,234.11403258232485,236.93458829716045,99953100
2018-04-23,234.9601593017578,236.12364027357134,233.884825718501,235.56834131435096,65558000
2018-04-24,231.7958984375,236.2029995241592,230.2974733085117,235.98264446982625,112885500
2018-04-25,232.3688201904297,232.80953030666575,229.91847302010967,231.73419654709733,103840900
2018-04-26,234.7310028076172,235.5595399175105,232.9505437516809,233.3912538357174,67731900
2018-04-27,234.95143127441406,235.63893814441175,234.01712775618176,235.33925842147093,57053600
2018-04-30,233.1444549560547,236.1236593984513,233.07392627997427,235.56836039425437,82182300
2018-05-01,233.55873107910156,233.66449719784265,231.02903254476593,232.5803406831274,74203400
2018-05-02,231.98985290527344,234.17575821480935,231.6020257892948,233.36486653508314,86368900
2018-05-03,231.47857666015625,232.1308190231915,228.3318999811481,231.1612782885642,136311500
2018-05-04,234.47537231445312,235.15408302694007,230.18286060318687,230.50898174610822,91222100
2018-05-07,235.26866149902344,236.23820207584941,234.55468648152564,235.24221997236103,55304900
2018-05-08,235.26866149902344,235.6300200638076,233.70853072952212,234.89845322694333,67499200
2018-05-09,237.54273986816406,237.86886103281918,235.41851399436158,235.9385486756778,59666100
2018-05-10,239.7639617919922,240.0901099271998,238.17741586945073,238.28318201111145,72063900
2018-05-11,240.49557495117188,240.7599903264128,239.37615376541126,239.8873926893003,59871500
2018-05-14,240.610107421875,241.579648169337,240.06360427665848,240.92740579766743,54790600
2018-05-15,238.9530029296875,239.40250890537564,238.00987693366224,239.3848901863238,87036100
2018-05-16,239.95782470703125,240.41618042257653,238.96181558524657,238.98828401389073,53942600
2018-05-17,239.75518798828125,240.83052202568538,238.97953367948904,239.69348210035056,56536400
2018-05-18,239.15573120117188,239.77273610113608,238.8031685006823,239.41135059102103,64368000
2018-05-21,240.9537353515625,241.49141543686284,240.24861024495073,240.63643712322678,58025900
2018-05-22,240.283935546875,241.72947751252565,239.95781439332927,241.4738581359053,52966400
2018-05-23,240.94503784179688,240.97150627338758,238.8560760558895,239.01475215137066,64694200
2018-05-24,240.45135498046875,240.82156320014568,238.6708963400099,240.548325163709,76043800
2018-05-25,239.87847900390625,240.5042797541157,239.37606308246154,239.87847900390625,56374800
2018-05-29,237.1197052001953,239.01478057026313,236.00913379265558,238.25674504247283,115908600
2018-05-30,240.283935546875,240.72464562438188,238.35365015429863,238.424151931224,69678400
2018-05-31,238.81198120117188,240.17817169479065,238.21262194583,239.8784920671197,93519900
2018-06-01,241.1565704345703,241.45625007264385,240.03714957306167,240.10767825190814,71258400
2018-06-04,242.3024139404297,242.5580333367851,241.73831898505043,241.97629276170582,45385200
2018-06-05,242.47866821289062,242.8576723897408,241.66774990774505,242.43458106982055,51135000
2018-06-06,244.50596618652344,244.61173231021175,242.46988760909116,243.08689252902062,62732200
2018-06-07,244.4795379638672,245.28163364391338,243.5716761543753,244.99077678793768,72969400
2018-06-08,245.2023468017578,245.25522987462332,243.85377464605486,244.02124667640106,72139700
2018-06-11,245.52845764160156,246.24240599383455,245.30810254773175,245.4226915003545,58892500
2018-06-12,245.84573364257812,246.2070922530715,245.20228721399303,245.94267695300078,72329000
2018-06-13,245.06130981445312,246.33938013874248,244.8585734412964,246.08376069412148,79070600
2018-06-14,245.6782989501953,246.20712963062033,245.0877354919689,245.92509556733162,77097600
2018-06-15,245.36483764648438,245.7012856482646,243.78886570624715,244.8955883333687,120041600
2018-06-18,244.8601531982422,244.98411909558473,243.43470749636697,243.91279219287506,52917600
2018-06-19,243.92166137695312,244.1430058972589,242.1774654761599,242.59359425511855,97531500
2018-06-20,244.33773803710938,245.0017714563841,244.00129011487593,244.60334059698366,53785500
2018-06-21,242.80609130859375,244.34666763816736,242.3102817141276,244.32894278291016,71061400
2018-06-22,243.24874877929688,244.17841191285814,243.0274042741051,244.06330844702353,54898500
2018-06-25,239.93753051757812,242.25721744889208,238.25531707285143,242.09785583214594,137854200
2018-06-26,240.46875,241.31870559655965,239.75159574359012,240.50417269724036,68547400
2018-06-27,238.47657775878906,242.47847672690543,238.32605160508425,241.05303106816336,105110700
2018-06-28,239.84017944335938,240.60159193508628,237.71524956403456,238.42356853034477,76650500
2018-06-29,240.1853485107422,242.2925525243365,240.07024504485113,240.92906280620025,97592500
2018-07-02,240.6988983154297,240.85828692224064,238.3792118140002,238.61828121441778,63554800
2018-07-03,239.84893798828125,241.69053969089012,239.4239737642924,241.59313404316126,42187100
2018-07-05,241.80555725097656,241.86754019174154,239.90200007581,240.9733268418652,56925900
2018-07-06,243.8508758544922,244.22271956770294,241.4514814771822,241.83221463826726,66493700
2018-07-09,246.04664611816406,246.09976665933533,244.807121791495,244.8513799026031,50550400
2018-07-10,246.9320068359375,247.029412500854,246.20599013238512,246.4981801075327,51966800
2018-07-11,245.12582397460938,246.17059090694184,244.8247985939717,245.38259124794206,77054700
2018-07-12,247.3481903076172,247.4013108567113,245.78108007012565,246.38313097293064,60124700
2018-07-13,247.5428924560547,247.8439178074918,246.7194971989239,247.171048735879,48216000
2018-07-16,247.32151794433594,247.7287843093492,246.87882888944463,247.58714758902812,48201000
2018-07-17,248.32203674316406,248.71160533141384,246.4981597252672,246.55128025824675,52315500
2018-07-18,248.8443145751953,248.95055560183826,247.95893666038435,248.40162561778982,44593500
2018-07-19,247.90582275390625,248.56099378205835,247.42771110168124,248.18028775324512,61412100
2018-07-20,247.62257385253906,248.33089263963382,247.46321225779238,247.70225464991242,82337700
2018-07-23,248.0829315185547,248.28655117021037,247.07358760835706,247.41889800487505,47047600
2018-07-24,249.33131408691406,250.17243409081593,248.4636608403578,249.49070268000807,68026900
2018-07-25,251.456298828125,251.77502204570084,249.0392063497694,249.08346445678782,78882900
2018-07-26,250.86302185058594,251.54475324487566,250.6416773306691,250.73908296962176,57919500
2018-07-27,249.16305541992188,251.28795693262387,248.24225485723514,251.190551315426,76768700
2018-07-30,247.8616180419922,249.40216734030946,247.3392211685941,249.24280576177932,63742500
2018-07-31,249.08340454101562,249.69431758068527,248.24231157277697,248.6230176642827,68570500
2018-08-01,248.667236328125,249.79168360929737,248.0209277216841,249.28701169662585,53853300
2018-08-02,250.02195739746094,250.19015439375062,247.1621761469714,247.36582285557148,63426400
2018-08-03,251.09324645996094,251.14636698690998,249.96879892714696,250.14588536337493,53935400
2018-08-06,252.01402282714844,252.3238835310707,250.73907626495154,251.12864477115582,39400900
2018-08-07,252.84628295898438,253.22701610254995,252.54525762703747,252.67808596667044,43196600
2018-08-08,252.74005126953125,253.13848226400177,252.27966433647936,252.67809533094987,42114600
2018-08-09,252.394775390625,253.19161038385442,252.2619740616866,252.80204180590246,35717000
2018-08-10,250.7036895751953,251.5005245360856,249.99537081693893,250.9604568137881,77076000
2018-08-13,249.76513671875,251.589013219035,249.47294685068562,250.9781002435462,65732900
2018-08-14,251.3588104248047,251.59787977889283,250.10158878762996,250.49115727172162,43842000
2018-08-15,249.48190307617188,250.15479924873915,248.04759451431187,250.01313547453537,102925400
2018-08-16,251.50050354003906,252.36818381411726,250.88072805575527,250.91615074561037,69967900
2018-08-17,252.38597106933594,252.82866028078422,250.88967937307225,251.29694588211524,65618500
2018-08-20,252.92596435546875,253.19156696780135,252.38586968426674,252.83742114482646,39807500
2018-08-21,253.51914978027344,254.37796757696117,252.96135728082962,253.43946899743776,67272000
2018-08-22,253.36868286132812,253.891052739408,252.8462859636508,253.1119156264762,44993300
2018-08-23,253.03225708007812,254.05043666143328,252.7135068605827,253.19161868002593,49204900
2018-08-24,254.5550079345703,254.6966716405088,253.5545265873472,253.6076470996255,57487400
2018-08-27,256.5647888183594,256.67102983578684,255.59086779262861,255.7502293187698,57072400
2018-08-28,256.6888122558594,257.13150127415275,256.22839838429445,257.02523321330386,46943500
2018-08-29,258.0699462890625,258.30012615749564,256.662198745309,256.90124103853924,61485500
2018-08-30,257.0251770019531,257.96367535391823,256.4319889781424,257.5918317908462,61229500
2018-08-31,257.0340881347656,257.47677714013287,256.13101229086976,256.6179593889367,66140800
2018-09-04,256.5914001464844,256.94554594826343,255.59091866725385,256.617960406128,57594400
2018-09-05,255.90084838867188,256.44094311621893,254.89153133691732,256.23729641245575,72452400
2018-09-06,255.1305694580078,256.30811050201584,254.1035275676476,256.00708517512356,65909900
2018-09-07,254.63478088378906,255.6087023274441,253.84678130041397,254.0858507118014,73524800
2018-09-10,255.07748413085938,255.90974186342126,254.88269983133213,255.64411217155657,50210900
2018-09-11,255.91854858398438,256.36123766786574,254.0858363116095,254.43111974684635,50530500
2018-09-12,255.98049926757812,256.58254986104964,255.1925268478039,255.92737874577733,59810800
2018-09-13,257.4944763183594,257.68042515569164,256.75962445423187,257.04295190384914,51034200
2018-09-14,257.5387878417969,257.8840712530081,256.75965078524433,257.69814941620206,55079900
2018-09-17,256.1752624511719,257.52102725876375,255.9007974379103,257.48563159353705,68244000
2018-09-18,257.5652770996094,258.1584651362326,256.3611491569968,256.38770941207565,61930400
2018-09-19,257.83984375,258.2559725900537,257.4945332782199,257.61849919719697,49080600
2018-09-20,259.9292907714844,260.2480409377501,257.85750925934076,259.0970602153132,100360600
2018-09-21,259.6918029785156,260.78575750232153,259.5317200165653,260.6701329824998,105479700
2018-09-24,258.82916259765625,259.2560777454784,258.25106699504545,259.11377269620436,53409600
2018-09-25,258.5889587402344,259.38940064759277,258.3488343105982,259.2826786788656,44370000
2018-09-26,257.8152770996094,259.91421551245395,257.3972644981479,258.7313438038446,79739700
2018-09-27,258.5357666015625,259.6208192287608,258.01103181802137,258.28673946459514,59249500
2018-09-28,258.5623779296875,259.0604320703618,257.877560271739,257.9131161804193,70091400
2018-10-01,259.4606018066406,260.5278487801344,258.7935622699914,259.7985457060066,62078900
2018-10-02,259.3092956542969,260.020793366136,258.9357688552456,259.3092956542969,47258200
2018-10-03,259.4517517089844,260.7769285042683,259.096002645905,260.3589158911238,64694600
2018-10-04,257.4238586425781,259.02474241561276,255.84075281656695,258.9713814326385,111545900
2018-10-05,255.98313903808594,258.16211891263504,254.56011570949343,257.64628686625036,105951700
2018-10-08,255.98313903808594,256.3388880847559,253.91975656872245,255.2982943027859,87742200
2018-10-09,255.60960388183594,256.9081002124858,255.04928619930556,255.6007284758009,74339000
2018-10-10,247.5160675048828,255.17369367290726,247.14254065292167,255.10252760650397,214731000
2018-10-11,242.0642547607422,248.0498065348169,240.45444076309948,246.43111713164694,274840500
2018-10-12,245.4261016845703,246.4399877104538,242.2420842920822,246.15537764841622,183186500
2018-10-15,244.04750061035156,246.3954925595385,243.9585565864753,245.07028903016487,102263700
2018-10-16,249.38385009765625,249.75740419174008,245.53282033386319,246.00419386811836,118255800
2018-10-17,249.42828369140625,250.05083752922465,246.857945441356,249.4193811470977,110626000
2018-10-18,245.82623291015625,249.09029078132795,244.55441771356087,248.4943903450897,134557500
2018-10-19,245.6929168701172,248.40553369282395,244.99919677874857,246.47558100230958,139901600
2018-10-22,244.5900421142578,246.68007741159767,244.05640510863475,246.35991149336718,82415800
2018-10-23,243.3448944091797,244.4655294729058,238.89796433649786,240.97915149539128,146352700
2018-10-24,235.9718780517578,243.47829736383906,235.42046312583076,243.09584079161823,177806700
2018-10-25,240.20541381835938,241.74406172098753,236.78129864956196,237.8040873548617,138061500
2018-10-26,235.9807586669922,241.0235888710497,233.27704496131128,236.50552025457662,201574600
2018-10-29,234.6734161376953,240.3566066552751,231.10699613836647,239.0669858830614,160749100
2018-10-30,238.15089416503906,238.46218471265607,234.01525443786565,234.50443305323765,157116000
2018-10-31,240.694580078125,243.00698951534628,240.24098445251798,240.71235803018175,128296300
2018-11-01,243.25599670410156,243.4516627284058,240.4722139163721,241.55726602534855,99495000
2018-11-02,241.81521606445312,244.78576258174922,239.76961161135745,244.35884745387176,122634100
2018-11-05,243.14927673339844,243.7006917677633,241.33492150588376,242.30434908918804,65622500
2018-11-06,244.68795776367188,244.8480407857386,243.02480970328554,243.08707325917246,60085900
2018-11-07,249.92640686035156,250.0064483555935,246.43109871665462,246.8580138331892,102752100
2018-11-08,249.4728546142578,250.1132138294256,248.33444124750574,249.12598093266396,65584900
2018-11-09,247.03590393066406,248.35217805236317,245.630658624312,248.1654145619431,98812600
2018-11-12,242.41990661621094,246.76898929040124,241.90404762594252,246.5288648830086,99673600
2018-11-13,241.96632385253906,244.87460595125506,241.24592345063783,242.88239023655566,98176600
2018-11-14,240.31214904785156,244.23431809199508,238.75572328236524,243.83411060887397,125335900
2018-11-15,242.8201446533203,243.28264272262598,237.4749534984664,239.0491568741506,135101400
2018-11-16,243.4517059326172,244.35887012888557,241.2104352306737,241.72629445079986,126668000
2018-11-19,239.33380126953125,243.1403726335023,238.4177346862504,242.84686002553218,103061700
2018-11-20,234.9046173095703,237.4660532377612,234.04191183572692,236.00744722346693,136021300
2018-11-21,235.70510864257812,237.59950549234424,235.6962332375424,236.45218975453028,75563700
2018-11-23,234.13084411621094,235.52718652870087,233.9707611642056,234.06858058757408,42807900
2018-11-26,237.91075134277344,238.1330978393555,235.98967435527595,236.38100636061282,79981400
2018-11-27,238.71121215820312,238.71121215820312,236.27430304857938,236.87907905299704,75502400
2018-11-28,244.2076873779297,244.2076873779297,238.6490227965606,239.7785608103216,127629600
2018-11-29,243.67396545410156,245.07028072822635,242.29540098548318,243.43381388358048,82346400
2018-11-30,245.1591796875,245.71949705985386,243.20254729767166,243.5227131436456,98204200
2018-12-03,248.40550231933594,249.38383236101384,246.81352089987206,249.27711038226846,103176300
2018-12-04,240.3565673828125,248.00529243928708,240.04527685328782,247.57837738663264,177986000
2018-12-06,239.991943359375,240.1075678957514,233.41049160957218,236.50556502661695,204185400
2018-12-07,234.41551208496094,241.21931064647666,233.57948693968595,239.65398235031736,161018900
2018-12-10,234.86016845703125,235.82959594381217,230.01300388121976,234.23758739782187,151445900
2018-12-11,234.91355895996094,238.23985434553188,233.44607729820376,238.0530908610672,121504400
2018-12-12,236.096435546875,239.24487006116965,236.01639405183923,237.8841103617398,97976700
2018-12-13,236.01632690429688,237.90182062936057,234.90459455301848,237.0391152390924,96662700
2018-12-14,231.6584014892578,234.82461387404103,231.10698644297347,233.87296422091924,116961100
2018-12-17,227.11363220214844,231.8184786411639,225.48605403096258,230.70674603004963,165492300
2018-12-18,226.8645477294922,229.41709438642735,225.2636504607239,228.7500549886865,134515100
2018-12-19,223.46710205078125,230.70670291867975,221.76838525235763,226.9446042655469,214992800
2018-12-20,219.82955932617188,223.78732473209402,217.58830256839778,222.22201009148066,252053400
2018-12-21,215.32534790039062,223.38552036390047,214.68124937399995,220.72861735508985,255345600
2018-12-24,209.63580322265625,215.45057126158082,209.57318974188104,213.84032507460728,147311600
2018-12-26,220.2276611328125,220.2276611328125,209.11698102314602,211.0940084996387,218485400
2018-12-27,221.91845703125,222.11525206408402,213.76883305691481,216.998267255641,186267300
2018-12-28,221.6321258544922,224.89733637571823,220.46916948727355,223.26920838177477,153100200
2018-12-31,223.5733642578125,223.81490460672552,221.38164665156634,223.25131500932955,144299400
2019-01-02,223.8059539794922,224.72738367473102,220.02188548142522,220.0487217817502,126925200
2019-01-03,218.46530151367188,222.36566931905944,217.98222086036947,222.06150186504593,144140700
2019-01-04,225.78297424316406,226.42707273146465,221.11326702808634,221.48898887122783,142628800
2019-01-07,227.56324768066406,228.96773107709546,225.1568254773257,226.05140541015294,103139100
2019-01-08,229.7012481689453,230.18432891084558,227.2232719214142,229.74599353972656,102512600
2019-01-09,230.77474975585938,231.61565694335764,229.18239882003667,230.40796876553281,95006600
2019-01-10,231.5888214111328,231.83930266140655,228.56513733970846,229.24502671919808,96823900
2019-01-11,231.6782684326172,231.70510473251588,229.93382703798264,230.51529840272522,73858100
2019-01-14,230.26480102539062,231.06991726630778,229.37917589042223,229.78172036067835,70908200
2019-01-15,232.90383911132812,233.2169474781809,230.6315989437874,230.64055347725395,85208300
2019-01-16,233.4674072265625,234.35303234522823,233.12746259100066,233.33319843854275,77636700
2019-01-17,235.23866271972656,236.09747886046176,232.55492370584037,232.59966906964814,96118400
2019-01-18,238.36973571777344,238.83493470526588,235.2744971259349,237.0457750313044,127900300
2019-01-22,235.14923095703125,237.11731741906,233.53899825203223,236.90262700516908,115531200
2019-01-23,235.6412811279297,236.87580568670793,233.181186544988,236.17803449701725,86030300
2019-01-24,235.76654052734375,236.3480393490482,234.45150687745263,235.46238661313677,59204100
2019-01-25,237.76138305664062,238.5844083633359,235.86487852864417,237.60929250091039,96883400
2019-01-28,235.95437622070312,236.01697605824288,234.19205292689497,235.62338606355894,85613700
2019-01-29,235.6412811279297,236.66108795882667,234.80932842106972,236.09752558671568,66136300
2019-01-30,239.37164306640625,240.2125502350187,236.3927044417232,237.15310270700996,92473700
2019-01-31,241.47389221191406,241.9569728947139,239.09430693048517,239.3090246230662,104012100
2019-02-01,241.59017944335938,242.61001335424547,240.80294497890085,241.67068833626018,85782500
2019-02-04,243.28990173339844,243.35252886814231,240.96398891789138,241.63492373195646,60744800
2019-02-05,244.3096923828125,244.61384616847684,243.2183041870039,243.7192665752043,79552800
2019-02-06,243.98760986328125,244.52436303605344,243.2540754042397,244.0323552195792,58347800
2019-02-07,241.66180419921875,242.9231377133348,240.00682608227083,242.37745713067275,95482000
2019-02-08,241.95700073242188,242.0553914066869,239.59529694515285,240.4183223771915,75788900
2019-02-11,242.09117126464844,242.86945129093857,241.56337248015748,242.61004281578042,68021400
2019-02-12,245.20437622070312,245.58008452137835,243.62990673105475,243.70148841717378,72270200
2019-02-13,246.00050354003906,246.8414107807634,245.61584075769358,246.03629437805574,65277200
2019-02-14,245.45481872558594,246.58199805028215,244.1039944428411,244.91806536618728,83234400
2019-02-15,248.12960815429688,248.1653989923437,247.02033787853892,247.22607377138476,97088700
2019-02-19,248.55899047851562,249.21201622764568,247.32446604809505,247.33342058177877,59120800
2019-02-20,249.05990600585938,249.51615033119904,248.02219040925297,248.5231527937661,76610800
2019-02-21,248.17434692382812,248.782654652387,247.21713995951922,248.42482818267058,64214700
2019-02-22,249.7130126953125,249.90979403836442,248.1564253150696,248.79156931425143,78114600
2019-02-25,250.0529327392578,251.6542382053372,249.97242383431418,251.13539394000878,69030700
2019-02-26,249.8740234375,250.7506941241526,249.49828792864352,249.7040511002087,56844100
2019-02-27,249.76666259765625,250.1155344836595,248.22798442510532,249.15832765471785,56921600
2019-02-28,249.30142211914062,249.99026584400565,248.9793865857502,249.5519033008003,69268300
2019-03-01,250.8580322265625,251.26953121285604,249.42669935637187,250.87591399104352,78880500
2019-03-04,249.94561767578125,252.15523111262803,247.6554953242816,251.91370436866936,106494600
2019-03-05,249.60557556152344,250.26758299106885,249.05989514164,250.07077439856636,59114600
2019-03-06,248.09384155273438,249.73093812327843,247.77180588008423,249.72198358778937,75039800
2019-03-07,246.0183868408203,247.78963728117097,245.17747968817417,247.646501244507,94885100
2019-03-08,245.52638244628906,245.69635480490905,243.7014591754392,244.16663087774018,85795800
2019-03-11,249.0867919921875,249.24780979781647,246.21519859017263,246.24203489111082,65098900
2019-03-12,250.02606201171875,250.54493350601277,249.45354522192397,249.6413993075936,79667500
2019-03-13,251.6810760498047,252.61144667998187,250.7507054196275,250.91175053091055,80639200
2019-03-14,251.52011108398438,252.1284189198113,251.08177562881707,251.7079652361397,67518400
2019-03-15,252.76271057128906,253.5713732521297,251.88215092021466,252.07085990158336,81309000
2019-03-18,253.67921447753906,253.97574152070632,252.75373970095887,252.97836976731972,62199800
2019-03-19,253.74208068847656,255.50317247562955,252.85255452926685,254.73945229726,90268100
2019-03-20,252.97830200195312,254.7304270184905,251.87313992072177,253.52641347579527,84609200
2019-03-21,255.8356475830078,256.239965190846,252.11576106694608,252.1607035260337,79550400
2019-03-22,250.91171264648438,254.99996772134344,250.8488096648639,254.47883818093473,122659300
2019-03-25,250.72311401367188,251.75640688205587,249.4651910686538,250.5703534964687,85575200
2019-03-26,252.5919952392578,253.5444244613853,251.1903059153472,252.47518322548854,68125900
2019-03-27,251.27117919921875,253.16707116109836,249.7257232922533,252.58301106957472,72224700
2019-03-28,252.2236328125,252.67289297510604,250.75007373789757,251.90017865734248,56238500
2019-03-29,253.8140106201172,254.1374647488732,252.60999677308874,253.7331470879282,82186800
2019-04-01,256.82391357421875,257.1204404767193,255.53903678511477,255.8086091892652,77617900
2019-04-02,256.9498291015625,257.1834531340026,256.1591269185293,257.0127320980904,40070400
2019-04-03,257.3541259765625,258.55813955865335,256.75210547518907,258.16278854117206,68243200
2019-04-04,258.0370178222656,258.2886023749723,256.98576457085767,257.67761523563604,48997500
2019-04-05,259.28594970703125,259.3398587189356,258.41438412036786,258.70191713096256,58621700
2019-04-08,259.4836120605469,259.59143007888594,258.20770152867095,258.86363103444137,53566300
2019-04-09,258.15374755859375,258.84559800287843,257.6056635872743,258.522144004195,66142300
2019-04-10,259.0343933105469,259.1242508136989,258.1538336527132,258.5671452624204,52601500
2019-04-11,258.9625549316406,259.5286271668496,258.39648269643163,259.51963318830144,55093100
2019-04-12,260.7146301269531,260.99316920128797,259.0074471943866,260.5708636013834,69727800
2019-04-15,260.54388427734375,260.8853263154702,259.74418819639936,260.78647484201645,49596700
2019-04-16,260.7146301269531,261.4783777975032,260.12160349172586,261.42446877799716,52153200
2019-04-17,260.07666015625,261.8557124477344,259.6633211574548,261.8287579409137,58268300
2019-04-18,260.5888366699219,260.85840920108075,259.3668622747877,260.6607336464958,68708500
2019-04-22,260.8134460449219,260.96620654252615,259.73523826780877,259.8250957710666,40160100
2019-04-23,263.1585693359375,263.3921933348262,260.94821758401093,261.1818141622424,52246600
2019-04-24,262.5745544433594,263.410171605521,262.43078792825753,263.0777235358863,50392900
2019-04-25,262.4128723144531,263.0688020790497,261.2268462240683,262.47577532352403,57770900
2019-04-26,263.63482666015625,263.70669621419734,261.68502567610466,262.45776734051964,50916400
2019-04-29,264.0481262207031,264.56928329115584,263.634814607374,263.72467211131345,57197700
2019-04-30,264.182861328125,264.47039433172,262.29599111609195,263.706646787458,81111700
2019-05-01,262.1971740722656,265.0185406267152,262.18818009576734,264.8118711118755,71671900
2019-05-02,261.6310729980469,262.99684108288136,260.1395263594633,262.0803330426567,65030200
2019-05-03,264.19183349609375,264.47037250137964,261.7388640340087,263.10463197802125,56543700
2019-05-06,263.10467529296875,263.54494138916215,259.58246426144535,259.8969517961515,107198100
2019-05-07,258.7109375,261.2986802923113,256.80607889473276,260.7056536173514,144729900
2019-05-08,258.3514709472656,260.0586535717971,257.7584444190409,258.3514709472656,91568300
2019-05-09,257.56976318359375,258.17175626704255,254.55072152918922,256.2848860812778,103471100
2019-05-10,258.8636169433594,259.61837045130414,253.65218450185358,256.6352774765789,112429300
2019-05-13,252.3583221435547,254.72143420675988,251.52270509767263,253.7600386155782,127290500
2019-05-14,254.64051818847656,256.1680128908346,253.24782339917624,253.3736019185407,77003200
2019-05-15,256.1322326660156,256.7701744962283,252.8076960926803,253.01436566389512,73956400
2019-05-16,258.5042724609375,259.86101931664007,256.7611410796038,256.8330106305001,76749600
2019-05-17,256.8329772949219,259.312901499198,256.1860417381828,256.2040296890674,100353000
2019-05-20,255.1348114013672,256.9408182840054,254.3890243100717,255.23363545743854,62877600
2019-05-21,257.4349670410156,257.81233007528556,256.5723681213772,256.82395261777503,46847100
2019-05-22,256.6443176269531,257.59674680267347,256.16810303909295,256.48259057914987,49482500
2019-05-23,253.5084686279297,254.46986427419012,252.09778552084444,254.42494923843603,98733800
2019-05-24,254.08352661132812,255.35943728786714,253.46354551492902,254.94609827649518,55268100
2019-05-28,251.72044372558594,255.31452474232293,251.7024831919406,254.3620954665406,70029400
2019-05-29,250.03121948242188,251.01060326203879,248.62953008951493,250.60628560292824,104972900
2019-05-30,250.714111328125,251.62162558081897,249.61791549539754,250.7859808850597,62523800
2019-05-31,247.33563232421875,248.99790008924552,247.30867781649005,248.1712769051262,86862800
2019-06-03,246.7067108154297,248.4857633553792,245.3768909783469,247.37160702364017,96428000
2019-06-04,252.06187438964844,252.1966469375377,248.54865706447725,248.99791717121533,77231900
2019-06-05,254.24522399902344,254.27217850352002,251.8731453413565,253.6791519839394,71169700
2019-06-06,255.89846801757812,256.5723579727726,253.89478610001754,254.5417215538303,69430400
2019-06-07,258.4593200683594,259.53755523499956,256.74314326213107,256.9138642871934,74272200
2019-06-10,259.6454162597656,261.30768432496717,259.55555874422373,260.00481890126935,60799100
2019-06-11,259.5824279785156,261.8287280257867,258.9354924680753,261.46033152755564,58641300
2019-06-12,259.1242370605469,259.9059451972257,258.61207399835774,259.3488670961745,47096300
2019-06-13,260.19342041015625,260.55285036170267,259.33084885188674,260.0316933843536,48945200
2019-06-14,259.9059143066406,260.50790737500523,259.14216679214854,259.9059143066406,52324700
2019-06-17,260.0047302246094,260.7684777152376,259.83400922950466,260.13950274162505,39205700
2019-06-18,262.727294921875,263.778575596661,261.4603781786856,261.81980818690425,85434800
2019-06-19,263.3202209472656,263.85034436003326,261.89157769848856,262.86196705629305,78674400
2019-06-20,265.8360900878906,266.24043501972335,263.3831482581043,265.9978445130148,116570000
2019-06-21,265.4497375488281,266.82212083031214,265.2330527028107,265.5671176917623,83309500
2019-06-24,265.12469482421875,265.97338627298683,264.9711913645555,265.6573967423069,47582700
2019-06-25,262.5244445800781,265.2060304057759,262.4161021312064,265.17894479355795,82028700
2019-06-26,262.2625427246094,263.92385754593755,262.1542002988309,263.41824118962137,51584900
2019-06-27,263.1925048828125,263.69812121274236,262.6417550625053,263.02095353294095,40355200
2019-06-28,264.5469055175781,265.04348425035056,263.65305277697564,264.1676793995476,59350900
2019-07-01,266.9484558105469,268.0861060069671,265.747596702322,267.8693936742107,78705600
2019-07-02,267.6436767578125,267.697847953627,266.0636192538525,266.9033003429931,61504500
2019-07-03,269.78363037109375,269.80170581299336,268.1764866215848,268.32095238664516,40898900
2019-07-05,269.4766540527344,269.63919526156394,267.26458916274504,268.5557157881623,51677300
2019-07-08,267.99591064453125,269.2960749060107,267.45417094324387,268.1674620091727,45841800
2019-07-09,268.3299865722656,268.6279282653834,266.7860517816925,266.840222998623,41101300
2019-07-10,269.612060546875,270.56011189882554,268.8626737180611,269.39537569112645,58448500
2019-07-11,270.2440490722656,270.48781949375126,269.2418542299152,270.2530867910683,50826100
2019-07-12,271.4539489746094,271.5261956250817,270.42466841458145,270.73164779402924,40326000
2019-07-15,271.544189453125,271.8872920895059,271.0385732165695,271.8872920895059,33900000
2019-07-16,270.66839599609375,271.6615806276131,270.3614166652641,271.4539059829256,36650100
2019-07-17,268.8265380859375,270.80386996621183,268.8265380859375,270.64135633183906,36036300
2019-07-18,269.8106994628906,270.1899255172124,267.88756624619475,268.32997368121545,51392600
2019-07-19,268.3119201660156,270.9302965017042,268.1403688062337,270.90321089510843,58678600
2019-07-22,268.9709777832031,269.5127173993327,268.19450545816716,268.7091319171699,43638100
2019-07-23,270.8941650390625,270.8941650390625,269.259935864137,270.090607031503,44564500
2019-07-24,272.167236328125,272.167236328125,270.04543875193104,270.13573328679485,47213200
2019-07-25,270.8670349121094,271.76992502848304,270.0634494826073,271.7157538258222,55394100
2019-07-26,272.6819152832031,272.8805522564363,271.42688450822385,271.55330237938404,45084100
2019-07-29,272.18524169921875,272.68184778639005,271.63449196441434,272.5644676648038,38126500
2019-07-30,271.51715087890625,271.9234625037329,270.4065859773304,270.7858119974368,45849000
2019-07-31,268.5467529296875,271.95066823254774,266.5333244634056,271.76104136172233,104245200
2019-08-01,266.2081604003906,271.65258755474997,265.4136125645929,268.70014633011544,142646600
2019-08-02,264.2037353515625,265.55807069993347,262.6507630499362,265.31430025667504,116749700
2019-08-05,256.25836181640625,260.22203637331984,254.36228645172406,260.1136939331715,178745400
2019-08-06,259.8517761230469,260.0684884974278,256.67361269034296,258.1453280546701,120711700
2019-08-07,260.0052490234375,260.7727110773986,254.65111763531422,256.78192492921147,140572300
2019-08-08,265.1065368652344,265.1065368652344,260.9442275134328,261.4949771448628,87713900
2019-08-09,263.30084228515625,264.76352003700896,261.5221474446139,264.1676091836573,93730000
2019-08-12,260.0955810546875,263.29179245654484,259.1475298322207,261.80202916869314,65527600
2019-08-13,264.1405334472656,265.58516336808646,259.4545308129541,259.79763351897674,94299800
2019-08-14,256.3305358886719,260.70052138237736,256.204145582048,260.0956003464888,135622100
2019-08-15,257.00775146484375,257.9016317136364,254.96723786093705,257.2154261800236,99556600
2019-08-16,260.7998962402344,261.23326599547846,257.0619167770849,258.660050411632,83018300
2019-08-19,263.94189453125,264.6190622184229,263.13833653723043,263.81550422440336,53571800
2019-08-20,261.9193420410156,263.9688923061297,261.7929517762229,263.43619054261586,51596400
2019-08-21,264.0502624511719,264.4204232030708,263.39114265467236,264.077348056287,49524700
2019-08-22,263.968994140625,265.3865385206094,262.1993368727227,264.75453184479977,51666400
2019-08-23,257.18829345703125,264.33015864750445,255.94230050225514,262.6688438924776,149161500
2019-08-26,260.03240966796875,260.03240966796875,257.84740299073746,259.37328982123614,72423800
2019-08-27,259.0120849609375,261.7930019677156,258.2536605647307,261.42281371111113,66668900
2019-08-28,260.8359680175781,260.99848164367427,257.5494344017355,258.3530199208042,59696700
2019-08-29,264.16754150390625,264.69123312905583,262.38884711906564,263.39106933739487,57899400
2019-08-30,264.0502624511719,265.66641614641384,263.12028660352104,265.64836826101157,62901200
2019-09-03,262.50634765625,263.2647722903244,261.1790976581127,262.3528717175835,69101400
2019-09-04,265.4858093261719,265.5038572084943,263.92379955368773,264.6732137573608,46887300
2019-09-05,268.8987121582031,269.81061234095563,265.44966567154756,267.9687365404941,83258100
2019-09-06,269.1064147949219,269.7474866798832,268.53761711069353,269.21478476498777,49584300
2019-09-09,269.2418518066406,270.1808377169626,268.3028383422982,270.09057074583126,51260300
2019-09-10,269.1785888671875,269.24179777751164,267.2283432421519,268.483345961652,57947100
2019-09-11,271.0927734375,271.17403024628595,268.8355480133743,269.48563003768334,68821100
2019-09-12,272.0318298339844,273.0881960688336,271.23728195073244,271.99570650637503,72908700
2019-09-13,271.8511962890625,272.82633309685326,271.4810080151809,272.47419270681183,62104800
2019-09-16,271.0116271972656,271.8964698439727,270.37058263040365,270.72269561213284,58191200
2019-09-17,271.69775390625,271.7880208906066,270.64136015983695,270.8129115165538,41475500
2019-09-18,271.86016845703125,271.9685108419909,269.27788888143056,271.3093912614671,73375800
2019-09-19,271.8421325683594,273.2416287217111,271.5080676481326,272.24844412507855,76560500
2019-09-20,270.5577697753906,272.7256557739762,269.7686322549902,272.44444179650503,89565000
2019-09-23,270.49420166015625,271.2107864050894,269.64156352852916,269.89553907744414,43476800
2019-09-24,268.3717346191406,271.9727625422939,267.4102536031992,271.582733535712,94869400
2019-09-25,269.9591369628906,270.40358741300247,266.97490242905855,268.45341435241266,71854000
2019-09-26,269.39678955078125,270.1768477756016,267.99085778219984,269.9682417151954,56179700
2019-09-27,267.9454650878906,270.2584842358922,266.394400547626,270.1496138053091,84746600
2019-09-30,269.1881103515625,269.8956158448682,268.4171317139182,268.4624736286267,51662400
2019-10-01,265.9862060546875,270.7210593029976,265.7685205613803,270.06797514180766,88242400
2019-10-02,261.2876281738281,264.4169953695027,259.9996188362365,264.4079159140389,122539500
2019-10-03,263.4283142089844,263.4555248952082,258.3487738908161,261.0608737824399,85278800
2019-10-04,266.9930114746094,267.2469870674191,264.026908725754,264.0813577711008,65091200
2019-10-07,265.841064453125,267.81847578384463,265.55987813972894,266.19483104942367,59610500
2019-10-08,261.71405029296875,264.72549647707336,261.6777601381075,263.9907800084778,95708100
2019-10-09,264.19927978515625,265.13355020756165,263.10174525349936,263.72761868689645,62359400
2019-10-10,265.9862060546875,266.8660551651619,263.9544009671046,264.1176650870851,55296300
2019-10-11,268.7436828613281,270.9750422719158,268.6167088805522,268.7346034051052,98720400
2019-10-14,268.44439697265625,269.0974812285745,268.09970977074494,268.4262380580679,40394800
2019-10-15,271.1020202636719,271.8458158960156,269.36953283376874,269.4874550292948,46754500
2019-10-16,270.6666259765625,271.3560002499491,270.23125500917473,270.63941529110076,48928200
2019-10-17,271.4648132324219,272.3355827530061,270.77543903460804,271.82763155922663,45736600
2019-10-18,270.276611328125,271.5737002063706,269.4239728965291,270.9296954952778,64304000
2019-10-21,272.1087646484375,272.3083188413621,271.1563632665866,271.59176178240165,39048600
2019-10-22,271.2199401855469,272.9342686902184,271.1292286758053,272.6440029315517,48594700
2019-10-23,272.00909423828125,272.0635156111766,270.7573472991516,270.9659810160959,34352200
2019-10-24,272.45355224609375,273.08850518920275,271.62812449255955,272.9433722970273,35453100
2019-10-25,273.56915283203125,274.1133940724524,271.8275863989353,271.8820077548515,45205400
2019-10-28,275.1111755371094,275.61007494387354,274.7574366745982,274.7846473563298,42147000
2019-10-29,275.02960205078125,275.95482078917917,274.7121255754735,274.83912723810425,44284900
2019-10-30,275.8731994628906,276.24506964645207,273.92299861636155,275.22916703094626,49643900
2019-10-31,275.13848876953125,275.8641533549526,273.6872149612356,275.8641533549526,69053800
2019-11-01,277.6872253417969,277.73256724702406,276.41731982030456,276.5806115778964,71141500
2019-11-04,278.8030090332031,279.3744612238009,278.4311111364447,279.2384077691996,60606900
2019-11-05,278.49456787109375,279.30186437599883,278.2043020930648,279.00251914201027,42933200
2019-11-06,278.5579833984375,278.83009018122067,277.6146337493563,278.4944825887015,46487100
2019-11-07,279.5376892089844,280.87106825413883,279.06602806695554,279.89145582645773,54272300
2019-11-08,280.22711181640625,280.2815332005841,278.49462393668216,279.1930501544801,49032100
2019-11-11,279.6918640136719,279.8642075711623,278.71222403622494,278.8483051362286,35797300
2019-11-12,280.2814025878906,281.17938268963474,279.5103964296329,280.05463769906544,46484600
2019-11-13,280.37213134765625,280.7712397910703,279.0659632930762,279.2927281958677,53917700
2019-11-14,280.7802734375,280.86193315674427,279.4559742414444,280.09092700077474,51219900
2019-11-15,282.8122253417969,282.85756726611123,281.4244247462533,282.1137714747029,62023600
2019-11-18,283.020751953125,283.25659632840035,282.1227717261377,282.5763015670428,49228000
2019-11-19,282.9391784667969,283.6285528256652,282.2951737101685,283.61947336896316,67804700
2019-11-20,281.886962890625,282.86660297199927,280.3358983899287,282.34957224467774,79406200
2019-11-21,281.4334411621094,282.10468425402297,280.6352517705745,281.9958415043259,54664700
2019-11-22,282.0592956542969,282.31327128023827,281.05247260615073,282.1772178522817,44850200
2019-11-25,284.2452697753906,284.2452697753906,282.9844712930347,282.9844712930347,48647200
2019-11-26,284.88934326171875,285.0707663027961,283.96415218727157,284.28162866852205,37569000
2019-11-27,286.1591796875,286.1591796875,285.1523291122122,285.3700145636202,44444600
2019-11-29,285.0980224609375,285.84181829420453,284.87125746405906,285.59689438156045,36592700
2019-12-02,282.6761474609375,285.41545826710006,282.24982822038623,285.3519574335292,75767800
2019-12-03,280.7802734375,280.86193315674427,278.58520482169314,279.9639253764044,73941700
2019-12-04,282.5129089355469,283.1115718765543,281.47887489655255,281.8235621366424,49080000
2019-12-05,283.020751953125,283.2293856451966,281.7145837968173,283.21125441681573,40709000
2019-12-06,285.6059265136719,286.0050350565463,284.9165521793852,284.9256316357635,48927000
2019-12-09,284.7078857421875,285.887052207936,284.63530546909504,285.21583692878045,34838500
2019-12-10,284.3905029296875,285.31569410664116,283.73741866322825,284.6535580640139,52649800
2019-12-11,285.19781494140625,285.45179063198384,284.3088861837475,284.8440482574191,53429100
2019-12-12,287.65594482421875,288.43600314424464,284.97105495075266,285.20687172961357,96389600
2019-12-13,287.82818603515625,289.05272214678655,286.64899183529326,287.4199981041912,81503900
2019-12-16,289.8055725097656,290.3951557751756,287.76468819631657,289.55159690245364,82749700
2019-12-17,289.869140625,290.4859347171941,289.787508555263,290.18661712815833,61097700
2019-12-18,289.8873291015625,290.48599207912287,289.8329077109913,290.2592270579838,48133000
2019-12-19,291.075439453125,291.14801972745664,289.8236926929126,290.07766829054526,85310500
2019-12-20,292.3515625,293.48183740439526,291.13013011229833,292.10543451333706,147142100
2019-12-23,292.7982177734375,293.19016437902224,292.6523713537724,293.1354754488179,52990000
2019-12-24,292.807373046875,293.0716936318886,292.50655608135855,293.02612879098643,20270000
2019-12-26,294.3661193847656,294.37524348162793,293.18115512214473,293.19025140163853,30911200
2019-12-27,294.2931213378906,295.149951744562,293.7644523592922,295.0952628094436,42528800
2019-12-30,292.6706848144531,294.5119721081925,292.18758056574677,294.37524973919426,49729100
2019-12-31,293.381591796875,293.6277198137139,291.82290156546304,292.1692833540794,57077300
2020-01-02,296.1252746582031,296.1435228475682,293.9923228046252,294.91296621198353,59151200
2020-01-03,293.88299560546875,295.0041745676097,292.68890732538284,292.74359626818324,77709700
2020-01-06,295.0041198730469,295.08615327203825,292.0143098616565,292.1328118215423,55653900
2020-01-07,294.174560546875,294.912888770876,293.727897285147,294.4388810496426,40496400
2020-01-08,295.7425231933594,296.9548319309042,294.1200195395933,294.3661197989049,68296000
2020-01-09,297.7477722167969,297.820709338136,296.71775096243204,297.3011366636997,48473300
2020-01-10,296.8910217285156,298.4861809242892,296.42616567870095,298.3312381801406,53029300
2020-01-13,298.93280029296875,298.9418965712198,297.0824170116794,297.5108322451486,47086800
2020-01-14,298.47698974609375,299.5434516916106,297.9209485381816,298.4952101168568,62832800
2020-01-15,299.1515197753906,299.9080685509151,298.3038135068561,298.38584690535674,72056600
2020-01-16,301.6399841308594,301.6399841308594,300.30004962435345,300.52792945323296,54050300
2020-01-17,302.578857421875,302.7884890679203,301.5761805798231,302.35097758583424,95846000
2020-01-21,301.98638916015625,302.78853074420584,301.5488776178504,301.62178693577914,77742400
2020-01-22,302.0228576660156,303.4904184768439,301.8679149339362,302.8432196250379,48914900
2020-01-23,302.3692626953125,302.7794576149532,300.2636547848771,301.37570973553994,51963000
2020-01-24,299.6802978515625,303.107620551751,298.39505183899183,303.025587123379,87578400
2020-01-27,294.87640380859375,296.3530601744167,294.1107311676986,294.44798875528124,84062500
2020-01-28,297.9665832519531,298.84163406721996,294.9676767051918,296.298487210109,63834000
2020-01-29,297.7204895019531,299.55265256689614,297.5199541027187,299.3247726958283,53888900
2020-01-30,298.68658447265625,298.89624388865093,294.9129097062482,295.6603342582397,75491800
2020-01-31,293.26318359375,298.221851981053,292.35166407869235,298.0668814238513,113845600
2020-02-03,295.4416809082031,297.3011883827756,294.62131896327486,294.7398209430448,69083000
2020-02-04,299.944580078125,300.8105346597248,298.7231473854342,299.0421847479902,62573200
2020-02-05,303.40826416015625,303.61792358805616,301.41206272649225,302.8704711762649,65951100
2020-02-06,304.42926025390625,304.62067153969036,303.35364621707834,304.3654472195234,50359700
2020-02-07,302.80670166015625,304.4383010658972,302.2597845544811,303.37183913632214,64139400
2020-02-10,305.0673522949219,305.13116533874893,301.88615800893024,301.9226265793127,42070000
2020-02-11,305.5959777832031,307.2002328793031,305.0672809970112,306.41633961218275,54864500
2020-02-12,307.56488037109375,307.77451202465284,306.66245727222037,307.02705945948134,43992700
2020-02-13,307.2366638183594,308.2028719590965,305.86938499837,306.14282963542433,54501900
2020-02-14,307.72894287109375,307.8474448392001,306.4528213248784,307.64690946641167,64582200
2020-02-18,306.9359130859375,307.79274347896046,305.550385905375,306.7353777212436,57226200
2020-02-19,308.4034423828125,309.07795777585227,307.61954912250815,307.90211788539574,48814700
2020-02-20,307.1365051269531,308.6769752996938,304.1558185736376,307.8565854998732,74163400
2020-02-21,303.97344970703125,306.0972773213097,303.153060127596,305.7873641141862,113788200
2020-02-24,293.89202880859375,304.04633809698913,292.81641502565685,294.54832373659,161088400
2020-02-25,284.9865417480469,295.8883062471929,284.11149089171784,295.2776038121276,218913200
2020-02-26,283.9383544921875,289.96348567658595,283.20914994146716,286.3812203362082,194773800
2020-02-27,271.18609619140625,283.99293030133657,271.18609619140625,278.43265741082325,284353500
2020-02-28,270.0468444824219,271.53262609514337,260.2753518507002,263.155757539543,384975800
2020-03-02,281.7414855957031,281.80529862026447,268.40595433040124,271.8241515658398,238703600
2020-03-03,273.674560546875,286.0712292614889,271.2408194618374,282.1152386233994,300139100
2020-03-04,285.177978515625,285.39676211227726,276.4911987598748,279.03434596352906,176613400
2020-03-05,275.69818115234375,281.17642226819964,273.4649750598973,277.99522810355086,186366800
2020-03-06,271.140625,272.34383760396224,264.55035578952464,267.2119775672172,228667200
2020-03-09,249.96585083007812,259.04457175261433,249.25486716416899,250.94115496210367,309417300
2020-03-10,262.90045166015625,262.9915813511426,249.30056924454237,259.4549092564181,276444100
2020-03-11,250.08447265625,256.9938059331485,246.91240265024598,255.863530672836,255316300
2020-03-12,226.15704345703125,243.0657284595874,225.76508294392715,233.34892983989002,392220700
2020-03-13,245.4903564453125,247.45924124597292,226.53075439431242,239.8115818422406,329566100
2020-03-16,218.6278839111328,234.1692750182009,216.35819611440786,219.84019219766736,297240000
2020-03-17,230.43211364746094,233.5039435706242,216.0939169725968,223.35871400097514,262070500
2020-03-18,218.7646484375,226.39406110097966,207.8446502974257,215.34645080566406,327597100
2020-03-19,219.2295379638672,225.4916860447425,211.67304784141282,218.0810284637233,289322000
2020-03-20,209.781982421875,224.14947908525951,209.50691583930976,222.3707310405341,347158800
2020-03-23,204.4182586669922,210.58885308857097,200.1180920586079,209.22271174158334,326025200
2020-03-24,222.93922424316406,223.81027088011052,214.36641010403872,214.9348708645978,235494500
2020-03-25,226.27659606933594,235.04197237123705,219.8217731005206,224.51618980511356,299430300
2020-03-26,239.48886108398438,240.95584543670577,228.34877027705872,228.77970462542717,257632800
2020-03-27,232.3555450439453,239.13128235143066,230.18254563117415,232.21801874837786,224341200
2020-03-30,239.90150451660156,240.6166693743866,232.45644779685475,234.44607454125364,171369500
2020-03-31,236.32566833496094,241.44184313996882,234.92284395447982,238.90209724302795,194881100
2020-04-01,225.6898193359375,236.2431083425227,223.62684104588152,227.36771002403904,189554600
2020-04-02,230.89773559570312,231.67707467324524,224.25952385795503,224.8096570813122,177660400
2020-04-03,227.56028747558594,232.26388300481995,224.83715469449982,229.91666012342145,135561200
2020-04-06,242.84471130371094,244.80684702910452,227.54200291744624,236.40822674709685,188061200
2020-04-07,243.09222412109375,252.16932399949252,242.87218203318542,251.41747622455648,201427200
2020-04-08,251.25241088867188,253.05866406664575,243.20221247709344,245.68694732221695,153774500
2020-04-09,255.0758514404297,257.8264895451894,252.57276069196072,254.50736272812495,189999200
2020-04-13,252.74685668945312,254.44308835639097,248.85012112150744,254.10384761918846,114839100
2020-04-14,260.2012023925781,261.21892505517496,252.60944238232008,257.6247736197147,134143400
2020-04-15,254.67242431640625,260.3387321420968,252.5635849639978,254.49821499657006,121775000
2020-04-16,255.901123046875,256.7538144297248,252.83874828819563,255.94695583827448,131798300
2020-04-17,262.814208984375,263.41932449884234,258.9266230122328,261.65893249490273,146684800
2020-04-20,258.18402099609375,262.95180422099605,257.9639789331066,259.1192277447229,100109300
2020-04-21,250.34471130371094,254.9291074264228,249.40947658688037,253.72799788074695,126385700
2020-04-22,255.901123046875,257.64318883426245,253.893154318908,255.2134632901999,92951600
2020-04-23,255.8827667236328,260.33881648266646,255.58020874328437,257.175570419743,104709700
2020-04-24,259.4493408203125,260.1186727932332,255.35088916404356,257.39554010912246,85063200
2020-04-27,263.190185546875,264.3087793852271,260.96217561684955,261.420615255831,77896600
2020-04-28,261.97998046875,267.17867138306195,261.67739457497856,266.8302527082662,105270000
2020-04-29,268.83819580078125,270.36939668055743,266.2709447231819,267.29784515422165,118745600
2020-04-30,266.335205078125,268.9391398704189,264.6022891460337,267.4629491155694,122901700
2020-05-01,259.2843017578125,266.5001372793607,258.1198471539412,261.5948274910563,125180000
2020-05-04,259.9995422363281,260.3021001779905,255.92859477193736,257.4047574252565,80873200
2020-05-05,262.4017028808594,265.20735144767355,260.1278320243504,262.81430977989436,79569900
2020-05-06,260.62286376953125,264.4829166436481,260.19192950703405,264.097843121118,73632600
2020-05-07,263.7679138183594,265.6933665541511,263.2636412360793,263.8321021051062,75250400
2020-05-08,268.1322021484375,268.5998195757135,265.7666377314456,266.8944094168429,76452400
2020-05-11,268.18719482421875,269.56251377203523,265.7849755389823,266.2067321816507,79514200
2020-05-12,262.84185791015625,269.7826144420416,262.7043036007516,269.37003545665283,95870800
2020-05-13,258.19329833984375,263.31865189419375,255.7727227895186,262.2825734797414,144721100
2020-05-14,261.2830810546875,261.41142959963264,250.29885756390482,255.76347804149395,121977900
2020-05-15,262.4842834472656,262.5301162336093,257.9548961111286,258.899280953549,111146300
2020-05-18,270.4794616699219,272.0840008493197,268.37064994080464,268.6915353919301,119703800
2020-05-19,267.7012634277344,271.58882289589167,267.6829359139752,269.88344074536735,95189300
2020-05-20,272.2490234375,273.11089240666524,271.0020807473539,271.2313006225374,85861700
2020-05-21,270.36944580078125,272.9275475763484,269.27835689934,272.12068909653203,78293900
2020-05-22,270.8828430175781,271.0570523361643,268.8473696991475,270.08516244349306,63958200
2020-05-26,274.2203063964844,277.0718161691973,270.90120710948116,276.83341854716673,88951400
2020-05-27,278.30047607421875,278.3371590944921,272.1940543126953,277.00767242380675,104817400
2020-05-28,277.7870178222656,281.335337452126,277.1176856307862,279.32736885863295,90405200
2020-05-29,279.0248107910156,279.61159919376445,274.57793906783326,277.3194001592318,119090800
2020-06-01,280.1524963378906,280.7576401144218,277.8694755298853,278.38292576798335,55758300
2020-06-02,282.4720764160156,282.51793715561183,279.7397948418293,281.0692526334309,74267200
2020-06-03,286.2313232421875,287.1848853825561,284.1775229222528,284.45257547191164,92567600
2020-06-04,285.47955322265625,286.9832488519643,283.38906933428206,285.2503333753304,75794400
2020-06-05,292.7962341308594,294.56580447547407,290.79744395981476,290.86163222663976,150524700
2020-06-08,296.33544921875,296.52798606844794,293.062182869184,293.60313838658124,73641200
2020-06-09,294.1257629394531,296.4087837876376,292.8146040767573,293.67647298750563,77479200
2020-06-10,292.4844970703125,295.59273133209695,291.76933233464445,294.7033572907335,95000800
2020-06-11,275.6231384277344,286.2039358982989,275.0730331017828,285.5712867925123,209243600
2020-06-12,278.9238586425781,283.38905659074294,273.7801789307393,282.6188812960742,194678900
2020-06-15,281.5277404785156,282.6555119408555,272.07471838959447,273.24832261847223,135782700
2020-06-16,286.94659423828125,289.4038525103005,282.0963219351536,289.2571484357814,137627500
2020-06-17,285.75457763671875,288.2576679504427,285.0210574809537,287.96425988813667,83398900
2020-06-18,285.86468505859375,286.34145231822947,283.7833786982742,284.2418184413267,80828700
2020-06-19,284.23095703125,289.5169952642536,282.2878135586834,289.323611161699,135549600
2020-06-22,286.0542907714844,286.4502770307113,282.4903582303145,283.6322825514577,74649400
2020-06-23,287.3711853027344,289.6274357096655,286.9659809185993,288.6973036318922,68471200
2020-06-24,280.040771484375,285.95305250280444,278.20816137818287,285.3360276763805,132813500
2020-06-25,283.04302978515625,283.3101028145631,277.45307296151356,279.46987762701843,89468000
2020-06-26,276.3203125,282.15893364058905,275.7401601235611,281.94711324330086,127961000
2020-06-29,280.3814697265625,280.51960120631884,275.2888164097337,277.572693256611,79773300
2020-06-30,283.9731140136719,285.66762102118946,279.7921834155964,279.94872310498295,113394800
2020-07-01,285.9622497558594,287.22392574002134,284.62694111006857,285.08739818187286,72396500
2020-07-02,287.5370178222656,290.7325908541107,286.8739585501112,289.38803604130976,69344200
2020-07-06,291.9758605957031,292.55604108748975,290.60370731479867,291.34964563164624,61713800
2020-07-07,288.9644470214844,292.408657022588,288.5868688394488,290.43791531370204,82910000
2020-07-08,291.1746520996094,291.28515730964824,287.9698885921955,289.7288100254336,54638600
2020-07-09,289.5169677734375,292.0218551502653,286.1095744969354,291.78240850045916,83354200
2020-07-10,292.47308349609375,292.74015643400605,288.0250810957527,289.45248660102106,57550400
2020-07-13,289.9405822753906,297.18817150586733,289.28674115516975,294.8122255722936,102997500
2020-07-14,293.6979675292969,294.4715320808562,287.32522893206374,288.522406144319,93657000
2020-07-15,296.396240234375,297.4921303782736,294.0202658653574,296.91194993690715,87196500
2020-07-16,295.4200439453125,295.87128286396967,293.85447872341933,294.49912983927373,54622500
2020-07-17,296.2765197753906,297.0593024720893,294.45309952821765,296.4238694209868,62774900
2020-07-20,298.6708984375,299.4168366870497,295.26350467471246,296.0094429242622,56308800
2020-07-21,299.3063049316406,301.0744442907489,298.3209200855165,300.632423503006,57292200
2020-07-22,301.0099182128906,301.3230536853919,298.83657479523924,298.947079971857,57792900
2020-07-23,297.41839599609375,301.35071700630476,296.05546117826077,300.65081332964456,75738000
2020-07-24,295.5028381347656,296.52503900949614,294.00174407556887,295.5673088486838,73766600
2020-07-27,297.6578063964844,297.8327822943415,295.40155598984086,296.1935565965724,48293000
2020-07-28,295.77001953125,298.04467867981947,295.47532024869815,296.9303522871835,57495000
2020-07-29,299.40753173828125,299.9693038484055,296.6079455283643,296.6447899546174,48454200
2020-07-30,298.3393859863281,298.7538086591065,294.3610576063959,296.44230479428404,61861700
2020-07-31,300.6968994140625,300.79821459184643,295.9173523890963,300.1259370973195,84986800
2020-08-03,302.78741455078125,303.55176103880365,301.81124766050027,302.35458371421714,53077900
2020-08-04,303.9569396972656,303.9569396972656,301.93091720834786,301.93091720834786,41917900
2020-08-05,305.8447570800781,306.1026399985558,304.988313743364,305.2553866917395,42697700
2020-08-06,307.8891906738281,308.00891400036295,304.9422824929676,305.2646080403921,43679400
2020-08-07,308.1102600097656,308.3957411535914,306.0197668612782,306.922272863609,57308300
2020-08-10,309.0311279296875,309.21529387333,306.62752769620295,308.5614527808773,44282100
2020-08-11,306.4801940917969,310.8453459347755,305.7526922046899,310.2099129722672,69601100
2020-08-12,310.7532653808594,311.526829875344,308.8838108265044,308.91143712616207,53774400
2020-08-13,310.19146728515625,311.49917760274417,309.2705532345938,309.98886506986986,41816100
2020-08-14,310.20074462890625,310.73489061846544,309.07722814860483,309.80475825655594,47260400
2020-08-17,311.1861267089844,311.58211307766084,310.2099598864431,311.2137530113555,35481000
2020-08-18,311.8583984375,312.2820111007127,309.98891563003593,311.58210731482745,38733900
2020-08-19,310.5599670410156,312.7517196619163,309.9981946540898,312.2360098565189,68054200
2020-08-20,311.5268249511719,312.0056901723592,308.70883001435334,308.83774337602864,42207800
2020-08-21,312.6318664550781,312.85287680171285,310.85448123734926,311.19524299382766,55106600
2020-08-24,315.7998962402344,315.87355700727335,312.604322979584,315.0631480494956,48588700
2020-08-25,316.9050598144531,316.987938738221,315.20136254835245,316.36172368925685,38463400
2020-08-26,320.08209228515625,320.34913711570266,316.9509902417963,317.4943261404444,50790200
2020-08-27,320.781982421875,322.22782424225835,319.12434835411756,320.9477683119042,58034100
2020-08-28,322.85406494140625,322.983006410203,320.61625033931085,321.804237442081,48588900
2020-08-31,321.6844787597656,323.517088692937,321.4542502514148,322.64223722364346,66099200
2020-09-01,324.71429443359375,324.81558148751446,321.6200086611954,322.5132963995055,54908700
2020-09-02,329.41094970703125,330.3778981673585,325.47862893248646,326.62058140555735,69540000
2020-09-03,318.0745544433594,328.19539204398836,315.4959779391516,327.72571683022153,148011100
2020-09-04,315.4776306152344,320.3216209085487,308.3865789911979,318.7560834008521,139156300
2020-09-08,306.8577880859375,315.54202965407626,306.55389879011744,310.0809875272591,114465300
2020-09-09,312.91741943359375,315.37624441716423,309.98889114735533,310.8545526760322,91462300
2020-09-10,307.484130859375,315.4408168774141,306.526371988214,314.7869755047928,90569500
2020-09-11,307.6405944824219,310.32045816888535,304.8225992871863,309.26141246287096,84680200
2020-09-14,311.6925964355469,313.46076397555305,307.78792941912315,310.79930858274395,65605700
2020-09-15,313.267333984375,314.9710024350509,311.70176891157143,314.14218543935834,52920900
2020-09-16,312.02398681640625,315.92865191407964,311.74769584376253,314.50124691961577,82096000
2020-09-17,309.27984619140625,310.9927613539666,306.65523489152685,307.18016277231743,91523300
2020-09-18,305.7191162109375,310.1941787550104,303.24119391420174,310.08323122180803,105877900
2020-09-21,302.316650390625,302.4645898682485,297.4717524188794,301.142417821237,99450800
2020-09-22,305.3955993652344,305.9503654275353,301.2903700074111,303.79605821576513,63612100
2020-09-23,298.3130798339844,306.22765682115056,297.8137877286705,305.95025977750316,93112200
2020-09-24,299.1082458496094,302.15941605078405,295.68721289484193,297.0001579503366,76681300
2020-09-25,303.9439392089844,304.7298270780176,297.38852490576954,298.25762343564503,71069400
2020-09-28,308.9922180175781,309.70415018624124,307.1060252515909,308.0953544774506,64584600
2020-09-29,307.3094787597656,309.52851442541044,306.616028350716,308.78884527571864,51304000
2020-09-30,309.6395568847656,312.7831937729049,307.78110035892524,307.9752586146386,104081100
2020-10-01,311.62738037109375,313.1991843917802,309.7504423645945,312.22836509125534,88698700
2020-10-02,308.668701171875,311.59969787140113,306.2185149056574,306.69007030245626,89431100
2020-10-05,314.1422424316406,314.32714558258357,310.67499091510314,310.7212096486976,45713100
2020-10-06,309.6764831542969,316.3706109226611,309.1679640929143,314.28100446334764,90128900
2020-10-07,315.06695556640625,315.87135369140464,312.5982591880481,312.625996081442,56999600
2020-10-08,317.85919189453125,317.9239207082548,316.08394633419226,316.99932011187576,45242500
2020-10-09,320.69769287109375,321.15999312657567,318.8854837702439,319.5049503113114,59528600
2020-10-12,325.85693359375,327.3270449402805,322.74103455582997,323.23107167134015,80388500
2020-10-13,323.7303161621094,325.89387753565416,322.7687239239019,325.71820121665775,73255500
2020-10-14,321.69622802734375,325.39462982999737,320.96581398724754,324.30360807019053,57727900
2020-10-15,321.2987060546875,321.7794882050628,317.25820597808996,317.7944619067174,60357700
2020-10-16,321.1045837402344,324.3036942490065,320.9289073505997,322.64865110187765,89501900
2020-10-19,316.22259521484375,322.9906487706289,315.32573168859045,322.3619272638812,68425600
2020-10-20,317.4892883300781,320.72538971441617,316.80509306669023,317.5632439464316,60051900
2020-10-21,316.8882751464844,319.60660232157625,316.58314124219487,317.4430127605339,63575000
2020-10-22,318.6265563964844,319.2090592108434,314.9651464132425,317.10097125484754,55399300
2020-10-23,319.7083435058594,319.9025017003484,317.25815794875194,319.8470279304944,49143900
2020-10-26,313.8001708984375,317.1194832403807,310.31440902526583,316.333567187947,91473000
2020-10-27,312.7183837890625,314.4751191044585,312.5057155150436,314.1422764667609,65994100
2020-10-28,302.0299987792969,312.7461150486337,301.5399616493468,307.059827691063,127094300
2020-10-29,305.0997314453125,308.26184985459844,300.5784207406355,302.2612006889962,90597700
2020-10-30,301.9189758300781,304.8314609963996,298.2760485600688,303.5277712480049,120287300
2020-11-02,305.3030700683594,307.300182145621,302.56623250835605,305.3030700683594,86068300
2020-11-03,310.6935119628906,312.746126248305,305.38631400131226,308.52995012960014,93294200
2020-11-04,317.6372375488281,321.70547377095147,313.9850545875487,315.15928696801785,126959700
2020-11-05,323.83209228515625,325.63507467035436,322.55613899305547,322.907491721787,82039700
2020-11-06,323.7580871582031,325.00630337123437,321.43733106964845,323.5454189031764,74973000
2020-11-09,327.8264465332031,336.9060328604697,327.36414614851435,336.5269431590357,172304200
2020-11-10,327.3455810546875,328.39961099114294,324.0817422973662,326.83703383089585,85552000
2020-11-11,329.7773132324219,330.6001931058199,328.28869157206935,329.5276530081711,58649000
2020-11-12,326.5780944824219,329.82345086701974,324.7751406594177,328.7693928828868,67546200
2020-11-13,331.0994567871094,331.8391259274995,327.96504743366876,328.48282147525566,62892200
2020-11-16,335.23248291015625,335.4266411567119,332.4771626634018,333.7623711816577,74541100
2020-11-17,333.42950439453125,334.63150225060855,331.3214158989001,332.8285195747798,66111000
2020-11-18,329.41668701171875,334.2431030727179,329.3796950886092,333.69759212727365,70591300
2020-11-19,330.80352783203125,331.1733623463131,327.4472238872078,328.787905745115,59940900
2020-11-20,328.538330078125,330.7481391320541,328.4643744428736,330.5447258643978,70417300
2020-11-23,330.5076904296875,331.7651617960009,328.1129784945893,330.34126910985094,63230600
2020-11-24,335.83343505859375,336.3789460330993,332.19976142931375,333.05037819016013,62415900
2020-11-25,335.315673828125,335.7779741513508,334.2246518372895,335.7502372606201,45330900
2020-11-27,336.2495422363281,336.721069396595,335.2417026629686,336.4067085508926,28514100
2020-11-30,334.7609558105469,335.7410303790285,332.088874231672,335.4728882524585,83872700
2020-12-01,338.4222106933594,339.9570506637227,337.41439969563044,338.0061574648824,74231400
2020-12-02,339.13427734375,339.2914436515928,336.7395650672134,337.31281295054083,45927000
2020-12-03,339.04180908203125,340.42871003443537,337.94153206913154,339.03255404637883,62882000
2020-12-04,341.96356201171875,341.96356201171875,339.53185774514355,339.62432345507125,50749900
2020-12-07,341.26080322265625,341.75084037057263,339.99410502237635,341.1960744141505,48944300
2020-12-08,342.2593994140625,342.8233922079248,339.9478980295718,339.99411677063375,42458900
2020-12-09,339.1896667480469,343.0729715480787,338.35753202065183,342.9158052793327,74098300
2020-12-10,339.0787353515625,340.1235101648178,336.9521373730438,337.8212640589187,57735400
2020-12-11,338.68121337890625,339.08803993012464,335.87044766430864,337.38677808710827,57698600
2020-12-14,337.1647644042969,341.9171954938573,336.98908808183313,340.844683926744,69216200
2020-12-15,341.7231140136719,341.7231140136719,338.329845795208,339.6982365511047,63865300
2020-12-16,342.2593994140625,343.17474493301853,341.05740176418556,341.93578357691985,58420500
2020-12-17,344.1732482910156,344.37666151029305,343.07297154354643,343.895879454076,64119500
2020-12-18,342.799072265625,344.62830083764095,340.79341847573585,344.461170106029,136542300
2020-12-21,341.5733337402344,351.41588135786776,336.15994813580005,338.8898629814059,96386700
2020-12-22,340.9976501464844,342.0097572148125,339.87412260631737,341.8983367429737,47949000
2020-12-23,341.3041687011719,343.20766834908954,340.97917335383556,341.96342554621316,46201400
2020-12-24,342.63189697265625,342.6597520909689,341.1926686317637,341.77762611632846,26457900
2020-12-28,345.5754699707031,345.9654417210335,344.5540681584186,345.1761753962295,39000400
2020-12-29,344.9161071777344,347.2746111341923,344.33112134700883,347.0981859364546,53680500
2020-12-30,345.4082336425781,346.4389297116673,345.0182619794542,345.7332289197448,49455300
2020-12-31,347.1632385253906,347.8875000497571,344.7026082398412,345.2132949330659,78520700
2021-01-04,342.4368896484375,348.6209805572402,338.7505780933009,348.4909711220461,110210800
2021-01-05,344.7954406738281,345.8818471316903,341.7498244688002,341.7962685644844,66426200
2021-01-06,346.85687255859375,350.0417933363491,342.74343806470597,343.2912744755458,107997700
2021-01-07,352.0102233886719,352.75304553896814,349.0481726001441,349.22459781978796,68766800
2021-01-08,354.015869140625,354.22941562712896,350.1531317059406,353.3937336428552,71677200
2021-01-11,351.6295471191406,353.384476638568,350.72886031003054,350.8495752953006,51034700
2021-01-12,351.7037048339844,352.7158118155588,349.46591609355505,351.81515363311456,52547700
2021-01-13,352.65081787109375,353.6443358349037,350.8494449222503,351.62941645625875,45303600
2021-01-14,351.41595458984375,353.8951738961369,351.08169311224,353.39375334288167,49989100
2021-01-15,348.85321044921875,350.5988454547158,346.9961266104406,349.80031300572944,107160000
2021-01-19,351.59228515625,352.13085517430096,349.828061713451,351.304439515749,51233300
2021-01-20,356.45794677734375,357.2936287805517,353.4866015027723,353.87657321374,61836100
2021-01-21,356.78289794921875,357.44218304043847,355.86365062010475,357.0150334029827,47840100
2021-01-22,355.52008056640625,356.68075778914084,354.55438918277406,354.9350947122526,52860500
2021-01-25,356.9221496582031,357.2749716933398,351.4158759647186,356.2535985157263,70402000
2021-01-26,356.3650817871094,358.2778757163541,356.1329463264064,357.869315038569,42665300
2021-01-27,347.6553649902344,353.1430508430368,345.4268701693278,353.05019098865546,123351100
2021-01-28,350.64520263671875,354.6379205656578,349.02954916525357,349.46593655582046,94198100
2021-01-29,343.6255798339844,349.7539633272229,341.95418706117977,348.7882716142817,126765100
2021-02-01,349.3452453613281,350.3759130211794,343.9132708831619,347.01459668411917,75817600
2021-02-02,354.28521728515625,355.83589501820086,349.4289603698143,352.5209930105071,64450700
2021-02-03,354.5636901855469,356.2814981741382,353.2915924599428,355.11152644432576,52427100
2021-02-04,358.59356689453125,358.63998265068375,354.6751192898168,355.59436662167684,47142600
2021-02-05,360.0049133300781,360.71061412663744,358.54712432112404,360.4599180558391,48669800
2021-02-08,362.6048278808594,362.6512436310637,360.5991744109489,361.45341690524697,38365200
2021-02-09,362.3634948730469,362.9577753209079,361.3606820383457,361.7692144251859,35551100
2021-02-10,362.20556640625,364.24836966450124,359.8099410732521,364.09979957873327,59154400
2021-02-11,362.7905578613281,363.7005390243798,360.3670773709089,363.2826838806573,42913300
2021-02-12,364.5826416015625,364.82404318438233,361.9177030106144,361.9920022182859,50593300
2021-02-16,364.2669372558594,366.0033342269587,363.55197027023985,365.8083200461877,50972400
2021-02-17,364.3504943847656,364.60119044464864,361.5091306885375,362.5212660866274,52290600
2021-02-18,362.79986572265625,363.5426878534969,360.03280086210617,361.7506089186291,59712800
2021-02-19,362.1591491699219,364.34122801938736,361.71343891444184,364.05338233465426,83241000
2021-02-22,359.3735046386719,361.77842431901905,359.1042196026477,359.4013597570989,67414200
2021-02-23,359.8100280761719,361.156425322424,353.03168275296207,357.1729721740489,107284100
2021-02-24,363.7748107910156,364.20196042155277,357.7392890909114,358.72354113198065,72433900
2021-02-25,355.0093078613281,363.87689740324714,353.57007967389603,362.51194007778116,146670500
2021-02-26,353.1801452636719,358.0271345906392,351.20237503364604,356.8850463128118,152701600
2021-03-01,361.7413330078125,362.98560406297776,353.3751899411778,358.03645997578053,105348800
2021-03-02,358.9185485839844,362.19629994312015,358.41712808705853,361.9641644974679,79595300
2021-03-03,354.16436767578125,359.18775305259203,354.062213359393,358.22209014166907,119940200
2021-03-04,349.7817077636719,356.5600515760826,345.306129482108,353.9787065028338,183433000
2021-03-05,356.216552734375,357.26580967154143,346.0118857739026,353.27306228530506,152039600
2021-03-08,354.4429931640625,359.977094609663,354.16444194612137,357.17290844727864,123149200
2021-03-09,359.5035705566406,362.04776622878813,357.77646793232316,358.27788847962165,113633600
2021-03-10,361.7413330078125,363.4312860296286,360.43211389392627,361.8434873497362,109899400
2021-03-11,365.40899658203125,367.37750035793965,363.7468990842494,364.2019037645304,86245000
2021-03-12,365.9010925292969,366.04036809884565,363.24547721376643,364.05330385398946,64653600
2021-03-15,368.08331298828125,368.3433035974085,364.01629476654966,366.15192988889174,73427200
2021-03-16,367.618896484375,369.4016804306551,366.848191112424,368.6960081063042,73722500
2021-03-17,368.8725280761719,369.6710604301495,365.1954821103504,366.33759873657715,97959300
2021-03-18,363.50555419921875,368.37110416522074,362.8277084837041,366.2911796002453,115349100
2021-03-19,362.83294677734375,364.77995178052817,360.66234252833834,363.205574280837,113624500
2021-03-22,365.7301940917969,367.1089472702704,363.2894509967949,363.34534370663016,73778600
2021-03-23,362.8515625,366.5406230570263,362.0690362260645,365.09668084256,90686600
2021-03-24,361.0069885253906,365.8791772373448,360.9604207531097,364.2489071923662,97588600
2021-03-25,363.0379638671875,363.829786798647,357.634764555162,359.5724734221165,116128600
2021-03-26,368.88824462890625,369.28881849367565,363.5875351124933,364.18373344592686,114409100
2021-03-29,368.7019348144531,369.60557150137186,365.9351320456119,367.4163456691813,108107600
2021-03-30,367.7238464355469,368.3945874761221,366.13081869564127,367.43505791818313,76262200
2021-03-31,369.21429443359375,370.7700506223906,368.2640899656706,368.29203631973724,112734200
2021-04-01,373.201416015625,373.2573371455199,370.93767636691575,371.1426257443496,99682900
2021-04-05,378.55804443359375,379.0983784802134,375.7819453604423,375.8564594894642,91684800
2021-04-06,378.33447265625,379.3778410378448,377.663731778131,377.9991164320186,62021000
2021-04-07,378.7723388671875,379.1170200378233,377.7103490017058,378.16681558663885,55836300
2021-04-08,380.57037353515625,380.62626625497234,379.08915960070095,380.0207428371884,57863100
2021-04-09,383.3370361328125,383.50474266034735,380.3280415787718,380.4491519037927,61104600
2021-04-12,383.4768371582031,383.7469757570129,382.135355372954,382.74087863290447,56704900
2021-04-13,384.61334228515625,385.2375154018544,382.9923969687516,383.37434940887186,56551000
2021-04-14,383.29986572265625,385.6381198974038,382.7595316211662,384.585426479011,61659900
2021-04-15,387.4173889160156,387.687555926274,385.38654494981597,385.433112724498,60229800
2021-04-16,388.7123107910156,389.31783402254797,387.28699001478793,388.70298586402646,82037300
2021-04-19,386.802490234375,388.22781079521616,385.479658565961,387.7806692417922,78498500
2021-04-20,383.9705810546875,386.6907875184191,382.4986639809094,385.59152639170094,81851800
2021-04-21,387.6037292480469,387.80867863656937,383.2159530341772,383.3557132219947,66793000
2021-04-22,384.0637512207031,388.26520006438915,383.001761278924,387.43610589568067,97582800
2021-04-23,388.2279052734375,389.6346047551007,384.54816933952253,384.62268347334305,73209200
2021-04-26,389.0383605957031,389.60664100563645,388.2931055721406,388.8800074072831,52182400
2021-04-27,388.9544982910156,389.53210359386003,387.8179659687333,389.33645070740164,51303100
2021-04-28,388.8427429199219,390.342606350338,388.3769514146441,389.2246953658085,51238900
2021-04-29,391.3207092285156,391.93555735176267,387.94838369193803,391.56292987909427,78544300
2021-04-30,388.74957275390625,389.90475500080083,387.8552610382918,389.057011063111,85527000
2021-05-03,389.5879821777344,391.11576335825885,389.09424437535307,390.7338109557142,68128300
2021-05-04,387.1845397949219,388.09750141176715,383.5048038327527,387.60376353614816,101591200
2021-05-05,387.3056640625,389.0570447951,386.74670853065714,388.82414902597037,60162200
2021-05-06,390.3984069824219,390.5288137897218,385.3771620935364,387.3800594079225,74321400
2021-05-07,393.23980712890625,393.8919265936675,390.4823294392389,391.16239525650957,67733800
2021-05-10,389.3457336425781,393.8173198937431,389.22462332487686,393.59374911008047,81852400
2021-05-11,385.8709411621094,386.85841675179097,382.0048778519801,384.8368977997584,116888000
2021-05-12,377.673095703125,384.3618553205323,376.3595601632733,383.0949159919616,134811000
2021-05-13,382.2098388671875,384.1382223326197,379.17286945378146,379.2194656575238,106394000
2021-05-14,388.07879638671875,388.92654024691893,384.91142017662577,384.93936652675745,82201600
2021-05-17,387.0913391113281,387.9018401628468,385.07911651757036,386.97025720812496,65129200
2021-05-18,383.75628662109375,387.59440386559174,383.597905008926,387.3521831986254,59810200
2021-05-19,382.7501525878906,382.92715562063444,377.5985000735296,379.07974196431326,106467100
2021-05-20,386.8677673339844,388.12541000565056,383.50476652206805,383.6258484249689,78022200
2021-05-21,386.551025390625,389.58799485674376,386.09455884988506,388.3489736323711,76578700
2021-05-24,390.4916687011719,391.5629834929008,388.54463516280316,388.7868558465473,51376700
2021-05-25,389.6252136230469,391.9262244678643,389.0476367876896,391.572218425638,57451400
2021-05-26,390.3984069824219,390.9014412201296,389.1780358007873,390.21207905239265,43088600
2021-05-27,390.6033935546875,391.93555024942225,390.3239016330106,391.4231910374945,56707700
2021-05-28,391.3021240234375,392.42933147222897,391.0692282777566,392.1684893742527,58520200
2021-06-01,390.9573669433594,393.7986831170101,390.5195218893241,393.6589513826693,54216600
2021-06-02,391.5723571777344,392.41080480838275,390.6035311110982,391.6096284663476,49097100
2021-06-03,390.1190185546875,391.2555509981351,387.7993858877597,389.26197808041053,58138800
2021-06-04,393.68701171875,393.985125124761,390.1842502722685,391.9635773504691,55938800
2021-06-07,393.3050842285156,393.8547148640748,392.3735010978064,393.67771179486715,51555000
2021-06-08,393.38885498046875,394.25522031845156,391.56296032167944,394.1620563356279,47134300
2021-06-09,392.8019714355469,394.3018348687151,392.57840061009364,394.2272923071258,48436300
2021-06-10,394.6278991699219,395.5781321168516,392.70884027859677,394.0223758472598,51020100
2021-06-11,395.2799377441406,395.39172314331665,393.89188832161483,395.17747727144723,45570800
2021-06-14,396.1650085449219,396.26746903201445,394.1527857880061,395.3917787091995,42358500
2021-06-15,395.4383544921875,396.3512876197017,394.56266421460623,396.3140447697688,51508500
2021-06-16,393.23046875,395.8016468115362,391.19032822728997,395.57807599910893,80386100
2021-06-17,393.1000671386719,394.0782178856841,390.63137795315737,392.82060361942723,90949700
2021-06-18,387.79705810546875,390.51680887211063,387.591438170524,389.82519114669236,118676300
2021-06-21,393.3486633300781,393.53560087943845,388.7409408172673,389.5540649639203,72822000
2021-06-22,395.4515686035156,396.28340358966534,392.6196388178262,393.33932268734105,57700300
2021-06-23,394.97491455078125,396.33011186649463,394.89080121581947,395.5263432061953,49445400
2021-06-24,397.3114929199219,397.73205959660106,396.8628599421337,397.11522847080494,45110300
2021-06-25,398.72283935546875,399.17147241602134,397.73213297075046,398.05925946140326,58129500
2021-06-28,399.52655029296875,399.6947769582962,398.04984647065635,399.24617251742296,53159600
2021-06-29,399.7415771484375,400.5453458904214,399.20883078354126,399.9098038354574,35970500
2021-06-30,400.0780944824219,400.75102986074927,399.25561473972493,399.28365252537725,64827900
2021-07-01,402.2930908203125,402.4519905914438,400.76963819499144,400.83506919032,53441000
2021-07-02,405.3680419921875,405.72320623377107,402.3772122424309,403.45206040174946,57697700
2021-07-06,404.6297912597656,405.6392087106553,401.9006847173519,405.4242333128775,68710400
2021-07-07,406.05963134765625,406.34003766118167,403.30248799530796,405.31193822358387,63549500
2021-07-08,402.75103759765625,403.50808611480505,399.57327068511836,400.7509143885333,97595200
2021-07-09,407.0503845214844,407.349473214676,402.55481277928465,404.25584763381096,76238600
2021-07-12,408.5083923339844,408.76076088893643,406.5363351584208,406.9662573135737,52889600
2021-07-13,407.1158447265625,409.21876411942253,406.85414923191337,407.7233490688548,52911300
2021-07-14,407.7232971191406,409.29349840963926,406.4802508086064,408.8074721795963,64130400
2021-07-15,406.3306579589844,407.059668694347,404.4333589603699,406.3867335138074,55126400
2021-07-16,403.1435852050781,407.5550430583768,402.7510563008199,407.5083229344722,75874700
2021-07-19,397.19000244140625,403.20902632092094,394.38611039278754,398.3302530154178,147987000
2021-07-20,402.8818664550781,404.152978910122,397.05910751566546,397.85354923473506,99608200
2021-07-21,406.143798828125,406.28401626491234,402.83522636423976,404.0782727663207,64724400
2021-07-22,406.99432373046875,407.23733686784163,405.34003746820474,406.3213884076943,47878500
2021-07-23,411.1815185546875,411.51797198627247,408.2374369376335,408.9196992370157,63766600
2021-07-26,412.1908874511719,412.200242886932,410.54595654958047,410.5926766830411,43719200
2021-07-27,410.31219482421875,411.18139444947093,407.489592116502,411.1533566719681,67397100
2021-07-28,410.1440124511719,411.51792083805464,408.7233839343774,410.93845431834467,52472400
2021-07-29,411.844970703125,412.919790195163,411.0598844170451,411.0692398503543,47435300
2021-07-30,409.8449401855469,411.29360644207577,409.1532940336554,409.28415602981516,68951200
2021-08-02,408.9850769042969,412.10674026622047,408.62991264660883,411.5553115323718,58783300
2021-08-03,412.3123474121094,412.43385397257424,407.5924735593852,409.7795060797524,58053900
2021-08-04,410.2842102050781,412.2843051456388,410.0505525213927,411.0319033838049,46732200
2021-08-05,412.882568359375,412.9666817202719,411.12545764906963,411.44322874223747,38969700
2021-08-06,413.5647277832031,413.9853230057107,412.9198303207797,413.20023664333985,46930000
2021-08-09,413.228271484375,413.85445807390835,412.46186747322616,413.5366870620658,41222600
2021-08-10,413.7423095703125,414.4526380263717,412.9946164227404,413.676878576167,43339300
2021-08-11,414.77044677734375,414.8639155599606,413.6862716488568,414.80783999492405,44034300
2021-08-12,416.0134582519531,416.1536756754447,413.7236301446858,414.6208676326382,38909400
2021-08-13,416.7706298828125,416.7893122329379,415.9761879010694,416.46218570837635,39470300
2021-08-16,417.751953125,417.8827866125121,413.91996092666375,415.471451563948,73740000
2021-08-17,415.0134582519531,415.87330259419554,412.03198379117543,415.2003672937734,92673900
2021-08-18,410.47113037109375,415.5648794226537,410.2281457688839,414.004033503329,89351900
2021-08-19,411.106689453125,412.30304425730367,407.6111793930043,407.7513683082851,92812200
2021-08-20,414.37786865234375,414.7049951138694,410.96647217681397,411.4524984131377,72008700
2021-08-23,418.02294921875,418.9295421673049,414.45265298648917,416.0602189821948,54973000
2021-08-24,418.6865234375,419.21926979163254,418.1724879522138,418.6865234375,38744700
2021-08-25,419.56512451171875,420.0791600532625,418.49963168684314,418.87350683269574,40529700
2021-08-26,417.08831787109375,419.5183349461485,416.9948490937456,419.2846772641112,57829600
2021-08-27,420.8175354003906,421.19138203158167,417.8360607411706,417.8921363097158,77235100
2021-08-30,422.6680603027344,423.4531466839395,421.2474033554113,421.4904164695936,48357400
2021-08-31,422.0418701171875,422.9110698917558,421.4437212534849,422.5746165039233,59300200
2021-09-01,422.26611328125,423.49047714229727,422.03245562039876,422.97644169749003,48721400
2021-09-02,423.5653076171875,424.36907636322894,422.3689814101181,423.686814177093,42501000
2021-09-03,423.46246337890625,423.9765273755303,422.0324795543075,422.43439243098885,47170500
2021-09-07,421.9483947753906,423.2101520054819,421.27545948751975,423.1166832249812,51671500
2021-09-08,421.43438720703125,422.14471575872943,419.51837690907405,421.4157048587594,56181900
2021-09-09,419.6304626464844,422.98578312246457,419.387449559995,421.2380284408069,57970400
2021-09-10,416.3218688964844,421.9763727824504,416.2003623513121,421.55580611377326,89948200
2021-09-13,417.38739013671875,419.57445120398825,415.07885103030503,419.31275573342043,83738600
2021-09-14,415.1349792480469,419.032373751366,414.24706856986353,418.8267538323482,78197100
2021-09-15,418.6023864746094,419.09773958576324,414.4526240434599,415.55548138185304,78792200
2021-09-16,417.9388427734375,419.0510271190857,414.99473310868217,418.07903168064803,77786700
2021-09-17,413.8675842285156,417.58995585814006,413.5112822234877,417.16804186326874,118425000
2021-09-20,406.9667663574219,409.3295710757895,402.10984707082173,407.75436793021106,166445500
2021-09-21,406.5823059082031,410.59533949300106,406.0572382327374,409.30141250201683,92526100
2021-09-22,410.5484313964844,412.58309005146594,406.69480673198865,408.8513325900805,102350100
2021-09-23,415.5365905761719,417.1399497351395,412.179906070705,412.41431229246786,76396000
2021-09-24,416.22113037109375,416.9337345501658,413.6895313452658,413.9051954031547,62094800
2021-09-27,415.0303649902344,416.35239112758217,414.33650299714867,415.1897452245322,61371100
2021-09-28,406.66668701171875,412.5924834545763,405.9353407086728,412.2643090052773,130436300
2021-09-29,407.3511657714844,409.77961092728947,406.78858508585967,408.0449990691309,82329200
2021-09-30,402.37237548828125,409.52642965582174,402.0348156347722,408.8232109595568,140506000
2021-10-01,407.1543273925781,408.8326843876151,400.58159468725086,404.0976889255961,129240100
2021-10-04,401.903564453125,406.8917073430287,399.7657521393978,405.9915954205408,128570000
2021-10-05,406.08538818359375,408.3262970264828,402.6068074886927,403.4037658375677,90682500
2021-10-06,407.77313232421875,407.9794109817039,400.8722256266175,402.4942986652522,113032200
2021-10-07,411.29852294921875,414.1301397145414,410.86722352719846,411.0453745390407,72437500
2021-10-08,410.5484313964844,412.4518374427157,409.9202387275282,412.0674077940218,74557400
2021-10-11,407.5762634277344,412.79884218436496,407.5106228023292,409.89219860577384,65233300
2021-10-12,406.57293701171875,408.89825725037673,405.7853354665387,408.4950853785661,71181200
2021-10-13,408.03558349609375,408.8513125536215,404.6226438533049,407.5948986632403,72974000
2021-10-14,414.8990478515625,415.0490712799511,411.2235453911505,411.69235787459854,70236800
2021-10-15,418.05889892578125,418.42458644967,416.38992739167634,417.00876339160925,66260200
2021-10-18,419.2965393066406,419.6340705825797,415.6210366001597,416.2773855665458,62213200
2021-10-19,422.53125,422.59686198877097,420.3090552071767,420.9185342132046,46996800
2021-10-20,424.19085693359375,424.4909037495053,422.8781878815295,422.99069828398655,49571600
2021-10-21,425.2972412109375,425.52226201258947,423.15945775312747,423.5907571609733,41305400
2021-10-22,424.85662841796875,426.30996431243693,422.91573783259383,424.86601382430814,58845100
2021-10-25,427.1350402832031,427.4632147429343,424.17217058163135,425.9442668817109,45214500
2021-10-26,427.5194091796875,429.8915988533881,427.1443649707542,428.6820834256312,56075100
2021-10-27,425.62548828125,428.6446418796485,425.55046225853243,427.9789361517596,72438000
2021-10-28,429.7323303222656,429.80732773792477,427.0413509410185,427.05070773419686,51437900
2021-10-29,430.6042175292969,430.8948789471614,427.1443795021593,427.43504092002377,70162400
2021-11-01,431.344970703125,431.96380657611127,429.61974430603044,431.5887337216653,48433600
2021-11-02,433.0890197753906,433.3984520764042,431.38253525829714,431.51381650455664,48908400
2021-11-03,435.7330322265625,436.1362040546767,432.085657735004,432.5263425699782,52509800
2021-11-04,437.7864685058594,437.87085131761023,435.9862160130472,436.33313266603705,52847100
2021-11-05,439.3054504394531,441.2932109079652,437.7958878886841,440.0086692059953,66390600
2021-11-08,439.6805419921875,440.8994718203254,438.99609396549533,440.40253164977514,50405200
2021-11-09,438.2271423339844,440.28054321030675,436.8207049454919,440.0461369788913,51149100
2021-11-10,434.70166015625,438.2271390064617,433.2202253751318,436.53939698466087,69429700
2021-11-11,434.84234619140625,436.2675545379645,434.8236039920207,436.19252851233256,34848500
2021-11-12,438.1239929199219,438.67718819768925,435.161094692695,436.1081050332003,53466700
2021-11-15,438.2740783691406,439.56800554034606,437.14894545673525,439.40862530276064,46980500
2021-11-16,440.0086669921875,441.1431852512349,437.9365237158013,438.01152112700873,48857500
2021-11-17,438.93975830078125,439.9242530537252,438.32092239942926,439.74610202390977,47858300
2021-11-18,440.4305725097656,440.6931063478928,437.25201023461375,439.9711168325113,50625600
2021-11-19,439.6429138183594,441.5650332460222,439.2772264052899,440.31797621657034,57315600
2021-11-22,438.4052734375,444.0028951339013,438.1989948186662,441.5181949166131,72762000
2021-11-23,438.98663330078125,439.83987544998917,435.4799250989726,438.07713594296996,73206500
2021-11-24,440.15863037109375,440.28052618496287,436.17372459112534,436.98945366666055,61858800
2021-11-26,430.3417663574219,434.96425094373944,429.21660486222436,433.50155816840993,112669600
2021-11-29,435.62054443359375,437.45828126856935,432.9295654860119,435.12360436955294,86268800
2021-11-30,427.1444396972656,435.08612453579684,426.90064804249147,433.1827469437874,148559600
2021-12-01,422.3999938964844,435.6861505788109,422.2031006903949,432.84514843479013,131939200
2021-12-02,428.8696594238281,430.43550572803196,422.22190176024696,422.6157168413784,127637800
2021-12-03,425.1379699707031,431.5888063882985,420.9186571741517,430.52931409962997,137331600
2021-12-06,430.1729736328125,432.0482235973753,425.2691846744251,427.6788877462588,98977500
2021-12-07,439.071044921875,439.63362565886325,430.0417113660508,435.442440658666,95484700
2021-12-08,440.233642578125,440.68371284123066,437.71142925167635,439.46481188962696,72238800
2021-12-09,437.2614440917969,440.3368530852221,437.06455084489505,438.9491577219033,61272600
2021-12-10,441.3775634765625,441.52758690349503,437.41142821807136,439.9617692478392,77159800
2021-12-13,437.4677429199219,441.2088578538092,437.1864382259011,440.8619411504924,87724700
2021-12-14,434.4579162597656,436.6894683893485,431.5419161774256,434.20476780499797,97264100
2021-12-15,441.2463684082031,441.49013147147207,432.0013702393154,434.51422720060384,116899300
2021-12-16,437.3551940917969,443.3747305871484,435.80808994562267,443.0934545318682,116568600
2021-12-17,432.7004699707031,437.2827414785998,430.9974086651927,434.28120719660683,135511600
2021-12-20,428.0993957519531,428.4945657060667,424.4862697414786,427.62893618734074,107134800
2021-12-21,435.70196533203125,435.8430974441347,429.3507618562461,431.5148641473523,69806300
2021-12-22,440.05841064453125,440.17131633051764,435.25029960943573,435.44791327448115,58890200
2021-12-23,442.796630859375,444.2926891091954,440.95243706089286,441.0559244014881,56439700
2021-12-27,449.0630798339844,449.11011430535285,444.1232543282057,444.17028879957417,56808600
2021-12-28,448.69610595703125,450.5214913868531,447.93396375035627,449.4958929694086,47274600
2021-12-29,449.2700500488281,450.2862300149204,447.8022185897107,448.7995905115579,54503000
2021-12-30,448.028076171875,450.70028317333333,447.5670349664784,449.693492768275,55329000
2021-12-31,446.89892578125,448.68666632067624,446.6260799179109,447.5387725895835,65237400
2022-01-03,449.4864501953125,449.61819265083415,445.8545162929149,448.15975083339737,72668200
2022-01-04,449.3359069824219,451.6223622300133,447.4822951975026,450.9072545217483,71178700
2022-01-05,440.7076416015625,449.7404696581306,440.61354395954817,448.9689091940095,104538900
2022-01-06,440.2936706542969,443.0035221624816,437.9319546066855,440.2466361867598,86858900
2022-01-07,438.552978515625,441.47925183914367,437.1980527186537,440.3031029677847,85111600
2022-01-10,438.00726318359375,438.2236562011222,429.62367048499374,435.36328278709937,119362000
2022-01-11,441.99676513671875,442.0908627934465,434.751676287286,437.7438209696161,74303100
2022-01-12,443.19171142578125,445.2429369205549,441.2346123000405,443.72804221308974,67605400
2022-01-13,437.0851745605469,444.94185525916146,436.0595761258511,444.2926187440994,91173100
2022-01-14,437.263916015625,437.6120514809011,432.7286791584299,433.94247281173614,95890900
2022-01-18,429.5201721191406,432.7851627070061,428.4098944174529,432.5781593461344,109709100
2022-01-19,425.0601501464844,432.4557595624984,424.78727560160723,431.06321784637055,109357600
2022-01-20,420.3556213378906,431.6372325182061,418.2385532953383,426.9420552480534,122379700
2022-01-21,412.10382080078125,421.58827414534477,412.07559437204594,419.2359760354794,202271200
2022-01-24,413.85382080078125,414.3619251147175,395.901098425589,406.50524550753806,251783900
2022-01-25,408.8011474609375,413.7409730372485,401.9136123373261,407.4744480032651,167997300
2022-01-26,407.7755126953125,417.80571346524874,403.5225401054795,414.6818552495206,186391100
2022-01-27,405.7619323730469,415.50045053402,404.0777079047049,412.3672026513168,149878300
2022-01-28,415.8392028808594,415.886237349482,402.54401155859085,407.11686454826264,164457400
2022-01-31,423.3288879394531,423.67702338927,413.82559991033423,415.1711072435179,152251400
2022-02-01,426.18939208984375,426.829210297828,420.53445812486797,424.0534869833586,123155400
2022-02-02,430.329345703125,431.05384305532795,426.2833764423959,428.5886396673794,117361000
2022-02-03,420.2145080566406,426.208158589354,419.37707621036856,424.30751219871513,118024400
2022-02-04,422.1903381347656,426.02927475983387,417.60803879549576,419.9791728919079,118454400
2022-02-07,420.8354797363281,424.3450895509773,419.50878037886775,422.95254768054906,84472900
2022-02-08,424.29803466796875,425.2201456654425,418.91597660458353,420.33677354523064,81012000
2022-02-09,430.50811767578125,430.82802671260504,428.1275935863995,428.32517855026134,92589900
2022-02-10,422.773681640625,430.66797617923953,420.77893819242865,424.6743274571097,140103700
2022-02-11,414.4372253417969,424.92846773085336,413.00703862428105,422.85846290665194,153214600
2022-02-14,413.0823059082031,415.50989334254666,409.61973040303707,413.9291560964369,123006300
2022-02-15,419.7440185546875,419.9133771021189,416.99652213320917,417.5140448697904,88482700
2022-02-16,420.2145080566406,421.5882420080019,415.8298212683436,417.7022412323989,84863600
2022-02-17,411.23809814453125,420.186247943638,410.63592485416507,417.0341632264874,102259100
2022-02-18,408.5753173828125,412.74358216810356,406.3076988713617,411.49214366579196,132642900
2022-02-22,404.1905517578125,409.7701941226827,400.69972185210696,406.37349056748224,124391800
2022-02-23,397.02081298828125,407.66260537056274,396.4562558034865,407.098048185768,132578000
2022-02-24,402.99560546875,403.4284488931798,386.3790008159794,386.7365259239518,213942900
2022-02-25,411.8873596191406,411.97203889724267,402.5816554040874,404.2282639234101,121804500
2022-02-28,410.8335266113281,412.3107765451423,405.25388303089113,406.50529284633944,145615000
2022-03-01,404.576416015625,411.3416268267393,401.8759540045587,409.3374644946176,137785900
2022-03-02,412.0190124511719,413.74088149381066,406.07239780068846,406.82512147422693,117726500
2022-03-03,409.9678039550781,415.04876074406366,408.1706452434173,414.4465875237106,105501700
2022-03-04,406.6369934082031,407.76607902539786,402.600442693899,406.2417947777143,113978200
2022-03-07,394.6497497558594,406.7593757746247,394.58387851759204,406.053686344957,137896600
2022-03-08,391.6575927734375,401.97005852746355,390.59434954887394,394.82848568696517,164772700
2022-03-09,402.15826416015625,404.13420015154503,397.8394486342406,400.02238799071915,116990800
2022-03-10,400.34222412109375,401.2360799371363,395.5999843486872,397.55708322285636,93972700
2022-03-11,395.2518615722656,403.43783985789673,394.7437572588801,402.8262482347944,95636300
2022-03-14,392.36322021484375,399.4671471285895,391.2247162730047,396.02340888185535,95729200
2022-03-15,400.9915771484375,401.621976977945,393.6994528201561,394.9696708605175,106219100
2022-03-16,409.8831481933594,409.939601038674,399.7023972745846,404.49170046381727,144954800
2022-03-17,415.0111999511719,415.0111999511719,407.5967527483876,407.9731146505722,102676900
2022-03-18,419.55670166015625,419.8776045343294,412.6666654946888,413.40286121868064,106345500
2022-03-21,419.4340515136719,421.3877829881189,415.9323761926658,419.3868421211315,88349800
2022-03-22,424.3420104980469,425.27640505720075,420.8214687288552,420.8214687288552,74650400
2022-03-23,418.8771667480469,423.3037890750717,418.79222440449075,421.8125310374547,79426100
2022-03-24,425.1915283203125,425.2009759609627,419.7833301237537,420.897057176737,64736900
2022-03-25,427.2679443359375,427.54166664957455,423.247167191328,425.8238668662759,77101300
2022-03-28,430.30706787109375,430.30706787109375,424.7855856636152,426.67326991890525,68529800
2022-03-29,435.63037109375,436.1211874892994,431.50578514438973,434.18629362949696,86581500
2022-03-30,432.9404602050781,435.3000658769964,430.8356815763662,434.48834654789084,79666900
2022-03-31,426.27691650390625,432.997068540125,425.8238618663555,432.1759304126346,121699900
2022-04-01,427.4849853515625,427.99463935727147,423.9172632927216,427.8530688001301,89048800
2022-04-04,431.1470947265625,431.2509323439472,426.86207198374484,427.683210068739,59601000
2022-04-05,425.7011413574219,432.11925672118474,424.5591003737765,429.65584243367965,74214500
2022-04-06,421.4444274902344,423.7190907497015,418.5657201739074,421.7936733149173,106898000
2022-04-07,423.56805419921875,425.38024389891154,418.6223302828864,420.56664291276263,78097200
2022-04-08,422.4354248046875,425.32357938924946,420.89695753959705,422.8129558921499,79272700
2022-04-11,415.215087890625,420.00979376147524,414.7148526591951,419.1697603481383,89770500
2022-04-12,413.6766357421875,420.71769099701174,412.12872059672054,418.19761946757274,84363600
2022-04-13,418.41473388671875,419.16979621635505,413.25191527733693,413.4312476212873,74070400
2022-04-14,413.2045593261719,419.75482450937005,413.1007217377394,418.64106916071023,97869500
2022-04-18,413.37457275390625,415.05461073103595,411.1470901663332,412.2797123367979,66002500
2022-04-19,420.0475769042969,420.764877451462,413.1008827364676,413.27076743418195,77821000
2022-04-20,419.73602294921875,422.4354264021452,418.57511557097627,421.82193478222695,65224400
2022-04-21,413.4595031738281,424.73842874926703,412.55342274585064,423.3509795921558,85417300
2022-04-22,402.1144714355469,413.478308876768,401.54816044987837,412.374029818299,132471800
2022-04-25,404.4458312988281,404.61571598232445,395.31886452951045,399.87763849644267,119647700
2022-04-26,392.7327575683594,402.11455163658286,392.70444345361744,401.9163240296101,103996300
2022-04-27,393.8370056152344,399.169736833569,391.70394193167726,393.80869150273776,122030000
2022-04-28,403.78515625,405.5124037214935,394.1485348093446,398.57515732733924,105449100
2022-04-29,388.8630065917969,401.95409397695,388.11736315002133,399.8021348013602,145491100
2022-05-02,391.2037353515625,392.56287045835074,382.2749671742883,388.929072135393,158312500
2022-05-03,392.9969482421875,395.4037338921699,390.1465268831045,391.70388927238196,100028200
2022-05-04,404.96490478515625,405.53121582781534,390.47692222902697,393.65766562044956,144247900
2022-05-05,390.57135009765625,401.1329469341785,386.44676416954945,400.7082064100307,172929100
2022-05-06,388.2400817871094,391.50576802589364,382.9451403977338,388.0135688560758,151770800
2022-05-09,375.8096923828125,383.5869435337957,374.23346310540126,382.3505124543199,155586100
2022-05-10,376.6780090332031,383.27545730002635,372.64781289944233,381.7747515433738,132497200
2022-05-11,370.6940612792969,381.3500488525497,369.94841780135306,375.71530920049423,142361000
2022-05-12,370.30706787109375,373.57275401716174,363.5208397349999,367.5038552140162,125090800
2022-05-13,379.1602478027344,380.5382491972758,373.39335762056186,374.4315896864937,104174400
2022-05-16,377.62176513671875,381.28387692656054,375.2716076319463,377.51795633625795,78622400
2022-05-17,385.3896789550781,385.6256395203469,379.9720047899369,383.7001932426954,83029700
2022-05-18,369.8539733886719,381.12345103452697,368.61754246873323,380.840309909265,117674500
2022-05-19,367.58880615234375,372.00600991179766,365.3707710345012,366.79598209392395,98510700
2022-05-20,367.7492370605469,374.7336635050742,359.1697150107811,371.1659411793916,131432200
2022-05-23,374.6298522949219,375.3943621595535,368.45711634736125,370.7695124155736,76414900
2022-05-24,371.7700500488281,372.9592717368289,365.22920114781124,370.51472368444104,91448800
2022-05-25,375.0545349121094,377.0177426324369,369.88229858000193,370.2786961363731,91472900
2022-05-26,382.5486755371094,384.18153289436907,376.073931942696,376.2815783765453,82168300
2022-05-27,391.9399108886719,392.0531673410909,384.80446634850006,385.0026651402334,84768700
2022-05-31,389.7406921386719,393.07245343451956,387.0035559449801,390.3258696030877,95937000
2022-06-01,386.58831787109375,392.8648626531449,384.07769419751776,391.8549734040455,86585800
2022-06-02,393.95025634765625,393.9974369297573,384.1814851394755,386.4278338799512,79609600
2022-06-03,387.4849548339844,390.7884022780611,386.51279859544996,389.240487364167,71874300
2022-06-06,388.66473388671875,393.21403077110097,387.49435013390536,391.48681245747764,57508900
2022-06-07,392.3929748535156,392.8460295110228,384.71953261443264,385.18203491181913,59272400
2022-06-08,388.12677001953125,392.4684496696644,387.333946070098,390.6845741806073,64350000
2022-06-09,378.89599609375,388.6175587452947,378.89599609375,386.3523433395128,86289800
2022-06-10,367.9096984863281,373.55388552538324,367.86251789521714,372.7044332589276,132893900
2022-06-13,353.94085693359375,360.3684205912054,352.33631352731584,358.5184977773577,170004900
2022-06-14,352.8742370605469,356.71568127410126,349.7784361620524,355.68689685396777,104011800
2022-06-15,357.90496826171875,362.34100925128496,351.2225494582893,356.1682732930812,125666800
2022-06-16,346.0597229003906,350.10881384000515,343.63404163139757,349.702968623294,134473300
2022-06-17,346.80572509765625,350.142419392661,343.30792965713135,346.47397650063243,111113900
2022-06-21,355.53607177734375,356.9200257502837,352.44584583713896,352.52169557516805,76811900
2022-06-22,354.8914794921875,358.99595685720385,350.90071887328156,351.3178056312109,90059400
2022-06-23,358.370361328125,359.1002487608876,353.46963484148904,357.0243321478926,79292100
2022-06-24,369.76434326171875,369.7738317116263,361.5079743602973,361.53641078181903,98050300
2022-06-27,368.3519592285156,370.9776852889989,367.2618578134948,370.683832618729,66009600
2022-06-28,360.8254699707031,372.68394948048416,360.71172428504013,369.9065529188097,86548900
2022-06-29,360.5316467285156,362.3611241546952,358.71165775298255,361.3753088463661,65676000
2022-06-30,357.6025695800781,360.834977987892,353.156825579061,356.64516179349505,112508300
2022-07-01,361.384765625,361.8208293565842,354.33224330989844,356.94850998659183,74839700
2022-07-05,362.0672607421875,362.08623764291843,353.4791138897527,356.3039239194396,81438000
2022-07-06,363.2900085449219,365.7735520504945,359.83010948727616,362.2093668453206,70426200
2022-07-07,368.7311096191406,369.52735833895935,363.3090102076316,365.06266665246835,64525900
2022-07-08,368.42779541015625,370.29519752923926,365.5745491503481,367.10068528955685,72397800
2022-07-11,364.21905517578125,366.72154716840924,363.52706364959664,365.7546798643806,58366900
2022-07-12,360.9961242675781,366.0485507559225,359.25195608212715,363.66926385832295,62219200
2022-07-13,359.1002197265625,362.02931552702955,355.1474128412304,355.56449960571507,84224600
2022-07-14,358.2281799316406,359.3087928722651,351.715979081912,354.1521096552973,89704800
2022-07-15,365.0721740722656,365.185919762693,360.72122784420594,362.6265260152687,79060400
2022-07-18,362.05780029296875,368.82592927824663,360.83497625525047,368.1529146526756,63203600
2022-07-19,371.8403015136719,372.40905889172745,365.31864088700104,365.97267860433266,78506000
2022-07-20,374.2100830078125,375.62250240338216,370.6648741646818,372.02988023942527,71843800
2022-07-21,378.02069091796875,378.0680753048155,371.2335862430008,373.63182056702766,64903900
2022-07-22,374.5134582519531,379.3383643459128,372.29533041038957,378.1440056178114,72197300
2022-07-25,374.96844482421875,375.8215664094441,372.73134023128426,375.13906335562353,53631500
2022-07-26,370.5321960449219,373.5370840827539,369.64114957187473,373.328540675696,52946400
2022-07-27,380.153564453125,381.8977324950311,373.5275888700464,373.82144153900765,82342100
2022-07-28,384.921630859375,385.6135934950256,377.4140966164,380.9593347805678,73966600
2022-07-29,390.5332336425781,391.5190777399874,385.5850941133151,386.35290637404563,87003700
2022-08-01,389.3768005371094,391.8793213752261,387.1302364241008,387.8411758992656,69997500
2022-08-02,386.8079528808594,391.4906766053588,385.63254218875403,387.8127450392465,63435400
2022-08-03,392.8651123046875,394.03103437189844,388.64686041910363,388.93122459935086,67820600
2022-08-04,392.5997314453125,393.4718009620609,390.9598207163616,392.78929793981433,45656600
2022-08-05,391.93621826171875,392.58079648264055,388.26777497334547,388.3246478205913,56814900
2022-08-08,391.48114013671875,395.8700106498597,390.3815503961838,393.6234467801919,53886100
2022-08-09,389.9266052246094,391.25368644325886,388.8554517997777,390.7512903773344,44931800
2022-08-10,398.1165771484375,398.2587881715667,395.0168917661512,396.9696030117307,68665700
2022-08-11,398.1165771484375,402.818277227606,397.37720132659865,400.9603347598482,59489700
2022-08-12,404.8563537597656,404.9606110010774,399.10247645360926,400.050395788599,61694500
2022-08-15,406.524658203125,407.04603117644456,402.59079888321116,402.64767172710765,54048300
2022-08-16,407.3209228515625,409.2451978170758,404.64778356108576,405.4535207281274,59289000
2022-08-17,404.42974853515625,407.1313242254354,402.42965277199465,403.7282975362389,63563400
2022-08-18,405.60516357421875,406.2876376325339,403.3396227828059,404.62877901944364,49023200
2022-08-19,400.1546936035156,403.1121973862413,399.282595061536,402.8467811218481,68016900
2022-08-22,391.82244873046875,395.5003802457015,390.9219138235221,395.3297327861423,77695600
2022-08-23,390.87451171875,393.7846307828097,390.3247023494631,391.39585573923233,49105200
2022-08-24,392.1257629394531,393.49074002484474,389.9645082393007,390.64698231789686,49177800
2022-08-25,397.66162109375,397.70900548583626,392.5238859364247,393.6139873082117,50942300
2022-08-26,384.201171875,398.0881839321778,384.1442990308555,397.547891912805,103087000
2022-08-29,381.6607666015625,384.70357956798847,380.30524889484775,381.2531682301508,65370800
2022-08-30,377.4709777832031,383.05423695854176,375.3760840001701,382.81725710753153,85652400
2022-08-31,374.5987548828125,380.3431437236325,374.4660612189248,379.10137171228644,76029700
2022-09-01,375.77423095703125,376.1154680642841,369.7265004007181,372.42807654595646,78740100
2022-09-02,371.8118896484375,380.6465052435593,370.00136015495065,379.4331695900639,99632100
2022-09-06,370.408935546875,373.5939303427136,368.19080797230174,372.6554995418325,76637400
2022-09-07,377.0633544921875,377.83116684452074,369.87813861226584,370.0961415467539,70964200
2022-09-08,379.5279235839844,379.98290632149366,373.59393967123003,374.79781566335777,80821700
2022-09-09,385.4240417480469,386.2866518911624,381.4996414658426,381.7650577461701,76706900
2022-09-12,389.56634521484375,390.28677304617617,387.1870588242466,387.4903999035653,69256300
2022-09-13,372.62701416015625,382.1062054187296,371.5084765344116,380.9023296148453,122947100
2022-09-14,374.0489807128906,375.5656574561683,370.75021096587693,373.9257465690702,85023700
2022-09-15,369.80224609375,375.3380909362644,368.53203779447915,372.4943332407687,87633800
2022-09-16,366.98114013671875,367.6378936491365,363.69737257463,365.62958149307445,103084800
2022-09-19,369.8269958496094,369.8269958496094,363.7639505998914,363.84011191988435,73278500
2022-09-20,365.5819091796875,367.51408871168167,362.83118428153335,366.5051690967704,77274900
2022-09-21,359.2047424316406,370.55033777024784,359.1952150060502,367.50452437829694,106746600
2022-09-22,356.18756103515625,360.0709463739704,355.4451478506608,358.4338263970015,89472600
2022-09-23,350.2196960449219,352.7610211494688,345.78424282582023,352.722940486398,122346900
2022-09-26,346.755126953125,352.37082003404043,345.5368069998178,348.75394084213934,92581200
2022-09-27,345.8699035644531,352.5516221250691,343.48084301099055,350.28630194167937,108294100
2022-09-28,352.67535400390625,354.3600529595543,345.127482081543,346.8217084645166,110802200
2022-09-29,345.3083190917969,349.42013004160674,342.3672197883283,349.13459770031216,112952300
2022-09-30,339.9686584472656,348.27799879138144,339.83541969328155,344.3660311283521,153711200
2022-10-03,348.9442138671875,350.7907337489844,341.90080218718504,343.6806881754969,89756500
2022-10-04,359.7568359375,359.78538917158465,348.9061712798272,354.45522944852485,103602800
2022-10-05,358.9192810058594,361.17507392455065,353.07516233117366,355.39758915348943,88065700
2022-10-06,355.2166748046875,360.4706728707626,354.7217133827097,357.52004633285617,82333500
2022-10-07,345.3083190917969,355.30235769557754,343.547458861724,351.19051769873397,107789500
2022-10-10,342.67169189453125,346.65979052642246,340.4349546729392,346.4218372860806,76042800
2022-10-11,340.50164794921875,345.5367479558779,338.56946829764377,340.9775545535183,92482800
2022-10-12,339.3784484863281,342.4813682302242,339.1309678057882,340.91088255478394,76991800
2022-10-13,348.3351135253906,349.80091413619516,331.335712933563,332.38271336985196,147254500
2022-10-14,340.3968811035156,352.4182837032228,339.7591536254395,350.7906625915619,123737000
2022-10-17,349.14410400390625,350.24821073516875,340.0637984886666,346.4695113964719,93168200
2022-10-18,353.2463684082031,357.35820759851316,349.8103083244258,357.0536204628544,97162900
2022-10-19,350.7431335449219,353.9317132956456,347.9352732315164,351.2095126771094,79746900
2022-10-20,347.8020935058594,354.71226720130164,347.04062545500517,350.2958396474553,88283100
2022-10-21,356.254150390625,356.7395553428867,346.0221590756883,347.5260110650035,131038400
2022-10-24,360.61346435546875,361.74612439325887,355.13101099924324,357.77707959447656,85436900
2022-10-25,366.3719787597656,366.6860643599622,360.4231457883191,360.53735873384517,78846300
2022-10-26,363.6116638183594,368.9037428227225,362.97396524839513,363.23094435236135,104087300
2022-10-27,361.66998291015625,366.44807462100994,361.05128110498777,364.6110821532887,81971800
2022-10-28,370.2742919921875,370.7501985039981,361.3843618372089,361.5652086354592,100302000
2022-10-31,367.59979248046875,369.68426585196175,366.6955873080766,367.81871998807645,96631300
2022-11-01,365.9911804199219,371.5783479860967,364.8204688405162,371.34039469961164,85407600
2022-11-02,356.8061828613281,369.9031408055681,356.70149735976,365.4010542504777,126990400
2022-11-03,353.1322021484375,356.16848838692556,351.0191758170607,353.5700280593983,87100100
2022-11-04,358.2149353027344,360.61349432188257,352.170915138916,358.8336081280306,103505200
2022-11-07,361.6413879394531,362.2315073959389,357.4343613850076,359.5093069084671,68286900
2022-11-08,363.59259033203125,366.56224244323937,359.5188315812918,362.74546276276726,84641100
2022-11-09,356.1018981933594,362.77411841444257,355.6069367100275,361.622403460563,78495500
2022-11-10,375.6711120605469,376.00425245255667,367.0572151863192,369.3510591794325,141455800
2022-11-11,379.3070983886719,380.1066180137116,374.64319033872147,376.5277909851231,93839900
2022-11-14,376.0804443359375,380.89661702699635,375.80441036199727,377.5462448649226,71903500
2022-11-15,379.2879943847656,382.9239274120566,375.4807419701021,381.8198207261606,93194500
2022-11-16,376.39453125,378.61224316456577,375.76633106956126,377.6604299906343,68508500
2022-11-17,375.2427978515625,375.91860608551974,371.34038726892305,371.6449453937852,74496300
2022-11-18,376.9465637207031,378.64078997970154,374.10065167393867,378.57415608736795,92922500
2022-11-21,375.5759582519531,376.7466989172969,373.73896579052973,375.6235663390515,51243200
2022-11-22,380.6300964355469,380.7919174617573,376.1089836932025,377.5176776993283,60429000
2022-11-23,383.0286865234375,383.51409151080327,380.06853232216565,380.29695819857307,68261600
2022-11-25,382.94293212890625,383.49499996496786,382.1910207322794,382.46702560328106,30545400
2022-11-28,376.8324279785156,381.4963075976525,376.0709598680813,379.85918746901655,67881600
2022-11-29,376.1851806640625,378.1554121174717,374.34815892103285,376.96564549358453,52310000
2022-11-30,388.03515625,388.03515625,374.51942770651925,376.4325522787015,144566700
2022-12-01,387.74969482421875,390.2434409456629,385.2464212750172,389.07270016589297,76398200
2022-12-02,387.3022766113281,388.20648163885994,382.7621385272809,382.8668240269508,85342700
2022-12-05,380.33502197265625,385.4177008262784,378.98346353454565,384.48494250767516,77289800
2022-12-06,374.85260009765625,380.7157732131678,372.76815579992063,380.1732617355015,77972200
2022-12-07,374.2149658203125,376.5754735470353,373.08230553241697,374.0055657070787,65927900
2022-12-08,377.1464538574219,378.2124799961138,374.3195674856605,376.09948257287107,60737900
2022-12-09,374.3291320800781,378.45999830118234,374.2053917040091,375.909145637889,81447700
2022-12-12,379.7258605957031,379.7258605957031,374.4528077117335,375.119059475854,75405800
2022-12-13,382.6003723144531,390.7098107273862,379.8401197057134,390.45283160745686,123782500
2022-12-14,380.1541748046875,385.9602409589763,377.21307559103866,382.257673780074,108111300
2022-12-15,370.8549499511719,376.2041350287874,369.19880442028864,375.2999009475401,117705900
2022-12-16,366.4765930175781,369.6415593936089,364.34432159505855,368.302907769073,119858000
2022-12-19,363.3690490722656,367.00256593948217,361.7052981772117,366.6678956887565,79878100
2022-12-20,363.8662414550781,365.482194633709,361.2941043449694,362.61364283927566,74427200
2022-12-21,369.3069152832031,370.43520527298585,365.9220161334383,366.45747677877307,78167400
2022-12-22,364.038330078125,369.28777027212345,358.34902428686854,366.2662256920997,100120900
2022-12-23,366.1324157714844,366.2758375341586,361.46623322301946,363.0152466207401,59857300
2022-12-27,364.6885681152344,366.36189009849295,363.01524613197586,366.0176778685383,51638200
2022-12-28,360.15618896484375,366.59131636080116,359.9267141935356,364.6215509122238,70911500
2022-12-29,366.6391906738281,367.5093216045126,362.4702133125497,362.9961320141737,66970900
2022-12-30,365.6733703613281,365.8167920978852,361.8486350909296,363.9618223377231,84022200
2023-01-03,364.1340026855469,369.4981809896888,361.2749926451564,367.52844425814527,74850700
2023-01-04,366.94512939453125,368.9722345195995,363.34986872415914,366.3905264117615,85934100
2023-01-05,362.75701904296875,365.1092230485303,362.16418974875853,364.99448566002695,76970500
2023-01-06,371.0758056640625,372.19455357778276,362.785708249104,365.84547897836046,104189600
2023-01-09,370.8655090332031,376.44964922378716,370.6838609207569,373.2655401902277,73978100
2023-01-10,373.4663391113281,373.53327899556643,369.34518834804146,370.28225918611713,65358100
2023-01-11,378.1898498535156,378.26636090740493,374.2312636370513,375.0440257972263,68881100
2023-01-12,379.5668029785156,381.02976337180365,375.2257485082276,379.2895306207411,90157700
2023-01-13,381.039306640625,381.6130228505716,376.10539392375364,376.3731242643396,63903900
2023-01-17,380.34130859375,382.6935423019026,379.6624261074559,381.0202202604648,62677300
2023-01-18,374.3364562988281,382.58832869980466,374.1356658339176,381.52697849057256,99632300
2023-01-19,371.6113586425781,373.94442072442195,370.2918200719056,372.2997830998825,86958900
2023-01-20,378.5341491699219,378.68714212069887,371.36276874212075,373.00740648744664,91806400
2023-01-23,383.075927734375,385.0074085420892,378.38106168560785,379.337245503758,84178800
2023-01-24,382.664794921875,383.57315208650715,380.21696655885887,381.4026252152029,59524900
2023-01-25,382.8082580566406,383.14292828207675,376.3157607326886,378.6010544265812,84800300
2023-01-26,387.0155029296875,387.17806706122406,382.5023129451065,385.4664894027648,72287400
2023-01-27,387.90472412109375,390.2760709827511,385.7628812656745,385.97324291614746,68346200
2023-01-30,383.0376892089844,387.37877210654403,382.7412745466371,385.1508473703547,74202000
2023-01-31,388.66961669921875,388.7174142189188,383.20978597821664,383.554027333468,86811800
2023-02-01,392.80035400390625,395.54462644508357,384.7206171548962,387.45528923844535,101459200
2023-02-02,398.518310546875,399.98127069479483,394.78919930515946,396.6824246845757,101654500
2023-02-03,394.2824401855469,398.7000051703591,393.0776391240828,393.55573107794413,94736800
2023-02-06,391.87286376953125,393.2689133762878,390.2186841761235,391.834637420615,60295300
2023-02-07,396.998046875,398.2410744328294,389.71192928803475,390.95495684586416,90990700
2023-02-08,392.65692138671875,396.3669196696717,391.9684677962696,395.02826801613645,76227500
2023-02-09,389.2529296875,396.4051963035193,388.0290153704697,396.2522033663381,78694900
2023-02-10,390.1613464355469,390.54381421799513,387.26410994237983,388.0768430374244,70769700
2023-02-13,394.7413635253906,394.8752432701656,390.3524831825662,390.81146193268944,64913500
2023-02-14,394.55975341796875,396.86413102531327,390.61070909281807,393.2210725630297,88389300
2023-02-15,395.8410339355469,395.91751581058026,391.5286350725414,392.3700815999979,61555700
2023-02-16,390.3907775878906,394.8179138959173,390.25692701019995,390.8784407346895,76431500
2023-02-17,389.4154052734375,389.6544512121104,386.3460344109805,388.2679730956426,89257800
2023-02-21,381.6034851074219,386.4513451946088,381.34532592151567,385.39953691428894,82655900
2023-02-22,381.0775146484375,383.55402728513724,379.62409654042705,382.0145561334285,83742300
2023-02-23,383.1046142578125,384.57714551664407,378.8878400941684,383.96517386295295,96242400
2023-02-24,379.0121765136719,379.84405183245593,376.3922419822525,378.0942481460913,108194400
2023-02-27,380.3030090332031,383.707021167783,379.3659383654355,382.3492272761536,80444700
2023-02-28,378.8974304199219,381.78509520813367,378.7922350201957,379.82492994288907,96438600
2023-03-01,377.44403076171875,379.30860107550785,376.1436346387775,378.0846868266854,99706800
2023-03-02,380.3795471191406,381.2209936912257,375.1396483986959,375.4743186281051,85127800
2023-03-03,386.47998046875,386.7285976253681,381.54606794616154,382.1962660076362,90120000
2023-03-06,386.7477111816406,389.59714976739536,386.3078747490803,387.3022850157021,72795900
2023-03-07,380.81939697265625,386.9389980101572,380.2074543771584,386.69995200651795,108310600
2023-03-08,381.44091796875,382.1962822868647,379.21299300204765,380.93414163742426,74746600
2023-03-09,374.4034118652344,383.88877016600645,373.4185434936177,382.2249901315046,111945300
2023-03-10,369.00091552734375,375.9332484862883,367.48058669730784,373.8583166785041,189253000
2023-03-13,368.4750061035156,373.2846390345943,363.9713881978472,365.0805650006383,157790000
2023-03-14,374.5659484863281,376.21058604424246,370.0909854321958,373.3898317252391,149752400
2023-03-15,372.2232666015625,372.4240570496017,366.89731528704147,368.98181836154816,172996900
2023-03-16,378.7540283203125,379.09826973239205,369.364323664859,369.8711000150825,143254200
2023-03-17,374.32537841796875,378.5582467760813,372.943216125859,377.42565051475987,140553400
2023-03-20,377.9247131347656,378.33746367070916,374.40214170963634,375.1028011958168,93055800
2023-03-21,382.88714599609375,383.36706269720565,379.69088436328576,381.28421132599215,91524200
2023-03-22,376.36016845703125,386.3232414014182,376.3217962204962,382.71428861761933,111746600
2023-03-23,377.3776550292969,383.25182988301947,374.6709182110407,379.2205184817109,119351300
2023-03-24,379.8540344238281,379.9404159071664,373.7590870150187,376.1010826470393,107682400
2023-03-27,380.5643310546875,382.8967484518619,379.67169303289216,382.12886416554034,74010400
2023-03-28,379.7099914550781,380.564227707631,377.8767066648121,379.87314668350865,62871700
2023-03-29,385.2290344238281,385.46899270747423,382.6662670661032,383.8660584843338,77497900
2023-03-30,387.4847106933594,388.10859647318574,385.62263176835995,387.8590304445402,69840000
2023-03-31,392.9461364746094,393.24368242982905,388.30051790737826,388.4061147934353,112062600
2023-04-03,394.4434814453125,394.84659500245755,392.03429064106433,392.4278257842298,67391100
2023-04-04,392.25506591796875,395.37452397054454,390.88248211307797,395.08655642138893,66601500
2023-04-05,391.2279968261719,392.2838191469049,389.577082640603,391.52554275858984,65200200
2023-04-06,392.7541809082031,393.0325407601975,389.3851567329968,390.4313714897771,63743300
2023-04-10,393.1572265625,393.23402961478297,389.66344926995697,390.2777272293107,63681000
2023-04-11,393.26287841796875,394.66422675434245,392.4950235384784,393.7811965721071,59297900
2023-04-12,391.6599426269531,395.6144801885437,391.07445840947173,395.32651264091214,86420400
2023-04-13,396.86224365234375,397.21737725795947,391.60234704835096,392.7445509263928,85814800
2023-04-14,395.8927917480469,398.4171577397506,393.58919793642514,396.22873922494233,78161500
2023-04-17,397.31341552734375,397.3326016491202,394.5778846470639,395.8064701519047,66436400
2023-04-18,397.572509765625,399.0218673008723,396.1999552913603,398.8874765900454,63560000
2023-04-19,397.50531005859375,398.4075262603893,395.60482989922565,395.66241754419593,55227300
2023-04-20,395.33612060546875,397.08302413683805,393.79077385332334,394.69301944461137,75840400
2023-04-21,395.64324951171875,396.10395069254025,393.6947893230702,395.6336418065236,73457400
2023-04-24,396.05596923828125,396.4782981802782,394.1075090570705,395.44166194381876,64332100
2023-04-25,389.76904296875,394.6450119030647,389.7114553215701,394.088292257947,97766700
2023-04-26,388.11810302734375,391.4583328014488,387.56141271088387,390.3833244029181,80447000
2023-04-27,395.8447570800781,396.1135091660831,390.4024907237528,390.65205669353617,92968400
2023-04-28,399.2234802246094,399.2330879315298,394.9042301280886,394.9618177860324,89433100
2023-05-01,398.8202819824219,400.845515871164,398.5899021077479,398.781880454679,62122300
2023-05-02,394.337890625,398.1580375216088,391.4392047424731,398.11002828382885,103998500
2023-05-03,391.63116455078125,397.24619509986604,391.3912062306647,394.837004192524,91531800
2023-05-04,388.8572692871094,390.91129731617235,387.5230869408355,390.58495750937874,94901900
2023-05-05,396.05596923828125,397.1021838881152,392.22624422840113,392.48538864162396,87891800
2023-05-08,396.16156005859375,396.64147667611564,394.76021173712985,396.3823322476967,50046800
2023-05-09,394.42425537109375,395.53766541370464,394.1939047732381,394.61623373049684,49220100
2023-05-10,396.2671813964844,397.8893020071386,392.44703434025826,397.2558085179079,96142900
2023-05-11,395.5760498046875,395.8639880395315,393.5028066384593,395.4032868637811,70157100
2023-05-12,395.0577392578125,397.0254148728848,392.63897016343816,396.8142503993596,70481500
2023-05-15,396.42071533203125,396.8238288685914,393.75238023444746,395.6624389099318,54289400
2023-05-16,393.7715759277344,396.2383543170176,393.761968222226,395.31689334176326,57705500
2023-05-17,398.5516052246094,399.1562756190207,394.1459737431661,395.7872805401457,87287000
2023-05-18,402.390869140625,402.8131980774416,398.01403224251106,398.23477512417634,97177200
2023-05-19,401.80535888671875,403.82101441184767,400.58638129995114,403.29311788250186,103793300
2023-05-22,401.9685974121094,403.5043365562108,400.5864351115969,401.8246282749285,60745400
2023-05-23,397.4573669433594,401.9013998007867,397.0638317760762,400.32725913165393,86383500
2023-05-24,394.57781982421875,396.2383417764392,393.4164298740769,395.85441436146004,89213700
2023-05-25,397.9947814941406,399.44413882097075,395.8447647643643,398.08116295648546,90961600
2023-05-26,403.149169921875,403.86904489294824,398.5707756508926,398.6475494260872,93830000
2023-05-30,403.3027038574219,405.6062976614237,401.9205417166639,405.07840112218025,72216000
2023-05-31,401.06634521484375,402.3813121326053,399.5018122688516,401.47906649861943,110811800
2023-06-01,404.8768615722656,405.9326839874396,400.0489015795839,401.2966730663804,88865000
2023-06-02,410.7318420410156,411.5188830151562,406.92130300774403,407.44919955900986,91426200
2023-06-05,409.9447937011719,412.3635629860605,409.2441048720611,411.0773899248413,65460200
2023-06-06,410.8374328613281,411.3653294424387,408.87936479133043,409.5320736758542,64022200
2023-06-07,409.4168395996094,412.3635345526036,408.9945106484148,411.2309384070294,85373300
2023-06-08,411.8931884765625,412.34431121135276,408.71614321581194,409.48399798951436,61952800
2023-06-09,412.6322937011719,414.63834160760314,411.64366666036057,412.6898813507892,85742800
2023-06-12,416.37567138671875,416.45247445367045,412.89150113320926,413.6113761039967,76104300
2023-06-13,419.1207275390625,419.76379931662035,417.1722675057486,417.8345546921649,95899700
2023-06-14,419.619873046875,421.4243641568749,416.1740753599218,419.45671780561304,100612100
2023-06-15,424.8221740722656,426.0699454976172,418.7080413628314,418.8040012480244,110303100
2023-06-16,423.3751525878906,427.3732510116979,422.9030966686289,426.80484934957235,114165800
2023-06-20,421.1785888671875,422.32503554227975,419.1072877770987,421.4387253030806,76160400
2023-06-21,419.0205993652344,420.99555478179644,418.4329109170005,420.1959468611093,76982300
2023-06-22,420.5331115722656,420.6390713007603,417.72961825633774,418.06681362984074,70637200
2023-06-23,417.3538818359375,419.13617505158805,416.6409763099136,417.0841314152319,92074500
2023-06-26,415.6486511230469,418.70260790321004,415.4078014980868,416.7854542967168,72823600
2023-06-27,420.20556640625,420.82212620155866,416.0725783167209,416.5253768197751,72813700
2023-06-28,420.4175109863281,421.4290677123489,418.509971256602,419.1265310456325,75636000
2023-06-29,422.0745544433594,422.2383451446893,419.5986423394109,420.00325329466176,67882300
2023-06-30,427.0553283691406,428.0379843526411,424.96474047999936,425.28267848094407,104964000
2023-07-03,427.5466613769531,427.82602579498047,426.4291155030701,426.70850932168867,32793400
2023-07-05,426.9107971191406,427.6429894132442,425.7258063379871,425.7354497315169,58418400
2023-07-06,423.56787109375,423.9917688689175,421.063028622468,423.3366648166022,80658300
2023-07-07,422.4984436035156,426.438769743823,422.2575939538954,422.5755319557256,86134200
2023-07-10,423.56787109375,423.74127580161087,421.5736287515659,422.14203044995077,62443500
2023-07-11,426.2653503417969,426.7566930521444,423.3558970583311,424.32893908451956,64463800
2023-07-12,429.6950378417969,431.1016209821125,428.62567949600117,430.0515200243212,91924500
2023-07-13,433.1054992675781,433.89549322497544,431.0727422071223,431.506253963796,72425200
2023-07-14,432.835693359375,434.83954937929775,432.0746002832751,433.99178336356243,69815800
2023-07-17,434.338623046875,435.3887239970372,432.6430320958501,432.6912196663996,52680200
2023-07-18,437.5660095214844,438.2114701147798,433.5775252322227,434.0110663595222,80668200
2023-07-19,438.5390625,439.724023983291,437.48893213427476,438.35601441060516,65891700
2023-07-20,435.62957763671875,438.44271452207744,434.91667207150675,437.5467608684042,70591600
2023-07-21,435.62957763671875,437.5467608684042,435.61996364299455,437.3444259913096,71275600
2023-07-24,437.57562255859375,438.38487379289774,435.7451418375123,436.77598531715506,54023400
2023-07-25,438.7702331542969,440.02263949533193,437.2576903912355,437.30587795856155,55191200
2023-07-26,438.83770751953125,440.263518637083,436.7856637889011,437.83576473919794,71052900
2023-07-27,435.92822265625,442.6238546795818,435.02262562113657,442.2192143317386,92194400
2023-07-28,440.19610595703125,441.0246146496096,435.92822776892785,439.1941631701477,80011800
2023-07-31,441.03424072265625,441.39069349037516,439.35790721415856,440.66814456102355,62040400
2023-08-01,439.77215576171875,440.5139620189602,438.81837125887813,439.569820909262,55291500
2023-08-02,433.6545715332031,436.92047716007846,432.90312187918494,436.660370149276,93933400
2023-08-03,432.41180419921875,434.29044314301314,430.995607146359,431.6410971149184,64276100
2023-08-04,430.4561462402344,436.3232404604835,429.9359027397443,434.2230384704291,100128900
2023-08-07,434.2133483886719,434.3674956833761,431.5929031798807,432.28655130575453,58357500
2023-08-08,432.3251037597656,434.2037427118271,428.9724661870649,431.6796137883657,71361300
2023-08-09,429.43487548828125,432.7586120279548,428.6737824515494,432.59482134894097,78789600
2023-08-10,429.58905029296875,435.1671361209915,428.4233462814403,431.7855978075418,93005500
2023-08-11,429.3385925292969,430.3501787286785,427.1227874459535,427.72008989099777,68690900
2023-08-14,431.7085266113281,431.7085266113281,428.1150686990038,428.4233633029166,47867400
2023-08-15,426.67962646484375,430.2923712690211,426.1111954097984,429.9358890851779,75707500
2023-08-16,423.5486145019531,427.9224233894094,423.4426253576642,426.26537646534126,80107200
2023-08-17,420.3211975097656,425.27305119137833,419.8009540161682,425.01294414487614,95711300
2023-08-18,420.5234680175781,421.5543115245304,417.1612164787308,417.5080258452247,98852000
2023-08-21,423.259521484375,424.0013277942752,419.38666984217986,421.53502982303786,68719000
2023-08-22,422.1130676269531,425.0321640493009,421.5543094057689,425.0321640493009,64994200
2023-08-23,426.81451416015625,427.4311034249485,423.0283644204359,423.17286834168584,68441000
2023-08-24,420.89923095703125,428.9243284062607,420.8703007742917,428.41372832126285,88517300
2023-08-25,423.8664855957031,425.1477928046301,419.0783933508206,422.62369316256587,102325100
2023-08-28,426.55438232421875,427.1709421526019,423.8664919427265,426.05339622552776,61595400
2023-08-29,432.7200927734375,432.9994865828607,426.26531078000176,426.44835885508,83081900
2023-08-30,434.50244140625,435.1382880533624,432.3540517986095,433.05734340842935,69053900
2023-08-31,433.8665466308594,436.2557562391773,433.6834985527266,435.1189529964718,66084600
2023-09-01,434.6758117675781,437.06505085275637,433.2210704898494,436.5833515582069,58944100
2023-09-05,432.79718017578125,434.55057269413254,432.72976461783867,434.23266409054196,55166200
2023-09-06,429.8877868652344,432.09397821162366,427.56599237416026,431.9879890619317,70758500
2023-09-07,428.56787109375,429.24223247025344,426.5447281630559,426.8915375451562,70355400
2023-09-08,429.2133483886719,430.74514868706615,428.25959315019446,428.61604594030854,61659700
2023-09-11,432.0361022949219,432.34436749416994,430.12856253408137,431.83376742594476,60180100
2023-09-12,429.6661682128906,432.11320909412444,429.08815252492514,430.59105211482444,67565400
2023-09-13,430.1671142578125,431.3231749266096,428.78943192828973,429.8877204342684,60199300
2023-09-14,433.87615966796875,434.56980780447236,431.33280276784916,432.63339669886733,83430800
2023-09-15,428.648681640625,432.62223173023705,428.2136407942197,432.29352436707654,111848900
2023-09-18,428.9001159667969,430.1956202798295,427.8656361967372,428.3393572391215,55752200
2023-09-19,428.0105895996094,428.5713482483716,425.332573169419,427.9815868766938,66514600
2023-09-20,424.0757751464844,429.68318495179983,423.8727265693422,429.2674693964477,82562600
2023-09-21,417.0665588378906,421.4944759763419,416.9118677822532,421.23345141612367,104095800
2023-09-22,416.1286926269531,419.6864977783781,415.71294757869936,418.091288955446,100829700
2023-09-25,417.8785705566406,417.9172211836111,414.485104517223,414.92017485715184,70874500
2023-09-26,411.73944091796875,415.54862280920696,410.90798029741677,414.84285049792544,96168400
2023-09-27,411.9037780761719,413.4700137261174,408.2686420542666,412.90925504168933,104705800
2023-09-28,414.2917785644531,415.964347748709,410.76297593705533,411.3527373620953,92258300
2023-09-29,413.28631591796875,417.5112133076614,411.7684378270295,417.3371969608053,115111300
2023-10-02,413.12200927734375,414.3691856249788,410.36663202274156,412.4549170103042,83798600
2023-10-03,407.59185791015625,413.1799422139496,406.22867088652805,410.94664397430034,103760600
2023-10-04,410.5599670410156,411.3043900178651,406.59609392791054,408.0559666596498,87453000
2023-10-05,410.4052429199219,411.2463514179395,407.1858225474584,410.269877205424,70142700
2023-10-06,415.2779235839844,416.81512702154566,406.6347574601129,407.9592644123595,113273300
2023-10-09,417.9366149902344,418.5070215863633,412.8319288458573,413.3829806224,80374400
2023-10-10,420.11187744140625,422.70288570856627,418.1686064888882,418.5649967058061,78607300
2023-10-11,421.8327941894531,422.08414129890025,418.79703802262225,421.17537943505704,62451700
2023-10-12,419.2611083984375,422.8189135801861,416.91179922986146,422.44187816631086,81154200
2023-10-13,417.1728210449219,421.9584770278049,415.60661494268294,420.7596289275812,95143100
2023-10-16,421.5621032714844,422.6255856986061,419.1741138914331,419.4158131019472,75433200
2023-10-17,421.5427551269531,423.5923892481788,418.09131276942526,418.4393454760135,75324700
2023-10-18,415.9256896972656,420.73067151213604,414.84288188055683,419.77355201420596,93559800
2023-10-19,412.2711486816406,418.44899434083845,411.5944086302288,416.64108906158174,121323000
2023-10-20,407.2051696777344,412.3775387523352,407.09880668145956,411.8361348739324,123919900
2023-10-23,406.4993896484375,410.35692908932583,403.92770652261123,405.67760643648245,92035100
2023-10-24,409.5641174316406,410.71460793995783,406.77006062450005,408.61664598235126,78564200
2023-10-25,403.6860046386719,407.91093157015536,403.17360349885,407.88192884542195,94223200
2023-10-26,398.8520202636719,403.47330792914914,397.9335809780985,402.6225515026816,115156800
2023-10-27,397.04412841796875,400.8339851009318,395.62293584989493,400.43759484678344,107367700
2023-10-30,401.79107666015625,402.8448816266276,398.5329761803426,399.8284803456642,86562700
2023-10-31,404.3144226074219,404.6334525608876,400.4568834170143,402.3614742415841,79665200
2023-11-01,408.6263427734375,409.43844855236455,404.74947812853236,405.28123407598383,98068100
2023-11-02,416.4573974609375,416.612088488878,412.3968391143164,412.41616442869764,94938900
2023-11-03,420.25689697265625,421.8037777300333,418.6326854543438,418.75837375712325,100167800
2023-11-06,421.2236633300781,421.6683815579989,419.2803924905788,421.01096687249964,67831700
2023-11-07,422.4225158691406,423.0606052933152,420.0828841514639,421.22369728667144,64256100
2023-11-08,422.73193359375,423.5440394282341,420.43095231056213,423.02196085453033,61746000
2023-11-09,419.4351806640625,423.91145521433583,419.00978765036695,423.8727750755541,83174400
2023-11-10,425.9803466796875,426.28972875327344,419.42546520511473,421.5041020397778,89462200
2023-11-13,425.5743103027344,426.6764433760795,423.86309048956497,424.64619358239656,52236100
2023-11-14,433.8307800292969,435.1166069139446,431.2784220719966,431.50079597873554,97176900
2023-11-15,434.7491760253906,436.39274237985995,433.8983901244557,435.16489156652574,77327600
2023-11-16,435.2809143066406,435.59994425440004,433.24095780816333,434.30444014118734,66665800
2023-11-17,435.8223571777344,436.43144390959674,434.37216191303287,435.2906012114316,83133200
2023-11-20,439.1771240234375,440.01823251915994,435.56128392675316,435.5709613361329,69936200
2023-11-21,438.2200012207031,439.0514618608499,436.9534996970191,438.13299304399567,49244600
2023-11-22,439.911865234375,441.22672421241435,438.81940964411666,439.87321460582723,59394900
2023-11-24,440.1826477050781,440.3760189003886,439.6315958566172,439.96030328520334,29737400
2023-11-27,439.3898010253906,440.3662456876674,439.00305871890555,439.55413995178077,50506000
2023-11-28,439.8248291015625,441.1203331786689,438.44231685931027,439.00304598057033,62115000
2023-11-29,439.5155334472656,443.1023712619962,439.1191726740231,441.97120588419773,63146000
2023-11-30,441.2460632324219,441.59412543023933,438.28766732031204,440.35662667945024,79752700
2023-12-01,443.8564453125,444.3881717849613,440.0472633152973,440.6369952391435,89183400
2023-12-04,441.5263977050781,443.87570666050044,439.2544195055919,440.47259281771954,72430900
2023-12-05,441.439453125,442.3965725770802,439.76688393206007,440.14394887033336,69793500
2023-12-06,439.6605224609375,443.60504042530386,439.2254520989698,443.57603770145914,69124700
2023-12-07,443.01531982421875,443.66305717468333,441.13973162302386,441.7391409339485,66995400
2023-12-08,444.9198913574219,445.4516177863762,442.02914891320626,442.2708481089666,83194400
2023-12-11,446.6505126953125,446.8245585692723,444.214195007191,444.42689151598506,65002200
2023-12-12,448.6903991699219,448.78708475043413,445.30661038207074,446.30240990232363,68327600
2023-12-13,454.8779296875,455.12930631637573,448.70976090431213,449.06747102737427,93278000
2023-12-14,456.3377990722656,458.00069086527446,453.66943027540754,456.8115200961749,119026000
2023-12-15,455.5863952636719,456.9163018501235,453.7420397034311,455.7417134699126,141553700
2023-12-18,458.14910888671875,459.12954211953263,456.13003141968665,457.18810894495897,70375300
2023-12-19,460.9350891113281,461.0127630324847,458.61509172941334,458.69273602664884,55761800
2023-12-20,454.5477294921875,461.9639883390121,454.12061185125907,460.08079591053223,102921000
2023-12-21,458.8576965332031,459.1294959653639,455.11071547850463,457.5277900582173,86667500
2023-12-22,459.7799377441406,461.4592882220052,457.8870580411275,459.98377994700513,67160400
2023-12-26,461.7213439941406,462.62410332069675,460.1099508863103,460.1876248035588,55387000
2023-12-27,462.55615234375,462.7017539013479,460.98359627385656,461.51747852635486,68000300
2023-12-28,462.7309265136719,463.5657286208665,462.3135254600746,462.91536504878167,77158100
2023-12-29,461.3912658691406,463.0608994653051,459.44011618801756,462.5367042508105,122283100
2024-01-02,458.8092346191406,459.79938459581,456.7124830275094,458.33359292378987,123623700
2024-01-03,455.0622863769531,457.39200051317124,454.4604467676884,456.6542463475319,103585900
2024-01-04,453.5964660644531,457.16869615612853,453.37319057475315,454.5865863632777,84232200
2024-01-05,454.2176818847656,456.6638768226145,452.7712941422228,453.80025127175645,86118900
2024-01-08,460.7021179199219,460.84771948944723,454.5865853845721,454.71278328613425,74879100
2024-01-09,460.00323486328125,461.02247554943773,457.54732279548995,458.05208481523704,65931400
2024-01-10,462.6047058105469,463.4686578138975,459.9934757568045,460.27499186871785,67310600
2024-01-11,462.40087890625,464.119036700077,458.4306513904914,463.60455806414546,77940700
2024-01-12,462.72119140625,464.58498035155515,461.3136700813151,463.8472262405501,58026400
2024-01-16,461.0224304199219,462.6532272077025,459.2071951071508,461.34278348918724,85014900
2024-01-17,458.4597473144531,458.9451056102245,456.11060012839494,458.0035093314712,68843900
2024-01-18,462.5367431640625,463.09005873569527,458.58594911701266,460.12938495584103,91856200
2024-01-19,468.3028259277344,468.58434205067863,462.5853202688259,463.6628015298727,110834500
2024-01-22,469.29296875,471.0111265282756,468.6425755704272,469.83656769535,75844900
2024-01-23,470.66162109375,470.90430023582877,468.7493378931313,469.83653570981716,49945300
2024-01-24,471.17620849609375,474.4572061642856,470.6811334834007,473.525326396796,81765000
2024-01-25,473.7388610839844,474.01066056996024,471.17618444820096,473.3020267275593,72525000
2024-01-26,473.1369934082031,474.79691054106985,472.29247468488353,473.3117152908374,76641600
2024-01-29,476.8839416503906,477.0295728420406,472.9040272208165,473.4476261562877,61322800
2024-01-30,476.51507568359375,477.2236798269538,475.7578883130134,476.1947226231299,58618400
2024-01-31,468.7395935058594,474.75801809886633,468.7201602163353,474.3114967985656,126011100
2024-02-01,474.8746032714844,474.90372358641025,469.6327095934461,470.43842101293257,91891600
2024-02-02,479.8737487792969,481.523949196212,474.97161226030033,475.31136898916844,99228200
2024-02-05,478.12646484375,479.90289286822576,475.87442477356564,479.2428126687566,75757100
2024-02-06,479.5146484375,479.8446885622171,477.64114268330553,479.06809742412736,55918600
2024-02-07,483.5139465332031,483.93134756331705,480.8541628931194,481.75695184930976,70556500
2024-02-08,483.7275085449219,484.1060726186496,482.69855130751233,483.513949705615,52343600
2024-02-09,486.52313232421875,486.95993698445255,483.89246922228017,484.232225929518,63979400
2024-02-12,486.3096008300781,488.7557959365899,485.59125041968997,486.4940393494017,56502300
2024-02-13,479.61163330078125,482.5334996770295,476.35003982173856,480.04846760997253,113099200
2024-02-14,483.9701843261719,484.4555426281319,479.9222830533005,482.2423099561509,68387800
2024-02-15,487.3094787597656,487.49391729462275,484.1934569596569,484.66912826614583,61683000
2024-02-16,484.8827209472656,488.14431492487785,484.1449667563623,487.0085929456435,75532900
2024-02-20,482.2132263183594,483.8149029118612,479.97087316267243,483.14510603430045,71736700
2024-02-21,482.6499938964844,482.80531210783914,479.10688422021883,480.9124325062878,59293400
2024-02-22,492.6387023925781,493.59970240133447,488.2898811137423,489.25091074641995,76402500
2024-02-23,492.9784851074219,495.191718012327,492.250447577862,494.3568862406584,61321800
2024-02-26,491.1728820800781,493.8520693709636,491.0466841824756,493.4152350521733,50386700
2024-02-27,492.0853271484375,492.308602616629,489.9691722068436,491.8620813041637,48854500
2024-02-28,491.4350280761719,492.01743437576624,490.17307863790023,490.5322390639573,56506600
2024-02-29,493.20172119140625,494.8131144463538,490.5516835957709,493.19203416880555,83924800
2024-03-01,497.83197021484375,498.2590878764062,493.6676174504883,494.07533144522296,76844800
2024-03-04,497.29815673828125,499.14254217920546,497.0069535759895,497.03610351614157,49799300
2024-03-05,492.3280334472656,495.7449748064334,490.1245174506037,495.29842384541166,72855600
2024-03-06,494.8227844238281,497.0748540345267,493.53174438668293,495.5993458504527,68382400
2024-03-07,499.7346496582031,500.78304025779806,494.8810662776538,498.11356939849594,58652100
2024-03-08,496.735107421875,503.04473579557066,496.1623881738849,500.36560770630734,86532500
2024-03-11,496.3080139160156,496.8904498381802,493.6094227797772,495.53145243574386,62557200
2024-03-12,501.64697265625,502.22937893995004,495.90028750048145,498.41446966211043,73114400
2024-03-13,500.8606262207031,502.14197926945354,499.4239845817287,501.9672573875113,55104100
2024-03-14,499.8705139160156,501.9866689472691,496.8321662856789,501.83132111592977,110171800
2024-03-15,496.4381408691406,498.2590460217431,494.77306623402836,496.80816405826874,107646300
2024-03-18,499.3885192871094,501.93969410963876,498.97956820958467,500.4985887866016,88893300
2024-03-19,502.1636657714844,502.44602683293346,497.69420694088996,498.6971800566581,60755300
2024-03-20,506.808349609375,506.9446864437559,501.5502289693654,502.22210687375775,69594600
2024-03-21,508.483154296875,510.342957334889,508.200733818281,509.6418984195912,60256100
2024-03-22,507.5192565917969,508.8824467519345,507.28551081424,508.3955803879005,79070800
2024-03-25,506.1170349121094,507.2660322991133,505.96120440733904,506.1462159868013,48512100
2024-03-26,505.1822204589844,507.87947884663447,504.7830162330491,507.5386367689601,65463700
2024-03-27,509.42767333984375,509.466660680705,505.84434446401093,508.0060617645378,82999800
2024-03-28,509.3303527832031,510.8298796934876,509.04799170553036,509.46668962011773,96294900
2024-04-01,508.4441833496094,510.605900605306,507.2854391895369,510.07035956686866,62477500
2024-04-02,505.21148681640625,505.3477642225264,502.9134325371014,504.62721155274875,74230300
2024-04-03,505.7664489746094,507.2660352902269,504.0721636747669,504.12083842082313,59155800
2024-04-04,499.5930480957031,510.10934946561747,499.2911933332161,509.76856679026787,96858100
2024-04-05,504.8122253417969,506.7694375345306,500.5083435441168,500.94653513579135,74546500
2024-04-08,505.0946044921875,506.5162756490336,504.2864491311744,505.51336185898396,48401800
2024-04-09,505.67889404296875,507.0713247303679,500.83941141698267,506.8278915451877,68049200
2024-04-10,500.6153869628906,502.601780021425,498.6387407392185,499.99218385090813,82652800
2024-04-11,504.3934326171875,505.83453769216663,498.62895288535583,502.13436609602974,70099000
2024-04-12,497.4313659667969,502.27081877394835,495.70784003413945,500.85889444352966,92561100
2024-04-15,491.1994323730469,501.7644075343254,490.3522600316743,501.59888962975333,92101400
2024-04-16,490.3035888671875,493.19557596027215,489.018254666714,491.676555438244,73484000
2024-04-17,487.4018859863281,492.9229634124424,486.00945537176443,492.7574157801548,75910300
2024-04-18,486.3989562988281,490.8878795783521,485.46418121059236,488.794360179131,74548100
2024-04-19,482.15350341796875,487.31427501412566,480.8876330360681,486.3210783246666,102212600
2024-04-22,486.59375,489.1838827819534,482.41642801907807,484.7533807670464,67961000
2024-04-23,492.3679504394531,492.79639521919916,486.4087108687592,488.5996095177476,64633600
2024-04-24,492.13427734375,494.0427852311199,489.9141678416356,493.2540640735244,55928100
2024-04-25,490.2646179199219,491.02412816029823,484.42222231211605,486.0678327855915,69122400
2024-04-26,494.9093933105469,496.48683553540934,492.41663996726425,493.04956028124485,64306100
2024-04-29,496.6621398925781,497.33401788873596,493.925953155284,496.69135068736904,46415400
2024-04-30,488.7943420410156,496.1752226900087,488.7943420410156,495.20149000874,77483600
2024-05-01,487.2071838378906,494.84124497607075,486.7397814235659,488.2101273744075,80242800
2024-05-02,491.7642517089844,492.6016773299733,486.42818551774343,490.90736213065725,62550200
2024-05-03,497.8597717285156,499.08665465274976,495.20147091341136,497.73318173027803,72756700
2024-05-06,503.0010986328125,503.0400265445959,499.8169737447077,500.2551653379584,47264700
2024-05-07,503.55615234375,504.9485829994704,502.8842743906612,503.9651034446084,52561300
2024-05-08,503.6048278808594,504.14036899052337,501.6086876910597,501.72553086291623,42047200
2024-05-09,506.5065002441406,506.54548758690595,503.13742328274043,503.78980752288453,43643700
2024-05-10,507.1590270996094,508.9117342857,505.94186107705553,508.10351940578255,52233200
2024-05-13,507.22705078125,508.94082976185797,506.0878002167031,508.8337334335511,36716400
2024-05-14,509.5543518066406,510.07045870728615,506.8863334989738,507.4218746415022,57535900
2024-05-15,515.8641357421875,516.1562436643347,511.38492968552964,512.0178797101214,59504900
2024-05-16,514.8026733398438,517.5583531460086,514.6565896819933,515.9614174721102,50244800
2024-05-17,515.5427856445312,515.6109540647997,513.4687302561026,514.9195824580145,59187600
2024-05-20,516.13671875,517.5973177042522,515.2700824401487,515.6595992673854,37764200
2024-05-21,517.402587890625,517.5584184029028,515.1727614260365,515.3772666864285,33437000
2024-05-22,515.9127807617188,517.4220544657823,513.741316563043,516.7112486575287,48390000
2024-05-23,512.1444091796875,519.0676335599267,510.9369308576571,518.9605372397859,57211200
2024-05-24,515.5330200195312,516.3412347653415,513.0402667962413,513.9847589456947,41291100
2024-05-28,515.8932495117188,516.5748741957514,513.2641596915468,516.3411878885217,36269600
2024-05-29,512.28076171875,513.4589997088932,511.56995584928654,511.871810616093,45190300
2024-05-30,508.8824157714844,511.4044095336918,507.6360688600374,510.7422784507473,46377600
2024-05-31,513.5173950195312,513.6439850215788,504.7440541264526,509.8367164200918,90785800
2024-06-03,513.9361572265625,515.4065032558699,508.87273480704334,515.1241421408643,46835700
2024-06-04,514.5106201171875,515.2506664560023,511.17072418863216,512.631323194632,34632700
2024-06-05,520.6256713867188,520.6451650598835,514.84169649016,516.8281493311971,47610400
2024-06-06,520.6159057617188,521.3559521321091,518.6879340097541,520.9275073614583,30808500
2024-06-07,519.98291015625,522.787264555686,518.5514924537447,519.6420681166458,43224500
2024-06-10,521.5897216796875,521.9110701669202,518.5809204008552,519.1748831863932,35686100
2024-06-11,522.8457641601562,522.9041857425336,518.0744503489441,520.0414093421914,36383400
2024-06-12,527.139892578125,529.8274041983666,526.1077383475028,527.4028194115604,63251300
2024-06-13,528.2012939453125,529.0581834417079,525.4164327979901,528.8829186945259,44760900
2024-06-14,528.5225830078125,528.5517640797698,525.6694943308721,526.6724673865745,40089900
2024-06-17,532.7291870117188,534.1216772051151,527.3834034899254,527.8410888070123,55839500
2024-06-18,534.0825805664062,534.2091705580833,532.3688016931667,532.7874995764366,41376400
2024-06-20,532.6317749023438,535.669816103357,530.8595742964317,535.0076850141029,70328200
2024-06-21,531.917724609375,533.0313753907063,530.4621917432297,531.8102827682807,64338600
2024-06-24,530.1886596679688,534.3013212499749,530.0714395414016,531.7419157804823,45528700
2024-06-25,532.230224609375,532.5916631831469,529.8954816744096,531.4096242974609,37936200
2024-06-26,532.8946533203125,533.6077524053179,530.4720243887124,531.1167351250136,38550600
2024-06-27,533.7347412109375,534.311123211826,532.0154331135317,532.7578670304722,35041500
2024-06-28,531.6343994140625,537.5543137581463,530.3938098387125,534.5064116818106,76144500
2024-07-01,532.728515625,533.2560061424955,529.9737236752046,533.0117876323043,40297800
2024-07-02,536.3136596679688,536.3136596679688,531.0776287968915,531.1264605772033,40434800
2024-07-03,538.7069702148438,539.068408833479,535.9619565950238,536.0010100914286,32789900
2024-07-05,541.8134155273438,542.2139076372644,538.3747999305978,539.0097918869257,41488400
2024-07-08,542.438720703125,543.3862600338458,541.3739016175886,542.5949943367658,36110500
2024-07-09,542.9661865234375,544.2947210316149,542.6731362089374,543.396013525926,27289700
2024-07-10,548.3388671875,548.6807492045888,543.8941028470899,544.1871530936876,38701200
2024-07-11,543.61083984375,549.3255886798729,542.9759074999535,548.4561564855596,53054200
2024-07-12,547.0396728515625,550.6345620898736,544.2653840243584,544.7342644743289,53084400
2024-07-15,548.5441284179688,551.7775792240066,546.6880438244344,549.0325654558818,40584300
2024-07-16,551.7969970703125,552.090047326324,549.1008154677004,549.8530274778409,36475300
2024-07-17,544.0601806640625,547.5476278240299,543.7377955656038,545.8771519032762,57119000
2024-07-18,539.8792114257812,546.5806130354061,537.7008012722223,545.5939606590898,56270400
2024-07-19,536.2940063476562,541.2663208584747,535.2389658144236,539.6446767543289,65509100
2024-07-22,541.8232421875,542.4288993582354,538.277184442637,540.2113760766848,43346700
2024-07-23,540.9732666015625,543.8647752379528,540.4848296428585,541.7156406949248,34439600
2024-07-24,528.7135620117188,536.4699449259502,527.7952979520205,536.1671163330532,74515300
2024-07-25,525.9586181640625,534.7993741184106,525.0208574364331,528.8306296397227,61158300
2024-07-26,531.8493041992188,534.5357078065754,528.9675138593225,529.7392825093052,53763800
2024-07-29,532.1619873046875,534.3990077101311,530.1691258203317,533.3928583100442,39515800
2024-07-30,529.4656982421875,534.6822315404584,526.0661958644091,533.6271909452782,46853600
2024-07-31,538.0719604492188,540.6997538692295,534.9166765387299,536.2842643515584,65663400
2024-08-01,530.452392578125,542.0381046138815,526.9551667505608,539.7913062018092,76428700
2024-08-02,520.5762939453125,524.571676102486,516.3756871144337,523.3603616135271,82789100
2024-08-05,505.4150695800781,511.4717002411795,498.4694800108966,499.80782241877216,146267400
2024-08-06,510.07476806640625,517.4989864003181,505.8937188490462,507.2124748611044,84826300
2024-08-07,506.6654357910156,519.2964689099484,506.06955696870784,516.2485672171777,70698300
2024-08-08,518.3782958984375,519.0034500456989,509.77203694963987,511.7941139882875,63276600
2024-08-09,520.6641235351562,522.1489912653111,516.3365783728381,517.5576710131196,45619600
2024-08-12,520.9376831054688,523.3407552909962,518.6713279832952,521.8559471668351,42542100
2024-08-13,529.5048217773438,529.7393216479126,523.878076980635,524.1222955084382,52333100
2024-08-14,531.1752319335938,532.3572709257232,527.6291745808618,530.2960214933445,42446900
2024-08-15,540.2797241210938,540.5629961238054,536.1866195717042,536.7922766972661,60846800
2024-08-16,541.4910278320312,542.1846298407453,538.5115740387317,538.6678476452682,44430700
2024-08-19,546.6685180664062,546.6685180664062,541.0514918139045,541.901367537868,39121800
2024-08-20,545.779541015625,547.8700657821756,544.4412283435015,546.2191462607274,33732300
2024-08-21,547.6551513671875,549.1106842316043,541.9013486274712,546.8248322343893,41514600
2024-08-22,543.3568725585938,550.1559376249218,542.1455582382872,549.5502804647684,56121500
2024-08-23,549.1302490234375,550.0680696349215,544.4021520897437,546.5904001832064,50639400
2024-08-26,547.8211669921875,550.8690092024209,546.1214157161334,550.1559102385648,35788600
2024-08-27,548.5733642578125,549.0618012606642,545.4083020191189,546.5512279111676,32693900
2024-08-28,545.3887329101562,548.661296528156,542.2041141850556,548.2314695905903,41066000
2024-08-29,545.4375610351562,550.6443160255352,544.294635177053,547.3522554939839,38715200
2024-08-30,550.6444091796875,551.1524028130747,544.2556737558524,547.8017316610252,62700100
2024-09-03,539.3126220703125,547.8407131286382,536.8020487007664,547.508549729637,60600100
2024-09-04,538.2088012695312,541.6083040829072,536.7532683896355,537.4761456891545,47224900
2024-09-05,536.8997192382812,540.9928237930679,534.4477558926965,538.1501466111926,44264300
2024-09-06,527.8635864257812,538.8436399407501,526.964879098129,537.2220554393132,68493800
2024-09-09,533.773681640625,535.043665505135,530.1299607989381,532.0544335310877,40445800
2024-09-10,536.0986938476562,536.4504138231891,530.8138314182086,535.6786451567546,36394600
2024-09-11,541.5985107421875,542.5167747623394,527.4729497044474,536.0108196239122,75248600
2024-09-12,546.1605224609375,546.4633510224045,539.9573366553728,542.1748597619055,51819600
2024-09-13,549.012939453125,550.0093699640063,546.5121445202687,546.7661412876428,39310500
2024-09-16,549.8238525390625,550.0875680057417,546.9518402590558,548.7492552395013,36656100
2024-09-17,550.0484619140625,553.477299266029,547.8211605278194,552.0314851715059,49321000
2024-09-18,548.4171142578125,555.5385046014119,547.8602888957543,550.702966140304,59044900
2024-09-19,557.7755126953125,559.6315971955383,554.9426137920285,557.8048475354702,75315500
2024-09-20,556.8113403320312,557.8500005367814,553.7933228326182,556.4096197933483,77503100
2024-09-23,558.2027587890625,558.8495067502496,556.6643550711399,557.8794446150124,44116900
2024-09-24,559.7999267578125,559.8587165873663,556.1743944512203,558.9964258828836,46805700
2024-09-25,558.5652465820312,560.3780425284191,557.4579883539482,559.6431398003925,38428600
2024-09-26,560.77978515625,563.1413061737785,558.4281322177342,562.817932214862,48336000
2024-09-27,559.9664916992188,562.6611352170194,558.9376397719122,561.8478858705382,42100900
2024-09-30,562.21044921875,562.8179640810873,556.6447925339722,558.9376557740085,63557400
2024-10-01,557.1738891601562,562.5043864049716,554.6066335561335,561.8576982708267,72668800
2024-10-02,557.4090576171875,558.4281611024765,553.8913563966638,556.282242548741,38097800
2024-10-03,556.3899536132812,558.3300776437013,554.1068390984451,555.9391917508498,40846500
2024-10-04,561.4461059570312,561.8184614824812,556.6643337627131,560.8287828388663,42939100
2024-10-07,556.3703002929688,560.4465939096317,555.2238688786401,559.7998460712181,49964700
2024-10-08,561.63232421875,562.2300906410503,558.0656412646009,558.9376805045769,37398700
2024-10-09,565.5223999023438,566.0809331902332,561.0247685875196,561.6224751598685,37912200
2024-10-10,564.5327758789062,565.953600014702,562.9257739624676,564.1800368650188,44138100
2024-10-11,567.9132690429688,568.6481717987969,564.3171018304082,564.4542980317323,42268000
2024-10-14,572.5579223632812,573.4888112745962,569.0401610478535,569.520288010914,36217200
2024-10-15,568.109375,573.1263074210011,566.8942852830332,572.8225499433973,54203600
2024-10-16,570.5784912109375,571.0978512020905,567.305757742965,568.1092586044506,30725400
2024-10-17,570.6275634765625,574.3216944108202,570.441385688738,574.1159000748407,34393700
2024-10-18,572.822509765625,573.6063941876963,570.852960533333,572.3129579783322,37416800
2024-10-21,571.8818359375,573.0772492638474,568.9127995570122,572.0973787445921,36439000
2024-10-22,571.5780639648438,572.7343039714391,568.6972423190728,569.3537388044809,34183800
2024-10-23,566.355224609375,570.0003732214365,562.8570804647936,569.5594196255329,49314600
2024-10-24,567.5801391601562,568.3836400907534,564.9639018539431,568.3052337104026,34979900
2024-10-25,567.3841552734375,572.6950960929863,566.4435179318251,569.8044663478088,47268200
2024-10-28,569.1381225585938,570.9802836348513,568.8343651367928,570.8528957024953,30174700
2024-10-29,570.0592041015625,571.1762108700161,566.7864107519835,568.1778099310847,42899700
2024-10-30,568.3346557617188,571.5780244818477,567.6291179550885,569.5888588084969,41435800
2024-10-31,557.1934814453125,564.0427655154251,556.9974954170759,563.9741674152153,60182500
2024-11-01,559.545166015625,563.9643910438907,559.1336371976272,559.8195584319851,45667500
2024-11-04,558.3399658203125,560.9758196621659,556.4586313456186,559.6823835212687,38217000
2024-11-05,565.0912475585938,565.1304208425688,559.0356559214524,559.251198693126,39478300
2024-11-06,579.1425170898438,580.0146160051545,573.6062858121453,577.3395892403747,68182000
2024-11-07,583.6204833984375,584.6395866964643,581.0630364952552,581.1414428581493,47233200
2024-11-08,586.148681640625,587.5695056932594,584.1693242787533,584.1693242787533,46444900
2024-11-11,586.7070922851562,588.0886829564369,584.9825111589258,587.7359440369437,37586800
2024-11-12,584.8846435546875,587.2264882691159,582.4055428293386,586.6287817012992,43006100
2024-11-13,585.1688232421875,587.1677373847895,582.9837313260188,585.3451927424278,47388600
2024-11-14,581.4061279296875,585.7763718199695,580.7202664359244,585.2962448517161,38904100
2024-11-15,573.9590454101562,578.3194803370213,572.1070761341368,577.8491019104924,75988800
2024-11-18,576.310791015625,577.6237838402152,573.5573576252949,574.4195885423085,37001700
2024-11-19,578.41748046875,579.142574989824,572.2737337790142,572.9400384688264,49412000
2024-11-20,578.6134643554688,578.8976052377521,572.8616299600318,578.495884693383,50032600
2024-11-21,581.7196044921875,583.1404284379229,575.6248397212988,581.4550801704302,46750300
2024-11-22,583.5226440429688,584.1497754660484,581.2101642027249,581.7098478799927,38226400
2024-11-25,585.501953125,588.7648782973704,583.2188384863542,587.4518855330788,42441400
2024-11-26,588.5592041015625,589.2255088244219,586.0311216188419,586.746407902425,45621300
2024-11-27,586.7757568359375,588.7550542016285,585.256969810655,588.3729502321648,34000200
2024-11-29,590.4208984375,591.2047827973582,587.3147260107087,587.5890586237147,30177400
2024-12-02,591.4791870117188,592.1552999944694,590.3425038316959,590.8324390421951,31746000
2024-12-03,591.7534790039062,591.9984465923378,590.2151351783115,591.2439870884159,26906600
2024-12-04,595.427978515625,595.6729460981672,592.7725681970518,593.438872844782,42787600
2024-12-05,594.4481201171875,596.2314913306755,594.0953811448159,595.4279904670244,28762200
2024-12-06,595.5750122070312,596.8096584526629,594.800936138575,595.212464951605,31241500
2024-12-09,592.5079956054688,595.6239761392873,591.9200973185369,595.4574149257465,34742700
2024-12-10,590.665771484375,593.605382218179,590.0092751663215,593.1840451897845,37234500
2024-12-11,595.2320556640625,596.1825011825678,593.3114882757061,593.5858806768452,28677700
2024-12-12,592.1651000976562,594.9380902901107,592.1651000976562,594.3698085144841,31543800
2024-12-13,592.047607421875,594.908812686274,590.6757647272243,594.1935263218123,35904700
2024-12-16,594.5755004882812,595.54562235978,593.0273484159295,593.8014244521054,43695200
2024-12-17,592.1258544921875,592.9881452170704,590.7540718346318,592.0278913761272,55773500
2024-12-18,574.4784545898438,594.2031909866316,574.0962907751041,591.822113059209,108248700
2024-12-19,574.3020629882812,581.0631932062172,574.0570953688857,579.456191269411,85919500
2024-12-20,581.199951171875,585.7225012446567,571.132257605004,571.9778279294948,125716700
2024-12-23,584.6802978515625,585.2800160502417,577.7685966184363,580.9442707021165,57635800
2024-12-24,591.1790161132812,591.2183812455869,585.4471288073329,586.0272244384283,33160100
2024-12-26,591.2184448242188,592.3392110668057,588.0133066034633,589.4093887705021,41219100
2024-12-27,584.9949951171875,587.7183905820746,580.8165297326684,587.4823797773107,64969300
2024-12-30,578.3192138671875,581.7799853973963,574.5733451400716,577.9948115421023,56578800
2024-12-31,576.21533203125,580.698577374324,574.5832389413312,579.9808236627084,57052700
2025-01-02,574.7994995117188,581.180251846637,570.7291685588775,579.4695486945864,50204000
2025-01-03,581.9865112304688,582.6255346471705,576.5594027877501,577.64092396713,37888500
2025-01-06,585.3389892578125,589.6059655334043,583.6086036715416,586.2337058999022,47679400
2025-01-07,578.7222900390625,587.6887790314382,576.903452910936,587.3643167301589,60393100
2025-01-08,579.5678100585938,580.6394897953063,575.3500401020275,578.7911287868388,47304700
2025-01-10,570.7192993164062,576.0874192959229,568.8119506064235,576.0185903209236,73105000
2025-01-13,571.604248046875,571.9581742427216,565.6658729466735,566.0788468496604,47910100
2025-01-14,572.3907470703125,575.1534475548353,568.6153544470202,574.5242054496483,48420600
2025-01-15,582.802490234375,583.9429389739179,579.2827311805529,580.3937160773642,56900200
2025-01-16,581.6817016601562,584.34604932179,580.9836305712422,584.1690862304802,43319700
2025-01-17,587.521728515625,589.2717368825727,585.5848557638515,586.9121689712896,58070600
2025-01-21,592.8995971679688,592.9094384516549,588.5933154613438,590.5596519481012,42532900
2025-01-22,596.2326049804688,597.5893820777127,595.1707663809229,595.7213382459036,48196000
2025-01-23,599.48681640625,599.48681640625,595.3280340779654,595.6032899728609,41152100
2025-01-24,597.73681640625,600.4995770008244,596.5865262707722,599.54587252364,34604700
2025-01-27,589.2815551757812,589.5961762199101,584.6311885086425,584.798310310645,70361100
2025-01-28,594.3449096679688,595.1805787054238,587.1972570477369,590.5105293609671,44433300
2025-01-29,591.6805419921875,593.9614997638901,589.1341095636221,593.5583671362218,37177400
2025-01-30,594.8560791015625,596.389819126707,590.6087851839717,593.7943006280343,39281300
2025-01-31,591.6903686523438,599.6933732210748,590.9333098394596,597.2747575383468,66566900
2025-02-03,587.7085571289062,590.1861005375324,580.5510628181718,582.6943625959686,65857200
2025-02-04,591.6510620117188,592.1622687341741,587.2268045597665,587.767535135661,33457800
2025-02-05,594.0499267578125,594.1974260072697,588.5049031019603,590.5302274178379,30653100
2025-02-06,596.1146850585938,596.2425017541303,592.4867911796968,595.7902226770135,35771500
2025-02-07,590.6580810546875,597.8941858585465,589.9501686239648,596.6750666805723,50788500
2025-02-10,594.6693725585938,595.30845601079,592.5949016719809,593.863227291288,26048700
2025-02-11,595.12158203125,595.662312577201,592.2900526181724,592.4080280097315,30056700
2025-02-12,593.2044067382812,594.3743794070193,588.4360645213627,589.1144530437037,45076100
2025-02-13,599.4671630859375,599.6736500230521,593.0471055616473,594.3055297285264,40921300
2025-02-14,599.4378051757812,600.7060708506282,598.8184042628043,599.6737559982794,26910400
2025-02-18,601.1976318359375,601.1976318359375,598.1399925315113,600.5979135172886,26749000
2025-02-19,602.6133422851562,602.908280775238,599.3000698962699,599.8113366176324,31011100
2025-02-20,600.1063232421875,601.3844301402796,596.8028918726411,601.2467721645895,36554000
2025-02-21,589.8419799804688,600.0275889538111,589.3798596850504,599.8899309928074,76519800
2025-02-24,587.157958984375,592.8800056614799,586.4500466079941,591.8869960824046,50737200
2025-02-25,584.2379150390625,587.8265033006376,579.6366946428752,587.098968367302,58266500
2025-02-26,584.5328979492188,589.4881049123491,581.8980139327481,585.8995163780398,43321600
2025-02-27,575.2025146484375,587.9542367689231,574.8092833927938,586.8038868268065,74196700
2025-02-28,584.178955078125,584.7098443771037,572.6365684069419,575.7040488167072,88744100
2025-03-03,573.9441528320312,587.2857532860544,570.1392964764723,586.1452445030724,74249200
2025-03-04,567.1505126953125,575.5369680083471,562.6181207422406,569.9525786591505,109648200
2025-03-05,573.2461547851562,575.0355284425119,563.4341535288585,566.9833769883293,71230500
2025-03-06,563.0703125,570.4047092717689,560.5238803180225,565.7936477589768,80094900
2025-03-07,566.226318359375,567.6716070865215,556.1095373006934,561.2908538818324,81158800
2025-03-10,551.1444702148438,559.9536192631458,546.2384702857362,558.0364891964213,99326600
2025-03-11,546.56298828125,554.5266887361913,542.7286673284324,549.9844552948313,88102100
2025-03-12,549.4631958007812,553.6318192815521,544.3703918307585,552.7076387923001,69588200
2025-03-13,542.1386108398438,549.6991769603108,540.4279077137791,549.0896174558009,74079400
2025-03-14,553.3369750976562,554.3398260143258,542.2075022062043,546.7497351697265,62660300
2025-03-17,557.6039428710938,560.1208513978755,552.8846868765244,553.3172833424321,49008700
2025-03-18,551.5770874023438,555.5097605205915,549.6500559715837,555.2934322950165,66041400
2025-03-19,557.5842895507812,561.3399999727566,552.1768634471969,553.3566775077279,66556000
2025-03-20,555.9718627929688,560.966374832501,553.1304918485869,553.848245552193,62958200
2025-03-21,556.1552734375,557.0526817242638,550.2878724028328,551.5205297947124,83763000
2025-03-24,566.1151123046875,567.1702741261835,562.2889394113844,562.8805908120635,58766800
2025-03-25,567.4760131835938,568.4127846067184,565.73055113845,567.3181993393742,38355700
2025-03-26,560.7013549804688,568.3339598573967,559.3207546377017,567.2097618801449,51848300
2025-03-27,559.2122192382812,562.9792269072261,557.1018956425098,559.3108077400744,42164200
2025-03-28,547.95068359375,558.4135249923543,547.3689030262066,557.6838014665011,71662700
2025-03-31,551.6289672851562,552.93066066187,539.2826520783074,542.201606334121,95328200
2025-04-01,553.1870727539062,555.1297722698289,545.998235889195,549.7159501655996,54609600
2025-04-02,556.6878051757812,559.5475341360295,547.1125011420022,547.3491617248258,76014500
2025-04-03,529.2538452148438,540.3674444952709,529.2538452148438,537.5471385326381,125986000
2025-04-04,498.2696838378906,518.5740121118964,498.05273494035157,516.404523136506,217965100
2025-04-07,497.38214111328125,515.9114234247066,475.1154034595348,482.402887644306,256611400
2025-04-08,489.591796875,517.6963548854247,482.3733480760591,514.6196468974629,165816600
2025-04-09,541.0084228515625,541.0084228515625,486.20939567811143,486.59399925019795,241867300
2025-04-10,517.3019409179688,526.0981670837639,502.25365007002944,524.7866027854379,162331200
2025-04-11,526.5321044921875,528.9875485351057,512.8545420601603,515.7537548286505,97866300
2025-04-14,531.6401977539062,536.7286411738348,526.453165817952,536.5017912856171,68034000
2025-04-15,530.1510620117188,535.6930840370895,529.3621734315309,532.1824786951643,56892900
2025-04-16,518.3668823242188,530.4272422697393,513.0713913810127,524.3033791384568,83484800
2025-04-17,519.1065063476562,523.800475242003,516.6411916080497,520.3194821276195,79868100
2025-04-21,506.7503356933594,514.4618467446136,501.40552056556845,513.9293002870572,69368100
2025-04-22,519.9349365234375,521.956482797522,511.9867633247528,512.9235950678715,75948100
2025-04-23,527.991455078125,537.8625838932508,526.4728430251603,532.9319549297188,90590700
2025-04-24,539.1051635742188,539.8348871004667,528.0211182344198,529.2734571828396,64150400
2025-04-25,543.0003662109375,543.4046513367819,536.1467793425768,539.0657336001437,61119600
2025-04-28,543.2074584960938,545.8700106135369,537.4583875113086,543.7400050325934,47613800
2025-04-29,546.6292724609375,547.7435994540236,540.9393072120234,541.294298062473,47775100
2025-04-30,546.84619140625,548.7987614609631,534.0068741379372,539.9729233205555,93101500
2025-05-01,550.7217407226562,556.2440822591161,550.1202183270924,552.5954041380958,63186100
2025-05-02,558.896728515625,560.4942476694231,554.5774922291787,556.8948640346016,60717300
2025-05-05,555.6918334960938,558.788283367358,553.9069479669498,554.7648727126054,38659200
2025-05-06,551.047119140625,555.533979770925,549.2326812616892,550.1891944565425,48264700
2025-05-07,553.3645629882812,555.9975022415719,548.3254139860352,552.3784371058738,55588000
2025-05-08,557.2202758789062,562.3974366423718,553.9069074354913,557.3977713110521,65130800
2025-05-09,556.5103149414062,559.6264462916283,554.9522191721212,558.6205786168767,37603400
2025-05-12,574.9015502929688,574.9114211824733,569.0340889310521,573.4026196086874,78993600
2025-05-13,578.6980590820312,580.9069711222367,574.7535560992819,575.3155948085854,67947200
2025-05-14,579.4376831054688,580.8083522191259,577.4160770724685,579.6546018902411,66283500
2025-05-15,582.2678833007812,582.770756919371,576.9822030720642,577.4358426248243,71268100
2025-05-16,585.9559936523438,586.2518193704545,581.1042713102905,583.0469103495059,76052100
2025-05-19,586.5970458984375,587.2774752678645,579.9406951842692,579.9406951842692,68168500
2025-05-20,584.6246948242188,585.8080578995526,581.419785763877,584.8614155899625,60614500
2025-05-21,574.7733154296875,584.3584902721909,573.7477661832594,580.2759146876367,95197700
2025-05-22,575.0001831054688,578.4811762683786,573.3434386116112,574.5760959985981,70860400
2025-05-23,571.0753784179688,573.7379304924723,567.6140667399493,567.9887994120531,76029000
2025-05-27,582.9483032226562,583.1060568711622,570.4047514802384,577.9387671986972,72588500
2025-05-28,579.5757446289062,584.545857588394,578.8460211072919,583.3526236048898,68445500
2025-05-29,581.8635864257812,584.9699071457442,577.9388245287198,584.8318350718904,69973300
2025-05-30,581.2128295898438,582.928679235147,575.1481304892388,580.7591899526665,90601200
2025-06-02,584.4867553710938,584.5656021144322,576.9428674958667,579.605419698203,61630500
2025-06-03,587.8197631835938,588.7960181097066,583.6385391723649,584.121791379625,63606200
2025-06-04,587.6620483398438,589.6540420807372,587.2281505008873,588.6777869901737,57314200
2025-06-05,584.8218994140625,590.6893600195378,582.8496477946317,589.3383724752952,92278700
2025-06-06,590.8274536132812,592.4940086999786,588.5790577947733,590.3540722792903,66588700
2025-06-09,591.3599853515625,592.9082102708385,590.1864930975049,591.3994087206146,53016400
2025-06-10,594.712890625,595.0974340255312,590.7782574774766,591.8925244948556,66247000
2025-06-11,593.0166625976562,596.6653405011278,590.9556931519085,595.8074157747775,73658200
2025-06-12,595.3734130859375,595.3734130859375,591.2021204830944,591.6853124635808,64129000
2025-06-13,588.7171630859375,593.499849631983,587.218232455665,590.1963519379123,89506000
2025-06-16,594.318359375,596.0638215052488,591.8924679557008,592.0700235861916,79984100
2025-06-17,589.2398681640625,593.401290785268,588.480531921813,591.8826784891205,82209400
2025-06-18,589.1510009765625,592.8785252065284,588.1944276516227,590.1371267775953,76605000
2025-06-20,587.767333984375,592.8905592906415,586.3628522539952,591.822378072595,94051400
2025-06-23,593.5730590820312,593.9587392448562,585.4035696790836,588.5190130228361,87426000
2025-06-24,600.13037109375,601.1885919192599,596.7972471416377,597.7072083922786,67735300
2025-06-25,600.4666748046875,601.940336500435,598.903972841808,601.247995602986,62114800
2025-06-26,605.1646118164062,605.5997923429508,601.7029677445283,602.3161684365299,78548400
2025-06-27,608.1712646484375,609.6350865938839,604.1360202356653,606.1635425121184,86258400
2025-06-30,611.0790405273438,612.4340220516922,608.2998373553096,610.6142201701539,92502500
2025-07-01,610.8812866210938,612.0483479268365,608.7746241554748,609.6053849111585,70030100
2025-07-02,613.6505737304688,613.6901136433279,609.8526292762224,610.4757300098587,66510400
2025-07-03,618.4869995117188,619.4167005776212,615.6088560521965,615.628656191773,51065800
2025-07-07,613.8780517578125,617.1913758193931,611.0988485499288,616.5286747873084,74814500
2025-07-08,613.5418090820312,615.2923708557059,612.7307881009865,614.5406899285775,59024600
2025-07-09,617.2210083007812,617.8737488887257,614.1055045789822,615.945166968477,66113300
2025-07-10,618.9617919921875,620.000273214104,616.1825885407072,617.3595500232223,57529000
2025-07-11,616.7858276367188,618.0122289852302,614.7187654701638,615.9154666088177,63670200
2025-07-14,617.9627075195312,618.3088477245484,614.985684437804,616.3307657158283,51898500
2025-07-15,615.322021484375,620.9793073894895,615.2428812967698,620.6430672331502,74317300
2025-07-16,617.3792114257812,617.8836320494379,611.276844692317,616.9044910111767,88987500
2025-07-17,621.1573486328125,621.5134493059918,617.3396644874989,617.557284919235,68885700
2025-07-18,620.7024536132812,622.5716954836944,619.5947323692288,622.4035753929759,65621600
2025-07-21,621.87939453125,624.6189973413707,621.4541141003111,621.87939453125,63375000
2025-07-22,621.9684448242188,622.828905853138,619.3277216791315,622.2058050575365,60046300
2025-07-23,627.2598266601562,627.2598266601562,622.8288811376781,624.6289433239532,70511000
2025-07-24,627.4674682617188,629.1785504969665,627.0421878119985,627.6454884244192,71307100
2025-07-25,630.1181030273438,630.5928838363332,627.8829206987424,628.1301809903662,56865400
2025-07-28,629.9598999023438,631.0478210681617,628.5752180855901,630.4939604147171,54917100
2025-07-29,628.2982788085938,631.6708825055948,627.3883778702398,631.3543820995848,60556300
2025-07-30,627.5070190429688,630.6917023127537,624.6189756546709,628.9509803708415,80418900
2025-07-31,625.1531982421875,632.8380075585872,623.857556644127,632.4523273568442,103385200
2025-08-01,614.9065551757812,619.475980234049,612.5031927364548,619.436379958757,140103600
2025-08-04,624.2530517578125,624.3024917393647,618.7243458354196,618.813325728958,73218000
2025-08-05,621.0880737304688,625.6772386500149,620.168272806011,624.8662177521945,68051400
2025-08-06,625.8455200195312,626.4982606508958,621.2464542892866,622.1563552914652,64357500
2025-08-07,625.3212280273438,629.9993730574174,622.2156245224251,629.2674923107387,74205800
2025-08-08,630.1972045898438,630.6620853000642,626.7949007710238,627.1114011688534,64051600
2025-08-11,628.9510498046875,631.947873553624,627.70484826023,630.4742118551501,58742300
2025-08-12,635.6469116210938,635.8051316570012,629.8115442075018,631.2951060550639,64730800
2025-08-13,637.8228149414062,639.1085564704525,635.6370120856271,637.8425547169825,60092800
2025-08-14,637.882080078125,638.5447207235369,635.300697252298,635.7457174616427,59327500
2025-08-15,636.388671875,639.0096552004113,635.4787708739423,638.9107148606824,68592500
2025-08-18,636.2501220703125,636.942462907598,635.1424008771667,635.814941575414,43804900
2025-08-19,632.79833984375,637.0512042052354,631.4828983695179,636.0720632428176,69750700
2025-08-20,631.1170043945312,632.6500060324975,626.013578858981,632.3929060531275,88890300
2025-08-21,628.5850830078125,630.9785456585483,626.864161086776,629.3071240874224,54805800
2025-08-22,638.2381591796875,639.4151205943501,630.2664897119097,630.7709103705197,84083200
2025-08-25,635.42919921875,638.2183023325629,635.3105191174199,636.9820009718095,51274300
2025-08-26,638.0897827148438,638.4359833484747,634.5391586749303,635.1622594491828,51581600
2025-08-27,639.543701171875,640.2755819843173,637.3578984386413,637.5062787617181,48341100
2025-08-28,641.8085327148438,642.3623933153343,638.267809046051,640.146950913372,61519500
2025-08-29,637.9810180664062,640.7404816664739,636.0919759234915,640.374480883152,74522200
2025-09-02,633.2533569335938,633.4709169972102,627.9619508913343,630.5136938017484,81983500
2025-09-03,636.6853637695312,637.1502445176759,633.4413400681225,635.6270824559713,70820900
2025-09-04,642.00634765625,642.0360478647699,636.4578416280056,637.3578424589464,65219200
2025-09-05,640.14697265625,645.0625384730564,636.2798483910566,644.3404973975818,85178900
2025-09-08,641.7195434570312,642.718484610511,640.1370415028089,641.5118230975241,63133100
2025-09-09,643.203125,643.7272854003053,640.1271612550325,641.8579832056892,66133900
2025-09-10,645.0625610351562,647.3768835600082,643.4998590892842,646.4570825189741,78034500
2025-09-11,650.4231567382812,651.1154976382888,646.4274520986086,647.0109525903231,69934400
2025-09-12,650.2055053710938,651.8868873722256,649.7011451004063,650.3934256012134,72780100
2025-09-15,653.6671752929688,653.795755474802,652.1144337731963,652.4111340519337,63772400
2025-09-16,652.7671508789062,654.5276730798186,651.9858301119879,654.2210123755038,61169000
2025-09-17,651.9561157226562,654.4682584259048,647.1295902463727,652.7770367516476,101952200
2025-09-18,655.0023803710938,657.603563340362,653.0341982051615,654.6364399867887,90459200
2025-09-19,658.2465209960938,659.0895125014193,654.9438659954435,656.8877828567474,97945600
2025-09-22,661.3606567382812,661.8069106980723,656.7289861632065,656.7587687117981,69452200
2025-09-23,657.7606201171875,661.8566899635472,656.540685502851,661.2417286303936,81708900
2025-09-24,655.6677856445312,659.1489540239103,654.2495430702726,659.0497999269948,68082200
2025-09-25,652.6429443359375,653.9917550046746,649.0328388399253,652.5338627083877,89622100
2025-09-26,656.3819580078125,656.9274266555326,652.4743298182361,654.0909412604747,69179200
2025-09-29,658.2266845703125,659.8135740530697,656.4216318338509,658.9010899003678,73499000
2025-09-30,660.7061157226562,661.1722852976668,656.173659297658,657.4828203674869,86288000
2025-10-01,662.95751953125,663.8699431635192,657.611793334362,657.7208749627936,72545400
2025-10-02,663.7210693359375,665.0600128657511,661.3011766397112,664.9410037342527,56896000
2025-10-03,663.7112426757812,667.1527012490268,662.6698219114437,664.4848020775174,70494400
2025-10-06,666.0914916992188,666.9841207809839,663.9591941673339,666.1014192164715,54623300
2025-10-07,663.6219482421875,667.4601442579947,662.1838505424819,667.0138297258598,72020100
2025-10-08,667.5791625976562,667.6783772359653,663.919480237528,664.7426772273783,60702200
2025-10-09,665.6452026367188,668.4023890582872,663.7112737749407,667.9957845708525,66501900
2025-10-10,647.6542358398438,668.4122493878771,647.4757221413303,666.6071968358344,159422600
2025-10-13,657.5919189453125,659.664772492732,654.3488290056752,655.2216030747315,79560500
2025-10-14,656.78857421875,660.3590300864076,647.8030207789583,651.7701536094826,88779600
2025-10-15,659.7044067382812,664.7228272522149,653.5156893256119,661.3408732132422,81702600
2025-10-16,655.2117309570312,663.2154294168515,651.710706867285,661.3409444600238,110563300
2025-10-17,658.9308471679688,660.2895852935891,652.7322022395391,654.0810128478913,96500900
2025-10-20,665.7840576171875,666.6866142382812,661.7872027532737,661.8367798071084,60493400
2025-10-21,665.7741088867188,667.4601523988813,664.4748753427003,665.9229005771253,56249000
2025-10-22,662.3128051757812,666.4783066993808,657.8497808005621,666.4783066993808,80564000
2025-10-23,666.2402954101562,667.1825015615415,662.3128121266341,662.6301900162397,65604500
2025-10-24,671.6851806640625,672.8951271271609,670.0983517375236,670.9016937183009,74356500
2025-10-27,679.6094970703125,679.9070199177999,676.5151383891614,677.1201116013259,63339800
2025-10-28,681.41455078125,683.2493254549719,679.2028936555786,681.4046232640447,61738100
2025-10-29,681.7418823242188,684.0328991417463,677.2590027977353,683.0609104229828,85657100
2025-10-30,674.2439575195312,680.303738053287,674.2439575195312,678.2805222142791,76335800
2025-10-31,676.4556274414062,679.4508319897004,673.6587916341136,679.4111219213156,87164100
2025-11-03,677.7251586914062,680.1649066224819,674.3530715971103,680.0359699637585,57315000
2025-11-04,669.6917114257812,674.3729598389511,669.0371611161902,670.5545580097922,78427000
2025-11-05,672.0125122070312,675.2655297930335,668.630497422053,669.433839434071,74402400
2025-11-06,664.8021850585938,671.8140994484131,663.2252231578799,670.9115428502156,85035300
2025-11-07,665.4567260742188,665.5658682287408,655.7769731606511,662.4218719882706,100592400
2025-11-10,675.8407592773438,676.57466917413,669.4834554774103,671.6752576501947,75842900
2025-11-11,677.3878784179688,677.9532020666294,673.1529450781785,674.3629519753922,58953400
2025-11-12,677.7647705078125,679.3318048264125,675.3547447293747,679.1631581075335,62312500
2025-11-13,666.5179443359375,675.2654792192372,665.010475070097,674.9084518036677,103457800
2025-11-14,666.408935546875,670.1082678298286,657.8201189320223,659.9127671356764,96846700
2025-11-17,660.2002563476562,668.1742314199619,656.7290154076413,664.1971714004484,90456100
2025-11-18,654.65625,659.6548153709225,650.4708935566339,656.6596108350068,114467500
2025-11-19,657.185302734375,661.856623370592,653.3371790986623,655.3505280387882,94703000
2025-11-20,647.1683349609375,670.0090710879778,646.5335791707308,667.3808213360044,165293500
2025-11-21,653.6148681640625,659.0894699034471,645.5020288545189,649.6675301260088,123956200
2025-11-24,663.2351684570312,664.5542570793402,656.1538823239337,657.2448196444445,80437900
2025-11-25,669.4734497070312,670.6536740212097,659.020017057554,663.135941149376,81077100
2025-11-26,674.09521484375,676.0986363282427,671.1595147067713,672.0620713400136,71879600
2025-11-28,677.7747192382812,678.0523870500939,674.9084513312986,675.2654787466182,49212000
2025-12-01,674.6803588867188,677.3779800628074,673.1629015749381,673.2323336611282,61201200
2025-12-02,675.9300537109375,678.2012155152329,673.7481184984898,676.316803165018,62953800
2025-12-03,678.2706298828125,679.2822075879724,674.105128319461,674.9779023816353,57238500
2025-12-04,678.7665405273438,679.7384687237238,675.7416137771377,679.6690366334618,61970300
2025-12-05,680.0557861328125,682.7336127271673,678.9549213715281,679.8375623637357,79241000
2025-12-08,678.0127563476562,680.9980334759979,675.9696853695019,680.9484564225444,55231500
2025-12-09,677.4275512695312,679.7582780276033,676.9812972721672,677.5366934232544,58310100
2025-12-10,681.92041015625,683.3088703732143,675.711837383319,676.9515664343469,85671300
2025-12-11,683.5072021484375,683.5865617528303,676.5647198382891,679.51034738166,86173700
2025-12-12,676.1580810546875,683.2195721462687,673.5893360954813,682.5153843270051,113160300
2025-12-15,675.1365356445312,680.1252340287925,673.6687159286942,680.1053789946951,90811000
2025-12-16,673.2918701171875,675.4837328267965,669.4338188610296,673.6488975485244,122030600
2025-12-17,665.8832397460938,674.8489377460819,665.6848710067972,674.3034691132465,110625200
2025-12-18,670.9114990234375,675.1464323222394,669.3544527925658,672.0322187932205,108650100
2025-12-19,676.9923095703125,677.4896664833268,672.8940327515619,673.0134542661981,103599500
2025-12-22,681.2098388671875,681.7370055876305,676.9922622536055,680.3245290528953,69556700
2025-12-23,684.3233032226562,684.562024812114,680.2548972126992,680.3046207584179,64840000
2025-12-24,686.7305297851562,687.1781631452748,684.164151137988,684.313382495532,39445600
2025-12-26,686.660888671875,688.0037280321676,685.6264081645946,686.989161229118,41613300
2025-12-29,684.2138671875,685.5567672531378,682.4433081832867,683.9055083361335,62559500
2025-12-30,683.3782958984375,684.9200900521846,682.9505762759469,683.8159723723246,47160700
2025-12-31,678.3152465820312,683.726492314561,678.1063955310838,683.5076844111845,74144800
2026-01-02,679.55859375,683.2390468658663,676.2263268834449,682.0852055985325,89377200
2026-01-05,684.0845947265625,685.7855773037328,682.7517121374489,682.910839643419,71927200
2026-01-06,688.1529541015625,688.6602678554459,684.1442890432024,684.2934596862484,69273800
2026-01-07,685.9347534179688,690.2916046822218,685.6761181181482,688.5309418430683,75588300
2026-01-08,685.8651123046875,686.9692300361542,683.8557710289468,685.1787573638412,64019200
2026-01-09,690.4010009765625,691.6344363504869,685.5368360184962,686.9791831428475,80125500
2026-01-12,691.4852294921875,692.410366767912,686.979207477028,687.0289310253164,63976000
2026-01-13,690.1026000976562,692.4103433578374,687.6953490317495,691.813478661017,78309700
2026-01-14,686.7105712890625,688.0633674208381,682.4134005947378,687.347202661372,94676700
2026-01-15,688.5806884765625,691.7737417111902,687.5959315038539,690.8983886882239,77862000
2026-01-16,688.0037231445312,690.5800586110835,686.4519720383781,689.9931507530615,79289200
2026-01-20,673.9981689453125,681.1501633341576,672.9934983300664,677.8874730475171,111623300
2026-01-21,681.77685546875,685.0991655259935,674.5452667925615,676.0572511802958,127844500
2026-01-22,685.3379516601562,687.476610793547,683.2888434897402,686.2033478813381,77112200
2026-01-23,685.5865478515625,687.3074439470811,683.5274830754288,684.5123006998919,63059600
2026-01-26,689.068115234375,690.4607389282814,686.2729717064406,686.8399658941375,60473800
2026-01-27,691.8134765625,692.8480177488461,689.9036431059924,690.5104039402848,55506100
2026-01-28,691.7438354492188,694.1510864943795,690.271678492269,693.3652237572153,61172200
2026-01-29,690.3711547851562,693.375209936545,681.2098793986574,692.7087686795362,97486200
2026-01-30,688.3121337890625,690.540343876794,683.4877957603626,688.1330925763239,101835100
2026-02-02,691.73388671875,693.2458711004026,685.7755608588325,685.9347490634862,79286500
2026-02-03,685.885009765625,693.2757257351432,680.4140840721383,692.529690413304,107904600
2026-02-04,682.5626831054688,687.7948875474046,678.1561081391175,686.7006659106327,105204600
2026-02-05,674.0379638671875,680.0758839506523,672.2176206040476,677.3404209861714,113610800
2026-02-06,686.96923828125,688.6503070282812,677.2508650473027,677.8576866055596,89127600
2026-02-09,690.2816162109375,692.1914496038428,684.7012866666231,685.7755337993461,73885200
2026-02-10,688.4613037109375,692.8579216647231,688.0037135108784,691.276360737094,65185700
2026-02-11,688.3021850585938,693.4547952732178,685.5368515439336,692.7087599208829,76353900
2026-02-12,677.668701171875,691.6742279947084,676.7734344520502,690.5701102294341,118829000
2026-02-13,678.1461181640625,682.6522007204912,673.9384983110481,678.0864377658819,96267500
2026-02-17,679.2402954101562,681.31927396984,672.2077222570326,676.5446598627462,81354700
2026-02-18,682.662109375,685.507036973797,679.2204384959671,680.4041503420104,73570300
2026-02-19,680.8616943359375,682.5527199680946,677.9471901363287,680.2251236342836,58649400
2026-02-20,685.7855834960938,686.4122580979458,678.126274472082,678.7131823752115,100034000
2026-02-23,678.7827758789062,686.3525334522094,676.7734345413753,684.1940214696967,90558100
2026-02-24,683.7164916992188,684.7112054782021,676.4053697086953,678.295350173768,73798700
2026-02-25,689.4859008789062,690.0130676270821,686.4519751919497,686.53156929616,56369500
2026-02-26,685.6561889648438,689.6350440416309,680.7323436648176,689.615191050754,71671000
2026-02-27,682.3637084960938,683.2291046432514,678.0367277603054,679.4790749097389,83308900
2026-03-02,682.7516479492188,684.9797970984218,674.4358553343317,675.1122534180175,87477200
2026-03-03,676.7337036132812,679.0016196644848,666.1200629162043,671.4915420947397,105003100
2026-03-04,681.50830078125,683.4579617719511,676.027417786932,678.026802327329,79182200
2026-03-05,677.7084350585938,681.9061587313661,672.0385544367263,678.4743840881955,106606500
2026-03-06,668.8256225585938,672.5358853430707,666.2194774432897,669.8501461298736,100687000
2026-03-09,674.6845092773438,676.3257505242918,658.888450195908,662.8673051642795,102667700
2026-03-10,673.6002807617188,679.7476047325034,671.1930903760745,674.1374043547928,81505300
2026-03-11,672.7548217773438,676.4849986405864,669.7806371390539,673.9982140650914,68441700
2026-03-12,662.5390625,668.0995392824933,662.3500644519811,667.6120785283837,108882200
2026-03-13,658.7890014648438,668.7859240392634,657.863924887251,665.7321452917186,97200200
2026-03-16,665.493408203125,668.5173163233716,663.5934708305671,664.8468199428278,82023100
2026-03-17,667.2440185546875,670.8747480492216,666.1598145596139,668.8355969918504,87128000
2026-03-18,657.9335327148438,666.1796881508768,657.6948111200146,664.8268919718373,82062600
2026-03-19,656.3121337890625,659.4753162945015,651.7066041735543,653.497076818377,111272500
2026-03-20,646.9034423828125,655.0025723674255,643.063298812559,654.8230422006715,163617500
2026-03-23,653.6959228515625,660.9173090129275,652.2596206790361,656.3790129905765,134802700
2026-03-24,651.5015869140625,655.3417305137531,648.2100787416998,649.6463809650626,96457500
2026-03-25,655.1322021484375,659.1917509309695,652.5588148295345,656.9774239230809,90653800
2026-03-26,643.432373046875,653.1672421520028,643.1630473705688,650.3844333840033,96494400
2026-03-27,632.4606323242188,641.0085567819559,631.4831091918358,640.8489947137006,103649400
2026-03-30,630.3460693359375,638.7245091624994,627.6630399662237,638.4651675144013,99275900
2026-03-31,648.6688842773438,649.865752001465,636.3405988140365,637.2981538716512,152534100
2026-04-01,653.5562744140625,656.8278752918841,651.3220400966815,652.219751792706,97841500
2026-04-02,654.144775390625,656.5086804928782,643.4522901873171,644.7589215344626,68358700
2026-04-06,657.23681640625,658.0247645183308,653.8356054757206,654.1746977251443,39105800
2026-04-07,657.5260009765625,657.9150134208243,649.386996170508,654.9626585699763,69980400
2026-04-08,674.27294921875,675.3402070755335,669.734652974974,674.6519776493207,93606100
2026-04-09,678.162841796875,679.4096297331154,672.0386657215836,673.1059235004034,57134400
2026-04-10,677.7140502929688,680.2774536083281,676.7066358948267,679.5692561407437,42253500
2026-04-13,684.3369750976562,684.536473353906,674.8414790590384,675.669302461078,54185800
2026-04-14,692.675537109375,692.7952238870419,685.8929616905456,685.9229138241225,63480500
2026-04-15,698.1414184570312,698.480571570673,692.4161778504387,693.4734516118131,58240400
2026-04-16,699.8569946289062,700.9741726960574,696.7350934539525,699.2585607342904,49972400
2026-04-17,708.3152465820312,710.5594650064761,703.9464965121796,704.3255249385737,70661900
2026-04-20,706.8988037109375,708.0857482546458,704.3254772575062,706.9587079747221,43546800
2026-04-21,702.2708129882812,709.4523240430285,700.8345107773317,708.4548936431559,58941400
2026-04-22,709.3825073242188,709.6218808832724,706.4001392457644,707.3278031045794,42518500
2026-04-23,706.6295776367188,710.5295037064266,700.4754491270062,707.6768673789517,56174000
2026-04-24,712.10546875,712.6340752101273,707.1881441382454,708.9236633096505,45182000
2026-04-27,713.332275390625,713.7911152864904,710.4696550399041,711.3374146094498,33135900
2026-04-28,709.8612060546875,711.0481506026886,707.4274735730012,709.9908768700561,43117400
2026-04-29,709.7515258789062,710.3699278433978,706.5497524472755,709.1729992133655,41859200
2026-04-30,716.8132934570312,717.9403946619685,708.6244289610544,712.7936806635566,67240900
2026-05-01,718.7982177734375,723.0073446973263,718.6186267345964,719.3966516418469,43049800
2026-05-04,716.1649780273438,720.2644021704073,713.152718877996,718.2196821209096,51950600
2026-05-05,721.9102172851562,723.1769124909786,719.6360467603954,719.9153564929043,36933200
2026-05-06,731.9443359375,732.7023927493656,725.9497697512824,726.288861980811,53288900
2026-05-07,729.7001342773438,734.238430329629,727.8748196364371,733.161188473549,51724600
2026-05-08,735.724609375,736.1834492768152,732.6824588199246,733.0415191543954,47227100
2026-05-11,737.4002685546875,738.8864300819614,734.5576163199453,734.5576163199453,44024000
2026-05-12,736.2831420898438,736.9414802248905,729.9494836014034,734.9964788307154,54185300
2026-05-13,740.4025268554688,741.9983910774667,733.5800764180441,736.5723674930287,44200200
2026-05-14,746.2474975585938,747.6040491923611,741.649357949993,741.7391534739264,45307600
2026-05-15,737.2706298828125,741.5496453663399,736.0637780312098,739.8838927249178,60410800
2026-05-18,736.751953125,739.5147938000424,731.5054597381557,737.9289136337939,47843900
2026-05-19,731.8446044921875,735.7545755811656,729.650306265128,732.8919551385734,54255900
2026-05-20,739.3452758789062,739.9636778498481,732.0042028263388,733.8195334397973,45768000
2026-05-21,740.8114624023438,742.9559620700644,735.1361419849363,736.7419902854853,43332200
2026-05-22,743.7239990234375,747.015507083493,742.566945697205,744.3224328967863,41762000
2026-05-26,748.6613159179688,750.1973368284331,746.4469887578754,748.0827892360243,41123600
2026-05-27,748.5316162109375,749.4492351039673,746.2973210478585,748.9505199197505,42106300
2026-05-28,752.6609497070312,753.2095851254732,747.3047533704411,748.3221518516883,41562600
2026-05-29,754.5361328125,756.1320579864754,752.7507543048832,753.9576670103595,55075700
2026-06-01,756.5908203125,758.3264003155792,752.7507376917755,753.4189990020213,43634900
2026-06-02,757.6182250976562,758.4461093852723,754.805464031348,755.0847737682097,31581900
2026-06-03,752.3018798828125,756.8501599793441,751.6336185743088,756.2018667594974,51402500
2026-06-04,755.1445922851562,756.3614281257201,749.5389775481502,750.1673635570705,49923000
2026-06-05,735.65478515625,750.8855669656407,733.6400171295905,750.3768677170906,93989400
2026-06-08,737.3204345703125,743.4247643242134,736.2931129658897,741.4498108327123,49319100
2026-06-09,735.1560668945312,744.9807928982774,720.7332622187009,741.7191759970133,87683500
2026-06-10,723.56591796875,736.4826536495077,723.4661992814284,731.5054857614351,60341300
2026-06-11,735.8642578125,738.0984921563339,722.5485255148498,726.8873842592473,86330500
2026-06-12,739.843994140625,742.5270843334097,733.1412911200548,738.8066884479139,57079500
2026-06-15,752.890380859375,754.7356026867302,749.8282623277308,749.9179969688896,60176400
2026-06-16,748.4019775390625,753.4988323298886,747.9531216783239,752.6111046530555,67093100
2026-06-17,739.0560302734375,750.217278570044,737.3204502885575,749.3594421826946,85945200
2026-06-18,746.739990234375,748.22998046875,743.8599853515625,747.760009765625,80875700
2026-06-22,744.3900146484375,750.1799926757812,743.1300048828125,747.7000122070312,46628100
2026-06-23,733.5800170898438,739.6300048828125,732.2999877929688,733.8099975585938,66846800
2026-06-24,733.239990234375,739.9500122070312,730.8400268554688,735.1699829101562,57439500
2026-06-25,734.2999877929688,739.3699951171875,729.5999755859375,738.9099731445312,53934400
2026-06-26,728.989990234375,736.530029296875,716.5800170898438,728.9500122070312,71034000
2026-06-29,741.0,741.5599975585938,732.0900268554688,736.530029296875,58035200
